134.4,34.2,30.2,25.0,18.4,13.0,11.0,16.4,23.3,7.1,0.0,0.0,0.0,9.5,7.2,6.3,7.6,12.2,16.3,22.7,28.3,33.2,55.1,53.8,52.6,51.6,51.4,51.0,49.3,46.1,43.1,15.0,2.2,6.0,17.0,18.0,21.0,24.0,28.2,31.3,36.5,43.0,49.2,34.7,33.8,31.6,28.8,28.3,28.0,27.7,24.8,24.1
137.2,53.9,46.1,35.9,22.6,11.2,11.0,25.1,39.6,11.7,0.0,0.0,0.0,15.1,11.0,7.2,11.2,19.9,29.1,40.0,53.2,56.3,50.5,47.4,48.1,46.4,44.3,46.7,42.1,40.2,38.1,13.0,0.0,5.4,15.0,18.4,19.4,24.0,27.3,29.1,35.4,40.7,44.7,17.7,22.8,19.8,15.6,19.2,15.1,17.1,17.5,13.0
134.4,39.2,30.8,22.0,13.0,3.2,7.2,17.5,26.1,8.0,0.0,0.0,0.0,11.2,6.7,3.2,7.3,15.8,23.8,33.1,40.2,45.6,38.9,37.3,37.0,37.0,35.4,35.8,34.1,30.9,28.3,10.2,1.0,4.1,11.4,13.0,15.3,17.3,20.6,22.0,26.2,31.0,34.8,8.9,10.8,11.2,7.6,10.0,8.9,8.6,8.9,8.5
122.1,52.0,40.0,28.0,15.3,4.2,11.0,24.4,35.8,10.8,0.0,0.0,0.0,14.8,9.8,4.1,9.2,20.2,32.0,43.3,54.0,60.0,52.8,49.3,49.1,47.9,47.4,48.1,43.1,40.5,38.1,13.2,1.0,5.4,15.6,18.8,20.2,23.1,27.8,30.2,35.9,42.0,46.5,10.8,15.0,14.6,10.0,14.1,11.7,12.5,14.3,10.2
107.4,44.3,34.0,22.8,12.8,4.1,8.9,20.5,30.0,9.4,0.0,0.0,0.0,12.0,8.0,2.8,7.8,17.7,27.6,36.9,44.7,51.5,43.8,42.4,42.2,40.3,41.0,39.6,38.1,34.5,31.9,11.2,1.0,4.5,13.5,14.9,17.0,20.2,22.7,26.4,29.4,35.2,40.2,12.2,12.0,10.8,10.2,11.0,10.8,10.0,10.3,10.2
137.2,45.8,38.6,27.8,17.0,8.5,10.8,18.4,24.2,7.3,0.0,0.0,0.0,13.9,15.3,13.9,10.3,3.0,8.9,20.6,33.3,43.3,41.5,39.4,35.7,34.4,34.5,32.2,31.6,28.8,27.1,10.3,1.0,5.1,15.8,16.6,19.7,21.9,23.8,27.3,29.2,34.4,38.3,11.2,5.7,8.9,7.8,6.3,8.9,6.0,6.7,9.1
134.4,47.0,42.5,34.0,24.4,17.2,16.0,20.4,25.3,7.1,0.0,0.0,0.0,12.2,13.9,15.2,13.3,8.0,4.0,14.1,28.6,40.8,37.0,35.4,33.0,31.8,31.9,31.3,29.1,27.6,24.3,9.2,1.4,4.0,13.0,15.3,19.0,21.0,23.6,25.3,29.1,32.6,35.1,15.7,14.9,14.3,13.3,13.5,13.6,13.6,13.5,13.2
122.1,42.5,39.4,31.3,23.0,15.6,15.1,18.1,22.1,7.0,0.0,0.0,0.0,10.0,11.7,13.0,10.2,6.1,4.1,14.2,26.1,37.1,34.5,33.0,30.4,29.1,27.7,26.4,25.0,23.3,21.5,8.1,1.0,4.1,11.4,12.8,16.1,18.0,20.5,22.6,25.5,30.0,32.8,15.2,13.5,14.3,14.0,13.0,13.6,12.0,11.2,10.3
107.4,41.3,37.7,30.2,21.3,14.8,14.0,17.1,21.2,6.3,0.0,0.0,0.0,11.3,13.6,13.9,12.1,7.1,3.0,13.5,24.8,35.8,32.7,33.2,30.1,29.6,28.6,26.9,27.2,22.8,21.6,7.1,0.0,5.1,12.5,13.9,17.0,18.8,19.7,22.2,24.4,28.3,31.3,14.2,11.4,13.6,13.0,12.8,14.9,13.3,12.2,12.4
137.2,39.8,37.6,31.8,25.2,20.6,21.1,22.8,24.7,6.1,0.0,0.0,0.0,11.4,15.3,18.4,18.7,17.0,10.4,9.1,18.9,30.4,61.0,59.0,56.2,53.5,53.2,51.5,48.3,45.2,42.4,14.8,1.4,5.8,17.7,21.3,26.1,30.4,35.5,38.9,45.4,52.0,57.6,42.8,41.4,39.2,36.1,36.0,35.0,32.6,30.4,28.6
134.4,37.0,36.4,31.9,27.3,23.2,24.2,26.0,27.3,7.0,0.0,0.0,0.0,8.6,11.4,15.3,17.1,15.5,11.0,8.9,16.8,28.3,55.6,53.9,54.1,49.6,50.1,51.4,45.5,45.4,41.1,13.3,0.0,4.2,13.6,17.5,19.6,26.3,29.0,33.2,41.4,45.8,53.6,47.9,48.8,42.2,42.1,40.4,37.0,38.9,33.5,31.4
122.1,32.2,32.4,27.9,23.8,21.4,21.4,22.8,24.4,5.7,0.0,0.0,0.0,8.1,11.0,14.1,15.5,14.3,9.9,8.1,14.4,24.0,24.6,24.0,22.1,22.0,21.4,21.8,21.5,18.8,18.4,6.3,0.0,2.2,6.3,7.1,10.0,11.2,13.3,15.7,17.2,21.2,23.6,21.8,20.1,20.1,18.4,17.5,18.4,15.0,15.6,15.6
107.4,36.1,35.1,31.6,26.6,23.9,23.3,26.1,28.4,7.1,0.0,0.0,0.0,8.5,11.7,16.2,18.4,16.4,12.2,9.2,17.0,27.5,26.6,25.2,26.6,23.3,25.2,25.1,22.1,22.2,20.6,6.1,1.0,1.4,6.4,8.2,8.2,12.0,13.2,15.3,20.1,20.8,25.6,23.4,25.6,20.4,21.1,21.0,17.7,20.6,17.7,16.1
137.2,37.6,36.4,32.2,26.9,23.1,18.4,17.3,17.1,5.8,0.0,0.0,0.0,3.6,10.3,16.1,19.7,18.0,11.0,5.8,14.8,27.2,35.5,34.1,33.8,30.0,30.6,31.3,28.3,27.6,25.8,8.6,1.0,5.0,13.5,17.0,18.6,21.1,24.0,24.2,30.1,31.3,34.4,33.3,34.8,29.7,29.0,27.7,24.6,26.2,22.0,20.6
134.4,48.1,45.7,38.9,30.4,21.6,14.9,12.2,13.4,3.6,0.0,0.0,0.0,14.6,21.3,28.6,32.8,29.5,21.2,11.7,20.4,35.0,25.2,23.2,22.1,20.1,19.1,19.4,18.0,16.0,15.5,5.4,1.4,4.5,14.2,16.6,17.7,20.0,20.9,21.1,23.3,24.4,25.6,11.4,13.0,12.0,11.3,11.7,10.4,11.2,11.2,9.8
122.1,35.5,34.5,29.0,22.0,16.3,11.7,9.4,10.8,3.2,0.0,0.0,0.0,10.6,15.8,20.6,25.0,22.1,15.1,9.2,15.5,25.9,19.0,17.7,16.6,15.3,14.9,14.8,13.3,12.0,11.7,3.6,1.4,2.8,10.8,11.4,13.0,14.6,15.3,15.6,18.0,18.4,19.4,8.5,10.0,8.5,7.8,8.5,8.2,8.0,8.2,8.1
107.4,34.0,32.8,27.3,20.6,15.3,11.0,8.2,9.5,2.2,0.0,0.0,0.0,12.6,17.0,21.6,25.1,22.8,16.1,8.9,14.2,24.8,36.7,33.1,29.7,27.7,28.2,26.5,25.2,23.8,22.0,8.1,1.0,9.2,24.2,26.1,27.7,30.0,31.2,32.2,33.6,34.5,36.0,20.2,19.1,17.8,17.0,16.8,16.0,14.3,13.4,12.8
137.2,29.7,30.0,28.3,26.2,26.2,24.8,24.8,26.2,7.1,0.0,0.0,0.0,8.5,12.4,17.3,21.4,21.4,19.9,18.4,19.2,23.3,14.3,14.4,14.2,15.6,17.8,18.8,17.5,17.3,18.0,7.8,0.0,4.1,9.5,8.1,8.1,8.5,8.6,8.2,8.1,9.5,11.7,44.9,37.2,37.4,34.8,32.5,30.5,28.8,27.3,24.3
134.4,27.9,27.5,26.0,25.3,24.1,24.0,24.2,24.7,6.3,0.0,0.0,0.0,5.8,9.9,16.4,20.2,22.8,21.9,20.9,22.0,24.3,5.1,4.2,5.8,7.3,10.0,8.5,8.9,10.8,12.8,5.1,1.0,6.7,16.5,16.6,18.0,17.7,15.3,12.1,11.7,11.2,9.2,35.8,30.4,30.1,28.0,27.0,25.1,25.7,22.4,20.2
38.2,30.1,18.1,8.5,3.2,4.1,6.4,13.6,22.0,8.1,0.0,0.0,0.0,26.0,21.9,14.3,4.1,10.8,21.9,32.6,39.8,41.4,35.5,33.7,32.6,30.1,30.4,30.0,29.0,28.0,26.0,9.2,1.4,4.0,11.4,13.3,16.2,18.6,22.1,24.2,27.2,31.1,34.0,6.0,5.4,5.0,4.0,4.2,4.1,4.5,5.4,5.4
137.2,33.1,20.1,9.2,4.2,4.5,7.0,14.4,24.1,8.1,0.0,0.0,0.0,28.6,23.0,14.4,4.1,12.2,24.2,35.2,45.3,44.7,39.9,37.5,35.5,33.8,34.0,33.3,32.1,30.9,28.2,11.0,1.4,4.1,13.5,15.3,17.9,20.8,24.1,26.8,30.2,34.1,37.6,6.1,5.4,5.0,5.0,5.0,5.1,5.4,5.8,6.1
134.4,34.0,23.1,14.6,9.2,8.0,9.9,16.8,24.2,7.1,0.0,0.0,0.0,21.9,18.4,13.6,15.2,22.2,31.4,39.0,44.6,45.5,38.8,36.8,35.5,33.8,34.0,34.0,31.0,29.6,28.2,10.0,1.0,5.7,16.4,17.9,19.9,22.2,24.0,26.2,29.6,33.2,37.2,10.4,11.2,10.0,9.0,11.2,9.8,9.8,9.9,8.6
122.1,32.6,22.6,13.0,8.9,8.2,11.7,17.3,25.1,8.1,0.0,0.0,0.0,21.3,16.4,12.4,13.9,21.9,29.8,39.8,42.2,45.2,38.5,38.0,35.2,34.0,34.0,33.6,31.9,30.4,28.4,10.0,1.4,5.1,16.0,17.5,19.7,21.1,23.4,25.5,28.0,31.8,35.8,10.8,10.0,9.9,10.0,9.4,9.8,9.1,9.0,9.5
107.4,33.4,22.0,13.9,9.0,6.4,9.2,15.3,23.3,6.4,0.0,0.0,0.0,22.0,17.1,13.4,13.9,22.2,30.6,37.3,43.4,43.3,37.0,35.4,33.0,31.8,31.6,30.1,29.2,26.6,25.0,8.6,0.0,6.4,15.6,17.9,19.0,21.2,23.0,24.2,27.7,30.7,34.9,11.2,11.0,10.0,10.0,10.2,9.5,9.4,8.5,8.1
137.2,22.7,15.0,10.2,8.9,10.3,17.0,24.3,33.5,9.5,0.0,0.0,0.0,19.7,13.6,8.9,15.3,22.6,29.7,36.1,38.2,34.0,38.6,35.8,36.1,34.4,34.1,33.5,31.6,31.1,28.6,11.2,1.4,5.0,16.3,17.9,19.4,21.0,23.2,25.0,27.7,31.1,34.8,7.3,8.0,7.3,7.1,8.9,7.8,9.2,9.2,9.1
134.4,17.7,8.5,7.3,9.2,11.0,17.9,29.2,40.3,10.6,0.0,0.0,0.0,26.2,15.2,6.1,15.6,25.6,33.3,37.6,38.3,33.0,38.6,37.5,35.8,35.4,35.5,35.0,33.6,31.8,30.8,10.8,1.0,6.4,17.5,18.0,19.6,22.0,23.3,24.7,27.5,31.1,35.5,9.9,9.4,9.5,10.0,10.8,11.4,10.3,10.0,10.4
122.1,18.4,7.1,7.6,10.0,12.7,21.2,33.2,46.0,14.0,0.0,0.0,0.0,30.6,18.0,7.3,16.1,28.2,35.9,41.6,41.0,36.9,42.7,41.2,40.2,39.2,39.8,39.4,38.1,36.1,35.4,13.4,0.0,7.2,20.6,20.4,22.0,22.6,24.7,26.7,29.1,32.6,37.7,8.9,10.2,9.2,8.9,10.6,11.2,13.0,12.5,11.7
107.4,16.6,7.1,6.3,8.2,11.4,18.1,29.3,39.3,11.4,0.0,0.0,0.0,27.2,16.3,7.1,15.3,25.5,33.1,38.1,36.7,33.1,39.0,36.7,37.2,34.7,34.9,36.2,32.0,31.2,30.4,10.0,1.0,5.8,17.0,17.9,19.2,21.2,22.5,24.4,28.3,30.2,35.7,8.2,12.1,8.6,9.2,12.2,9.1,13.2,12.2,8.9
137.2,31.4,17.3,6.1,1.0,2.8,7.0,15.7,25.0,7.8,0.0,0.0,0.0,23.0,15.8,10.3,16.2,26.1,35.8,43.9,47.1,47.1,30.1,29.8,28.8,27.3,27.8,27.0,26.4,24.5,23.2,7.6,0.0,4.5,10.3,10.6,12.7,14.2,15.3,17.9,20.2,23.8,27.3,18.4,15.6,15.0,14.3,13.6,14.1,13.0,11.4,11.7
134.4,32.0,19.2,9.2,2.2,5.0,9.2,17.1,25.3,8.1,0.0,0.0,0.0,21.1,14.2,7.1,11.7,21.2,30.1,38.0,43.6,44.4,29.4,28.2,29.0,28.0,26.0,28.0,26.0,25.5,24.2,9.1,0.0,3.6,9.8,11.4,12.0,14.6,15.7,17.0,20.8,24.2,26.2,12.7,15.8,13.2,12.2,13.2,10.8,11.3,11.4,9.1
122.1,40.4,25.3,11.2,3.0,4.1,11.0,20.2,30.5,9.2,0.0,0.0,0.0,25.2,16.0,9.2,15.2,27.5,38.9,49.4,55.4,56.5,39.2,38.5,36.9,36.0,36.1,34.7,33.4,31.0,29.1,10.8,1.0,4.1,11.2,12.7,15.3,17.5,19.4,23.0,25.5,30.1,35.5,20.0,18.4,18.0,16.4,16.3,16.6,16.3,15.0,15.7
107.4,31.1,19.0,8.0,1.4,4.5,9.0,16.8,25.1,7.2,0.0,0.0,0.0,20.6,13.3,6.7,11.0,20.2,29.7,38.1,43.4,43.1,29.2,29.7,27.5,27.2,29.2,27.0,28.2,25.8,24.6,9.1,1.0,3.2,9.2,9.8,12.4,13.0,14.9,17.5,18.4,22.5,27.2,16.3,12.2,12.5,14.0,12.0,13.0,12.8,10.3,12.0
137.2,32.2,22.5,12.2,5.4,6.4,14.8,22.8,30.0,7.8,0.0,0.0,0.0,22.1,16.0,12.5,15.2,22.2,29.3,37.1,40.5,41.6,35.2,33.7,33.4,32.2,32.0,33.1,30.6,29.7,28.7,10.6,1.0,5.8,14.8,16.2,17.1,18.7,19.6,21.6,25.0,28.5,32.3,17.1,18.2,16.5,15.3,15.8,15.2,15.7,14.9,13.5
134.4,30.6,20.2,12.0,5.1,2.2,10.2,19.9,28.2,7.6,0.0,0.0,0.0,21.4,16.2,12.2,16.0,22.6,29.6,35.1,40.0,40.4,34.7,34.2,33.3,31.8,32.8,32.6,31.6,29.3,28.2,10.4,1.0,6.1,15.0,16.1,17.3,18.7,21.2,22.5,24.7,28.2,32.6,15.7,15.2,13.6,13.3,14.1,13.0,13.2,12.6,11.7
122.1,29.1,19.6,11.7,5.4,2.2,10.6,19.8,27.7,8.6,0.0,0.0,0.0,21.9,16.4,13.2,14.8,21.9,27.7,34.7,38.5,39.2,32.4,33.6,30.9,31.0,30.4,30.3,30.0,27.5,25.9,9.2,1.0,6.1,14.9,15.3,17.2,17.8,19.1,21.2,22.6,26.9,30.5,17.0,13.0,14.0,14.1,12.0,14.3,12.5,11.2,12.0
107.4,25.6,16.3,9.4,6.0,5.4,9.4,17.8,26.6,8.1,0.0,0.0,0.0,21.2,15.3,10.4,13.0,20.2,27.3,33.3,36.8,36.9,64.0,62.5,61.0,59.2,58.9,59.5,56.6,53.9,51.9,18.2,2.2,8.1,25.1,26.9,29.2,33.2,36.2,38.8,44.9,51.5,58.7,20.9,22.8,20.0,18.0,19.8,18.0,18.4,18.4,16.0
137.2,26.4,15.6,8.2,7.3,7.6,8.9,15.3,23.3,7.6,0.0,0.0,0.0,21.9,15.5,10.4,12.8,22.8,30.9,37.2,38.2,40.2,32.8,32.2,30.8,30.0,29.2,29.2,28.4,26.1,24.7,8.2,1.0,4.1,12.2,13.0,15.5,17.5,19.1,20.0,23.3,26.6,30.0,10.3,9.8,9.2,9.1,9.1,7.6,8.1,7.8,5.1
134.4,28.3,15.7,6.0,6.1,8.1,10.8,17.1,25.1,7.2,0.0,0.0,0.0,21.9,15.8,9.2,12.4,22.0,31.1,38.1,43.5,42.5,34.9,34.7,34.0,32.4,31.8,31.4,30.4,28.0,25.9,9.2,1.4,4.0,11.7,12.7,14.3,17.0,18.7,20.8,24.2,28.2,32.1,10.3,9.2,9.1,8.5,8.6,8.6,8.2,8.1,7.2
122.1,27.9,14.9,5.1,6.1,8.5,12.2,18.0,25.8,7.8,0.0,0.0,0.0,22.6,16.1,8.5,11.0,21.4,30.3,38.0,42.6,41.5,34.8,32.6,34.0,31.6,32.6,32.6,30.0,28.6,27.0,8.5,1.0,4.5,12.8,13.6,14.0,16.6,18.4,19.2,24.3,26.1,30.9,6.3,11.0,8.5,6.4,9.5,7.1,9.1,8.5,6.4
107.4,27.7,15.3,5.1,4.5,8.1,12.0,18.0,26.9,8.6,0.0,0.0,0.0,23.0,17.0,9.4,11.0,20.2,30.4,37.3,42.0,42.3,33.4,32.8,32.0,31.3,31.8,31.4,31.0,28.4,27.7,10.3,0.0,5.4,13.5,14.3,16.1,17.3,19.2,21.3,23.3,27.3,31.4,10.8,8.0,8.1,6.4,6.4,7.6,7.1,7.6,8.6
137.2,32.6,20.2,10.4,8.9,12.0,18.1,24.4,30.9,10.0,0.0,0.0,0.0,27.5,20.6,13.6,13.2,20.8,29.7,39.1,42.2,45.2,34.0,32.2,33.1,30.4,29.4,30.5,27.3,27.0,25.3,9.2,0.0,5.0,14.1,15.8,16.2,19.0,20.1,21.2,25.5,28.0,32.2,14.3,18.1,13.3,14.1,14.4,11.3,14.4,13.0,10.0
134.4,38.9,29.0,20.8,14.9,14.0,17.1,22.2,28.0,8.1,0.0,0.0,0.0,23.4,18.0,14.1,14.4,20.8,28.2,35.8,42.4,44.8,30.1,30.1,28.6,27.9,28.2,26.9,25.8,24.2,24.2,8.1,1.0,4.0,12.0,13.0,14.3,15.8,17.5,18.4,21.4,24.2,28.2,22.4,21.2,20.4,19.0,19.1,17.7,17.1,16.2,15.2
137.2,44.6,34.7,25.5,19.1,14.2,12.4,16.0,22.1,7.0,0.0,0.0,0.0,18.4,15.2,13.0,14.4,20.6,28.6,37.6,45.3,50.2,30.4,27.9,29.2,28.3,27.2,28.2,25.7,24.5,24.0,8.1,1.4,1.4,8.5,9.8,10.0,12.0,15.2,15.8,20.6,23.4,26.5,21.3,24.2,21.5,19.0,21.2,17.7,17.8,17.8,14.9
134.4,43.3,32.6,23.8,14.9,8.5,4.1,9.2,17.1,6.1,0.0,0.0,0.0,15.5,13.4,10.8,14.0,20.9,29.4,39.6,49.0,50.6,31.9,32.4,29.8,28.4,29.7,27.0,28.0,25.8,23.3,8.2,1.4,3.0,10.2,10.0,14.1,15.5,16.8,20.2,21.5,25.5,31.1,22.8,17.0,17.5,18.0,15.3,17.1,15.8,13.2,14.6
122.1,44.8,34.5,23.3,16.5,9.2,4.2,7.2,15.8,5.0,0.0,0.0,0.0,15.3,12.0,11.2,14.3,21.6,31.3,41.2,48.8,52.8,34.1,33.2,32.6,31.0,30.1,30.1,28.9,26.5,26.2,9.0,0.0,4.5,11.7,12.5,14.3,16.2,19.0,20.6,24.3,28.0,32.0,19.7,19.4,18.6,17.0,17.0,16.3,15.8,15.6,14.2
137.2,36.9,27.7,19.0,12.6,6.4,1.0,7.1,12.8,4.5,0.0,0.0,0.0,12.8,10.8,11.2,13.2,20.6,28.2,35.5,39.3,45.7,31.8,29.5,29.7,28.2,29.1,26.9,26.2,24.8,22.8,8.1,0.0,4.5,11.7,12.1,13.9,15.7,17.5,20.1,22.4,25.9,29.2,16.0,15.1,15.0,14.0,13.0,13.2,13.0,12.0,12.0
134.4,39.1,29.1,19.9,11.7,4.5,3.6,10.8,17.9,5.4,0.0,0.0,0.0,15.0,13.6,13.2,17.7,23.3,30.9,39.0,45.2,46.6,33.2,33.2,31.1,30.5,31.1,30.4,28.4,26.6,25.9,9.5,0.0,5.0,12.8,14.4,16.4,17.2,19.2,21.4,24.1,27.6,31.8,18.1,18.0,17.0,16.0,15.0,15.0,14.0,14.0,13.2
122.1,39.5,29.3,19.2,11.4,4.1,3.6,11.3,17.8,5.8,0.0,0.0,0.0,15.0,13.6,13.3,17.5,23.8,30.5,38.9,44.1,47.7,32.4,33.4,30.4,29.8,30.4,29.1,29.2,27.2,25.5,9.5,0.0,5.4,13.3,13.3,16.5,18.0,18.7,21.5,22.8,27.3,31.9,21.8,15.8,17.0,17.3,14.0,16.0,14.3,12.0,14.1
107.4,38.5,28.2,19.7,10.0,3.6,3.6,11.2,18.7,5.4,0.0,0.0,0.0,13.9,12.6,12.2,17.0,22.6,29.7,37.6,45.2,44.9,32.3,30.4,30.7,29.5,27.9,29.2,26.6,24.7,24.3,8.0,1.0,3.2,11.4,13.3,14.1,16.3,18.1,19.0,23.1,26.5,29.4,14.4,17.9,15.8,13.6,15.8,13.0,13.3,13.4,10.8
137.2,43.7,32.0,21.5,12.5,4.5,4.1,12.6,19.4,6.1,0.0,0.0,0.0,15.7,12.0,10.4,13.9,23.0,31.6,39.8,47.4,52.9,37.2,36.4,35.1,33.2,34.9,32.1,32.1,29.4,28.2,10.8,1.0,4.2,12.8,13.5,17.0,18.4,20.8,23.9,25.8,29.7,35.0,20.1,16.1,16.6,16.6,14.4,16.6,15.6,13.5,15.3
134.4,36.7,26.8,17.1,10.0,5.1,2.0,8.9,16.4,5.0,0.0,0.0,0.0,12.2,8.5,7.2,12.1,20.6,28.2,36.8,42.5,45.3,31.1,30.1,29.3,27.9,28.2,28.3,26.9,25.0,23.8,9.1,1.4,2.2,9.2,10.6,12.0,14.4,16.1,18.4,21.2,25.0,28.6,14.8,14.3,13.6,12.6,12.4,12.0,12.0,11.2,10.8
137.2,37.0,28.2,19.2,13.0,7.3,1.4,7.6,14.3,5.4,0.0,0.0,0.0,10.4,7.1,8.1,14.1,22.0,30.3,37.1,42.4,46.2,30.1,29.1,28.1,28.2,27.1,27.0,26.1,24.3,23.1,8.5,0.0,3.2,9.0,10.0,12.0,14.0,15.0,17.0,20.0,24.1,27.2,17.7,17.1,16.2,14.8,14.8,14.8,13.9,13.4,12.6
134.4,42.4,30.5,24.2,16.4,9.4,4.1,10.2,18.2,6.1,0.0,0.0,0.0,10.8,7.6,10.2,16.4,25.6,32.8,38.9,46.6,49.4,31.3,32.1,29.8,28.8,29.4,28.3,27.8,26.4,24.6,8.1,0.0,3.6,10.0,10.6,13.9,15.5,17.1,19.4,21.1,24.8,28.8,24.1,19.6,19.2,19.8,17.1,18.1,17.0,15.3,15.5
122.1,43.0,34.0,24.1,17.3,10.0,6.4,11.0,19.1,7.0,0.0,0.0,0.0,11.2,9.4,11.4,18.0,25.3,33.1,42.0,47.1,51.2,33.6,32.0,31.9,30.4,29.7,30.8,29.2,27.0,26.0,10.0,1.0,3.2,9.1,10.4,11.7,14.2,17.2,18.4,22.4,26.1,29.1,22.0,22.8,21.2,18.0,20.2,17.7,17.5,18.0,14.9
107.4,41.8,32.7,24.2,16.8,9.1,7.2,12.1,16.5,5.4,0.0,0.0,0.0,13.0,10.6,10.2,12.2,18.8,25.1,33.1,40.3,47.2,29.2,31.0,29.5,28.8,27.6,26.9,26.1,23.9,23.0,9.2,1.0,4.1,9.1,10.2,12.1,14.4,15.0,18.6,21.5,25.5,29.1,21.9,18.4,18.0,17.5,16.0,17.3,16.5,15.2,15.2
137.2,42.1,35.0,25.0,17.1,10.2,7.8,11.0,18.2,5.1,0.0,0.0,0.0,13.0,12.2,10.8,14.0,18.7,25.5,35.1,42.3,46.5,31.3,28.0,30.3,28.6,27.3,28.8,24.8,24.8,24.1,7.8,1.0,3.0,9.2,11.0,11.0,13.3,16.1,17.2,21.2,25.1,27.2,18.6,21.2,18.4,14.9,18.4,15.1,16.1,17.0,13.6
134.4,43.7,34.5,24.1,16.0,11.2,12.0,17.5,23.0,6.4,0.0,0.0,0.0,19.0,15.3,10.8,10.4,16.1,23.8,33.0,43.0,47.9,33.0,30.5,31.9,30.5,29.5,30.9,28.8,27.5,26.1,9.1,1.4,3.2,9.2,9.5,10.8,13.0,15.7,17.0,21.1,25.0,28.3,19.1,21.0,19.0,17.1,18.0,16.0,17.0,16.3,14.3
122.1,38.2,30.4,21.3,13.9,9.2,10.4,15.2,19.9,6.3,0.0,0.0,0.0,16.6,12.7,9.8,9.5,13.5,21.3,29.7,37.5,42.4,58.2,57.1,55.0,54.0,54.0,54.5,52.6,49.0,46.6,16.3,1.4,5.0,16.0,18.0,20.0,24.0,27.1,31.1,37.2,44.4,51.6,37.6,35.8,33.5,30.4,30.9,30.5,29.2,27.6,27.0
137.2,36.9,28.0,17.8,9.9,6.3,8.5,13.6,19.4,5.1,0.0,0.0,0.0,18.9,14.2,10.0,7.3,12.2,21.0,29.5,37.7,42.4,30.1,29.0,29.4,27.8,27.0,29.5,26.1,26.2,25.0,8.6,1.0,3.2,9.2,10.6,10.3,13.2,15.0,15.8,20.6,22.8,26.9,12.0,15.2,12.0,12.0,13.6,11.0,13.2,12.0,10.0
134.4,38.8,28.8,18.0,10.0,5.0,6.1,11.4,17.0,5.0,0.0,0.0,0.0,19.3,15.7,10.0,5.1,11.7,21.0,32.2,40.5,44.7,31.8,31.2,30.1,29.0,29.2,29.0,27.5,26.2,23.6,8.6,1.0,4.0,9.5,10.0,11.7,14.3,16.3,18.4,21.3,24.7,29.0,13.4,12.2,12.2,12.2,12.2,12.4,12.2,11.7,11.7
107.4,40.3,29.7,19.1,12.0,6.7,7.3,11.7,18.7,6.1,0.0,0.0,0.0,19.0,14.3,9.2,6.1,13.5,23.6,33.4,41.8,46.7,33.2,30.9,31.1,29.6,28.6,29.2,26.3,24.4,23.3,7.6,1.4,2.2,8.6,10.4,11.0,14.3,16.4,18.9,22.8,26.0,29.2,13.2,15.1,13.0,12.0,13.4,12.0,12.2,12.0,9.8
137.2,38.3,28.5,19.6,12.2,8.2,7.2,10.8,17.5,5.7,0.0,0.0,0.0,17.1,12.1,5.7,5.0,14.3,23.5,32.6,40.9,44.4,30.0,29.7,29.1,27.3,27.7,26.4,25.1,23.0,22.4,7.1,1.4,3.0,7.6,9.2,10.8,13.0,14.6,17.2,20.0,23.4,27.0,14.6,14.0,13.6,13.0,13.6,13.6,13.0,12.5,11.4
134.4,40.3,31.0,20.9,14.6,10.0,11.2,15.5,21.8,7.3,0.0,0.0,0.0,18.4,13.0,7.1,8.0,16.2,25.6,35.7,42.4,46.3,30.0,29.8,28.4,27.5,27.1,27.9,26.6,24.4,23.2,8.1,1.0,4.1,10.0,11.0,12.6,14.4,16.3,18.9,21.5,24.2,28.3,17.5,16.3,16.0,16.3,16.1,15.6,14.3,13.2,13.6
122.1,40.3,30.1,20.9,14.6,11.2,11.0,15.5,21.8,7.1,0.0,0.0,0.0,17.2,12.1,5.1,7.1,17.1,26.0,35.7,42.4,47.3,31.4,29.2,30.1,28.2,28.2,28.4,25.6,24.3,22.6,8.1,1.0,3.2,8.9,10.6,11.4,13.4,15.5,18.0,21.4,24.7,28.0,15.0,16.8,15.8,14.1,16.1,15.5,16.0,15.2,14.2
107.4,39.9,29.5,20.1,13.4,10.4,11.0,14.1,20.1,6.0,0.0,0.0,0.0,18.4,12.1,5.0,7.1,16.1,25.6,34.4,42.2,45.9,30.0,29.0,30.0,28.5,28.0,29.1,26.6,25.8,24.7,9.0,1.0,3.2,9.1,10.2,10.8,12.8,15.0,16.6,19.4,23.0,26.7,13.6,16.1,15.3,14.6,15.8,15.0,15.7,16.0,14.6
137.2,35.7,24.0,15.8,12.8,15.2,19.2,23.4,28.0,8.1,0.0,0.0,0.0,24.4,19.2,11.7,10.0,18.8,28.7,37.6,43.5,45.2,34.1,33.2,32.0,31.4,32.0,31.0,30.1,28.3,26.0,10.0,1.0,5.1,13.0,13.6,15.8,17.0,18.4,20.6,23.3,27.5,30.7,17.3,16.2,15.6,14.4,15.8,16.0,15.7,15.6,15.8
134.4,33.1,20.6,11.2,9.5,11.7,15.2,20.0,26.7,8.5,0.0,0.0,0.0,23.9,17.7,10.8,9.9,19.4,28.4,38.3,44.3,45.7,31.8,30.7,31.1,29.5,30.6,30.8,27.9,28.3,26.6,9.0,0.0,4.1,12.1,12.7,14.3,16.0,17.7,19.8,23.7,25.3,29.1,13.5,14.9,12.2,11.7,13.0,11.2,13.2,12.0,11.7
137.2,27.0,15.1,5.7,5.8,8.9,13.0,19.0,26.6,7.8,0.0,0.0,0.0,23.4,16.3,8.2,10.0,19.7,29.2,37.6,40.8,41.4,29.7,29.1,27.7,27.2,27.5,28.3,27.5,26.2,25.0,9.4,1.0,4.0,10.0,10.3,12.0,14.3,16.0,18.0,20.6,23.9,26.7,12.8,11.4,11.4,11.0,9.8,10.0,9.1,9.2,9.9
134.4,25.1,12.2,2.8,4.2,7.2,13.0,21.9,31.6,10.6,0.0,0.0,0.0,22.5,13.9,5.8,12.4,23.4,32.3,39.6,42.1,41.0,29.7,29.4,28.8,27.3,28.0,28.7,27.5,27.0,25.8,9.4,1.0,2.2,9.2,10.3,11.2,13.6,15.0,17.5,20.4,23.3,27.0,10.0,12.1,10.3,9.5,10.2,8.5,10.8,10.8,9.2
122.1,24.2,10.8,2.2,4.5,8.0,13.0,21.4,32.2,10.4,0.0,0.0,0.0,22.1,13.6,5.8,12.0,23.0,32.2,38.2,41.4,40.0,29.5,30.0,28.6,28.4,28.4,28.8,28.3,26.6,26.0,10.0,1.0,3.2,9.0,9.8,12.0,13.4,15.3,16.8,20.0,23.3,26.5,12.0,10.8,11.0,9.8,10.0,10.0,9.8,9.2,10.0
107.4,23.9,10.6,2.0,5.0,8.1,12.5,21.1,32.1,10.2,0.0,0.0,0.0,22.8,13.6,6.0,12.6,22.2,31.4,37.6,41.6,39.4,29.8,28.6,28.9,28.6,29.5,29.2,27.2,27.3,25.3,9.4,1.0,4.0,9.2,10.0,10.8,13.3,15.0,16.6,19.4,22.6,26.7,10.3,11.0,9.4,8.6,11.0,9.8,10.6,11.0,10.4
137.2,17.5,10.2,4.0,3.0,9.8,18.4,26.4,34.5,10.3,0.0,0.0,0.0,22.6,16.2,16.5,21.4,27.6,31.2,33.3,32.7,29.4,29.2,27.8,28.3,27.2,26.9,27.3,25.5,24.2,23.3,8.1,1.0,5.7,17.0,17.7,18.4,18.9,19.7,19.6,22.0,24.3,27.5,17.9,17.5,15.8,15.6,16.3,15.6,15.0,14.2,14.2
134.4,21.6,14.3,7.1,1.4,6.4,14.2,21.4,28.6,8.6,0.0,0.0,0.0,21.2,17.0,15.0,18.4,23.6,28.0,31.8,33.2,31.0,59.2,58.4,56.0,53.0,52.2,54.3,51.4,49.2,46.0,16.1,2.2,11.7,31.4,33.3,35.0,37.8,38.4,39.7,44.9,50.6,56.6,31.6,30.4,29.6,29.4,27.3,26.3,24.2,23.2,23.3
137.2,26.8,17.0,8.1,1.4,6.3,13.6,21.6,28.6,8.2,0.0,0.0,0.0,23.5,18.4,15.6,16.5,22.0,28.0,34.4,37.4,36.4,34.0,33.1,31.8,30.5,30.5,29.1,28.7,26.6,25.5,8.6,1.0,5.0,16.4,17.0,19.1,19.8,21.3,22.8,25.2,28.3,31.8,14.2,13.6,13.6,12.2,12.2,12.8,12.0,11.3,11.4
134.4,29.1,17.9,8.1,1.0,6.4,13.6,22.4,30.1,8.5,0.0,0.0,0.0,25.8,19.7,14.1,14.4,21.4,29.2,37.5,41.4,41.3,38.1,37.0,36.2,34.5,35.4,34.0,33.0,30.4,29.7,10.8,1.0,5.7,16.3,17.5,19.2,20.6,22.5,24.0,26.9,30.8,35.7,15.0,14.3,14.6,13.9,14.3,14.4,14.1,14.4,13.9
122.1,28.2,17.5,7.6,1.0,6.7,13.5,22.0,31.4,8.6,0.0,0.0,0.0,25.5,19.2,14.6,14.8,21.2,29.7,36.6,42.5,39.4,36.3,34.0,36.1,32.1,31.0,33.5,30.9,31.2,28.3,10.3,1.4,5.0,14.4,16.6,16.6,20.9,20.6,21.6,26.9,29.8,34.1,12.6,18.0,13.0,14.0,15.8,10.3,14.8,13.9,8.6
107.4,28.9,16.8,7.3,0.0,7.0,14.3,22.5,30.0,8.9,0.0,0.0,0.0,25.5,19.3,13.5,14.1,21.4,29.6,36.1,40.0,40.6,38.0,38.1,35.5,34.9,34.8,34.0,33.4,30.4,30.0,10.4,1.0,5.7,16.4,16.6,19.3,19.9,22.1,24.5,27.5,30.3,35.4,15.5,14.3,14.6,13.4,13.4,14.4,14.9,13.6,13.6
137.2,34.0,21.1,9.9,5.1,5.1,7.2,15.0,25.3,7.6,0.0,0.0,0.0,25.3,21.1,14.0,5.4,8.6,21.2,33.4,42.7,45.7,40.0,39.8,37.6,36.1,35.7,34.7,32.6,30.8,28.3,10.4,1.0,4.0,10.8,12.8,14.3,17.5,19.8,22.8,27.0,31.3,36.4,8.1,8.6,8.9,9.1,9.8,10.0,10.2,9.5,8.6
134.4,34.2,20.9,9.8,2.8,1.4,7.1,17.0,28.6,9.9,0.0,0.0,0.0,24.5,20.9,14.9,6.1,7.3,19.2,31.4,41.1,44.6,36.2,35.0,33.3,32.8,32.1,30.9,31.3,31.0,27.8,11.2,1.4,2.2,8.1,9.8,13.5,16.5,19.2,22.2,24.6,30.0,33.1,11.0,9.0,10.3,10.8,10.4,10.3,9.5,10.0,8.6
107.4,33.0,20.2,8.9,2.2,1.4,8.2,19.0,30.6,9.5,0.0,0.0,0.0,22.2,18.0,13.0,4.5,6.1,18.4,30.0,39.7,44.4,36.1,36.2,34.1,32.8,32.3,31.8,30.5,28.1,27.7,10.8,0.0,3.2,7.1,8.6,11.2,13.2,15.6,18.4,23.1,28.3,32.4,11.4,9.4,12.0,12.2,11.2,12.2,10.6,9.2,10.0
137.2,33.4,21.3,9.9,2.8,2.2,9.5,19.2,32.0,10.2,0.0,0.0,0.0,21.2,17.5,11.7,4.5,6.7,18.4,30.4,40.5,44.2,35.5,35.0,33.1,32.2,31.4,31.1,31.1,29.6,28.2,10.8,1.0,2.2,6.1,7.6,10.3,13.0,15.8,19.7,23.2,28.6,32.7,11.7,11.3,11.2,10.4,10.6,10.0,10.6,10.2,10.8
134.4,22.8,10.0,4.5,9.4,12.0,19.4,29.3,41.8,12.5,0.0,0.0,0.0,27.6,21.3,12.5,4.1,7.8,18.4,27.2,34.0,36.5,38.0,37.2,37.3,35.4,37.4,35.9,33.3,33.5,30.9,10.6,0.0,3.2,8.1,8.2,10.6,13.4,15.0,18.8,22.0,27.5,33.8,10.0,10.8,8.1,10.0,11.3,10.8,12.6,10.8,10.0
107.4,27.2,12.8,5.4,8.5,12.8,20.6,33.4,47.0,14.3,0.0,0.0,0.0,31.3,23.8,14.3,4.5,9.5,20.0,31.0,39.0,41.2,43.2,42.2,41.1,39.8,39.4,39.1,37.6,36.4,34.1,13.0,1.0,2.8,8.1,9.2,11.4,13.9,18.1,21.5,27.6,32.9,38.1,13.0,12.6,12.8,12.2,13.6,13.5,13.2,12.1,10.8
137.2,16.1,5.8,9.8,15.3,17.5,25.3,40.0,58.0,17.8,0.0,0.0,0.0,32.4,26.2,19.0,13.3,5.8,9.2,19.9,28.3,29.7,41.8,44.7,44.2,43.3,44.7,45.9,45.5,44.7,42.4,15.7,1.4,3.6,8.6,7.1,8.5,11.4,13.5,18.4,23.9,30.7,38.3,18.4,16.3,12.8,14.8,12.0,11.2,11.3,9.2,9.1
134.4,20.0,8.5,2.0,8.5,14.0,23.8,38.0,52.4,16.4,0.0,0.0,0.0,29.2,23.4,20.2,17.5,12.0,6.3,13.2,21.9,28.8,46.1,48.3,46.5,46.9,47.9,50.2,50.1,46.0,45.6,16.3,1.4,3.6,11.7,9.8,9.8,10.2,13.6,16.8,25.0,31.4,38.1,15.7,13.9,14.0,11.2,10.6,10.0,6.1,7.2,9.0
122.1,19.4,9.0,3.2,10.0,15.0,24.5,38.2,53.9,17.1,0.0,0.0,0.0,30.1,25.0,21.0,17.7,11.7,5.8,13.5,23.3,28.8,44.9,47.5,47.0,46.5,48.6,49.6,49.0,48.7,46.6,17.2,1.0,5.0,11.4,8.9,10.4,11.2,12.6,19.2,25.0,31.3,41.0,20.6,16.0,12.0,14.3,10.3,8.5,10.8,6.3,6.1
107.4,19.8,8.9,3.2,9.2,15.0,22.8,34.0,48.8,14.8,0.0,0.0,0.0,26.9,22.1,19.3,18.4,13.9,8.9,12.0,21.1,26.2,45.3,44.4,45.0,45.5,46.7,47.8,47.4,44.7,43.5,15.0,1.0,3.6,11.0,10.2,8.2,8.9,13.4,16.3,22.4,29.4,34.7,13.5,13.0,13.0,7.6,9.9,8.1,5.7,7.6,6.4
137.2,13.2,4.5,10.0,14.9,17.2,17.5,23.4,31.6,11.3,0.0,0.0,0.0,29.2,26.9,24.1,18.4,11.3,1.4,11.4,18.0,23.5,37.2,40.8,38.8,37.2,37.8,38.0,37.6,35.4,33.2,12.4,1.4,3.0,8.0,7.1,11.0,12.6,13.3,19.7,23.3,30.4,37.4,21.9,16.6,13.6,16.3,8.9,10.0,10.4,4.1,6.4
134.4,16.4,13.0,16.2,20.6,22.0,22.0,26.1,36.5,11.4,0.0,0.0,0.0,31.8,33.3,33.8,29.4,21.1,8.0,4.2,14.9,20.5,45.2,44.1,42.1,40.8,40.0,40.3,38.6,36.8,35.4,12.4,1.0,3.0,9.1,11.2,14.1,18.0,21.2,25.0,31.0,36.4,41.8,25.2,24.2,21.2,18.0,15.6,14.4,12.4,11.2,8.2
122.1,12.2,9.5,11.4,14.8,15.8,16.0,19.7,27.7,8.6,0.0,0.0,0.0,25.0,28.2,27.5,24.8,18.0,8.1,2.8,10.8,14.9,69.9,68.4,65.6,64.2,64.8,64.0,61.4,58.2,57.0,20.0,1.0,5.0,14.6,16.4,21.1,26.0,31.0,38.3,45.5,54.6,64.0,40.8,36.2,32.0,27.7,23.7,20.6,17.0,13.0,10.0
107.4,10.8,5.7,3.6,9.1,13.3,15.0,19.7,28.1,9.1,0.0,0.0,0.0,24.5,32.0,38.5,40.3,36.6,26.2,13.5,1.4,8.1,35.4,36.4,34.5,32.1,34.5,32.4,31.9,30.7,29.1,10.0,1.4,1.0,3.2,4.1,8.6,12.6,15.0,19.9,22.7,27.5,33.2,32.2,27.0,23.3,22.2,18.8,17.0,15.6,9.4,10.2
137.2,30.1,25.1,16.6,8.9,3.2,2.8,8.6,17.0,5.7,0.0,0.0,0.0,17.1,29.7,40.2,43.7,38.3,27.2,10.8,8.2,22.1,26.9,23.2,23.9,22.5,23.1,22.8,21.3,19.2,18.4,6.4,1.0,3.6,10.0,12.0,14.8,14.8,18.1,18.0,20.6,23.0,23.9,12.0,13.9,12.0,8.2,9.2,5.4,5.1,4.5,1.4
134.4,35.0,31.4,25.0,18.8,14.8,16.1,21.5,28.8,8.5,0.0,0.0,0.0,14.1,27.0,37.1,41.6,36.7,24.3,8.1,11.0,27.0,22.1,22.0,21.8,22.4,22.5,22.4,20.9,19.4,19.0,7.2,1.0,5.0,12.0,12.2,13.4,14.8,16.1,17.7,19.0,20.5,21.1,7.1,6.7,5.4,4.5,4.0,3.6,4.1,4.5,3.6
122.1,29.7,26.6,21.3,16.4,13.6,13.6,17.0,22.7,7.1,0.0,0.0,0.0,9.2,19.8,28.3,32.8,28.7,19.2,6.4,8.9,21.5,36.2,33.4,32.6,32.6,31.6,33.1,33.2,31.4,28.3,10.8,2.0,7.1,19.1,19.9,22.1,22.0,24.0,25.2,26.9,32.0,33.2,9.2,8.6,10.8,7.6,6.1,6.1,3.2,5.1,7.0
107.4,28.8,26.4,20.6,16.8,13.3,14.3,17.7,22.5,8.1,0.0,0.0,0.0,9.2,19.2,28.8,31.4,28.4,19.2,5.8,8.5,21.4,35.1,34.7,32.1,31.1,33.0,33.3,33.2,31.6,29.1,10.6,2.0,7.3,18.4,20.9,21.5,23.0,24.0,25.0,26.9,30.4,34.5,10.4,9.4,9.2,8.6,6.3,5.4,5.0,5.4,7.3
137.2,26.2,25.2,22.5,21.0,20.6,22.4,23.9,26.1,8.1,0.0,0.0,0.0,13.3,17.5,22.0,22.8,21.9,17.2,14.3,15.8,21.4,37.3,37.1,36.6,33.5,35.0,34.9,32.6,31.6,30.1,10.2,0.0,5.4,17.0,21.3,22.5,26.1,27.5,29.1,32.3,34.1,37.6,40.3,40.3,34.7,34.7,33.5,29.1,30.5,26.0,24.2
134.4,39.4,35.5,28.4,21.4,15.8,14.0,15.3,15.1,5.0,0.0,0.0,0.0,11.4,16.1,21.0,21.4,18.0,10.6,9.8,20.8,32.6,26.2,25.1,23.4,22.8,21.9,22.2,20.2,18.8,18.4,6.7,0.0,4.2,11.4,12.6,15.0,16.5,18.0,19.8,21.5,23.8,26.0,17.3,15.5,14.3,13.6,12.8,11.7,10.4,9.0,8.5
137.2,41.8,38.3,32.0,24.7,18.0,14.0,14.0,13.0,4.1,0.0,0.0,0.0,7.6,12.5,17.5,19.2,14.9,7.6,7.1,20.2,32.8,50.2,48.5,43.8,43.9,42.4,43.0,41.1,37.7,35.7,13.0,1.0,5.4,17.5,20.1,26.0,29.5,33.0,36.1,40.3,45.8,48.6,32.2,28.2,28.8,26.2,23.3,23.0,19.3,18.4,18.7
134.4,44.0,42.0,35.0,27.0,20.1,14.3,12.1,11.7,4.1,0.0,0.0,0.0,5.0,11.3,15.8,17.9,14.9,6.7,5.0,20.1,33.1,24.8,22.8,20.9,20.6,20.1,20.2,19.3,18.4,17.2,6.1,1.0,3.2,7.2,8.2,10.3,12.2,14.9,17.1,19.7,21.6,24.0,11.7,11.2,10.4,9.9,10.2,8.9,8.9,9.1,8.5
122.1,43.7,41.5,35.4,27.9,20.2,13.9,11.4,11.4,3.6,0.0,0.0,0.0,5.4,11.7,16.4,18.4,14.9,7.1,5.1,19.3,33.2,23.7,24.0,20.2,20.2,20.4,19.2,20.1,18.4,16.8,7.1,1.0,2.8,7.3,8.1,10.4,12.1,14.3,18.1,18.6,21.2,23.5,13.2,9.1,11.2,10.4,9.0,9.2,9.1,8.5,8.5
107.4,41.4,40.5,33.3,25.6,17.7,12.8,9.8,10.3,2.2,0.0,0.0,0.0,6.1,12.4,17.7,19.2,16.6,8.1,4.5,18.4,32.6,24.0,23.8,22.7,21.8,20.6,19.8,19.0,16.6,15.5,5.4,1.0,3.0,8.1,10.0,12.0,13.0,14.9,15.5,17.8,20.1,22.4,11.0,9.8,10.0,10.0,10.8,10.6,10.0,9.8,8.9
137.2,42.4,39.6,35.7,28.5,20.1,13.5,12.4,15.1,5.0,0.0,0.0,0.0,9.5,11.2,13.0,12.0,8.5,5.0,11.4,21.9,34.8,28.3,24.4,24.7,24.2,22.6,23.3,19.9,19.0,18.2,5.4,1.0,3.2,8.1,10.2,12.1,13.6,17.0,17.5,21.2,23.8,25.3,12.5,15.7,14.0,11.2,14.0,11.2,12.2,11.7,10.0
134.4,47.3,42.1,34.1,25.3,16.8,12.0,15.0,21.1,7.0,0.0,0.0,0.0,10.4,11.4,10.4,6.7,3.2,11.7,22.8,33.7,43.6,35.5,32.8,31.1,30.0,29.5,29.3,28.3,25.5,24.0,8.1,1.0,3.2,10.0,12.2,15.2,17.8,20.6,22.4,26.0,29.3,32.1,18.0,17.3,16.0,15.1,15.8,13.9,13.5,13.0,11.4
122.1,46.8,40.5,34.2,25.6,17.0,9.8,13.6,19.7,6.3,0.0,0.0,0.0,11.0,11.0,10.0,6.1,3.2,11.7,21.5,32.6,43.9,34.9,32.2,33.4,31.8,29.5,31.0,28.0,26.6,25.0,8.5,1.4,2.2,8.2,12.0,13.2,17.5,19.8,20.8,26.0,30.1,32.0,14.3,18.0,16.0,14.0,16.5,13.9,14.4,14.4,12.1
107.4,46.1,41.2,33.4,24.1,15.6,11.0,15.3,22.0,7.2,0.0,0.0,0.0,11.7,11.7,10.4,6.1,4.1,10.8,22.0,33.2,43.1,34.7,31.1,31.3,30.0,29.0,30.0,26.7,26.3,25.5,8.5,0.0,3.6,10.0,13.0,15.2,17.0,20.1,21.5,25.6,29.0,30.9,15.0,17.7,15.2,13.0,16.0,12.2,12.6,12.7,10.0
137.2,47.1,41.8,32.6,21.9,12.8,9.2,17.0,25.5,7.8,0.0,0.0,0.0,11.7,9.4,8.5,6.1,8.5,14.8,25.1,35.5,44.6,37.7,36.1,35.4,34.1,34.8,34.0,32.6,30.2,28.8,10.4,0.0,4.1,12.0,13.2,15.2,17.2,19.8,22.8,26.2,30.3,34.1,18.4,16.8,16.1,15.0,14.6,14.3,13.5,13.0,12.4
134.4,47.0,42.0,34.1,24.2,14.3,10.2,17.5,25.6,7.3,0.0,0.0,0.0,10.6,9.2,7.2,6.0,7.2,14.3,23.3,34.2,43.0,38.8,37.6,36.2,35.8,36.1,35.0,33.8,31.2,29.5,10.0,1.0,4.5,12.1,14.1,16.0,18.7,21.1,24.0,26.6,31.0,35.5,19.8,17.5,17.1,16.0,15.1,14.9,14.2,12.8,12.4
137.2,44.3,40.2,31.3,21.6,13.6,13.0,20.4,27.5,7.1,0.0,0.0,0.0,11.0,9.2,7.3,5.0,3.2,9.5,18.7,28.9,39.8,38.1,36.1,37.7,35.7,36.2,36.7,33.1,31.6,30.0,10.0,0.0,4.5,13.0,14.6,15.6,18.0,20.0,21.9,26.2,28.6,33.0,13.5,16.8,13.6,12.5,15.7,12.0,15.1,13.5,12.1
134.4,46.4,42.3,32.6,24.0,16.3,18.4,25.0,30.3,9.5,0.0,0.0,0.0,11.2,9.5,8.1,5.8,4.5,11.2,21.2,31.8,42.6,40.0,39.0,36.1,36.7,35.5,34.7,34.9,33.2,30.6,11.2,1.4,5.0,13.4,14.8,18.0,19.7,21.9,26.0,27.3,32.8,36.9,20.2,15.8,18.0,17.0,15.5,15.6,13.2,12.2,12.7
137.2,41.6,36.6,29.2,21.3,15.5,17.5,23.8,28.2,7.1,0.0,0.0,0.0,12.2,11.0,8.5,5.7,6.3,12.0,20.5,30.5,39.2,36.8,36.2,34.1,33.7,34.2,32.4,31.1,28.3,27.3,9.2,1.4,4.0,13.0,13.5,16.2,17.0,19.9,22.2,24.8,29.2,33.2,20.0,16.4,17.5,16.0,15.8,17.2,16.1,15.3,15.8
134.4,39.2,33.8,25.6,18.0,13.3,16.3,23.9,28.4,7.1,0.0,0.0,0.0,13.0,11.4,9.4,7.6,10.2,14.8,22.5,31.6,38.4,34.5,34.1,34.4,31.0,30.8,34.0,30.0,29.4,27.5,9.8,1.4,4.1,12.0,14.0,15.3,17.5,19.4,19.8,26.2,27.2,31.6,18.0,19.0,15.7,15.7,17.8,14.8,16.6,15.0,14.1
107.4,43.9,37.6,28.6,19.4,14.9,19.2,26.4,33.0,8.5,0.0,0.0,0.0,14.1,12.0,11.2,9.4,12.0,17.1,25.5,35.4,42.5,37.6,36.8,37.0,35.4,35.9,37.0,33.2,32.4,30.6,11.2,1.4,4.1,13.0,15.0,16.3,19.2,20.2,22.2,27.0,30.1,34.8,19.2,21.4,18.0,17.1,18.0,16.1,17.7,17.0,15.6
137.2,32.6,26.2,19.8,13.4,10.2,15.6,22.8,29.1,8.5,0.0,0.0,0.0,12.8,10.3,10.0,12.5,16.3,21.4,26.2,31.1,34.0,57.7,59.7,55.5,55.7,57.3,55.1,55.2,50.7,48.5,17.0,1.4,8.2,21.5,22.5,26.6,27.2,31.9,36.8,38.2,46.0,53.8,38.5,30.4,32.8,31.0,28.0,32.1,27.5,26.2,27.8
134.4,42.0,32.0,21.1,10.8,8.0,17.8,29.1,39.7,12.2,0.0,0.0,0.0,20.6,17.2,17.5,22.0,29.8,37.1,44.7,50.2,52.1,41.8,41.8,39.6,38.9,40.5,40.2,38.5,35.8,34.7,12.0,1.4,5.7,17.2,17.5,19.4,21.6,23.9,25.8,29.8,33.3,38.2,23.3,21.2,20.4,18.4,18.4,19.4,18.2,17.1,17.0
137.2,29.8,21.4,14.2,7.1,2.8,12.0,22.1,30.1,9.1,0.0,0.0,0.0,14.3,12.0,13.6,19.4,25.1,30.9,34.7,37.0,36.9,32.0,32.0,31.1,30.3,30.3,30.1,29.0,28.0,26.3,9.5,0.0,5.4,14.8,14.8,16.6,18.4,19.3,21.2,23.5,26.2,30.1,17.2,16.6,15.3,14.3,14.3,13.9,13.9,13.4,12.5
134.4,24.1,18.1,12.2,6.7,3.6,11.7,21.6,28.6,8.2,0.0,0.0,0.0,13.9,12.0,13.9,17.0,22.1,25.1,29.0,30.1,30.1,56.5,54.7,53.4,52.3,53.2,53.2,51.2,47.3,45.7,15.5,2.2,8.5,26.0,27.2,29.7,31.8,34.1,36.4,41.7,46.4,52.0,30.6,29.7,26.9,25.8,25.6,25.5,25.1,24.2,22.4
122.1,27.5,21.2,14.6,8.0,4.0,12.7,22.8,31.1,9.2,0.0,0.0,0.0,15.8,14.6,16.3,20.6,25.6,30.0,33.5,34.5,34.2,33.0,31.1,31.8,30.1,30.1,31.3,29.1,28.6,27.3,9.5,1.0,5.0,14.8,15.8,16.4,18.4,19.8,20.2,24.2,26.7,30.4,16.6,18.8,15.7,14.1,16.1,13.0,15.1,15.0,12.0
107.4,27.2,20.8,13.6,6.4,4.1,13.6,23.8,31.4,9.8,0.0,0.0,0.0,15.1,13.6,15.6,19.7,24.6,28.6,32.2,33.3,34.4,31.0,30.0,30.5,29.2,28.4,29.7,27.6,27.0,25.6,8.1,1.0,5.0,14.9,15.8,15.8,19.7,19.3,19.6,23.1,26.1,29.3,14.0,18.0,15.0,13.9,15.8,11.7,13.4,13.6,10.8
137.2,33.3,27.0,19.8,10.8,5.8,15.7,25.8,33.3,9.2,0.0,0.0,0.0,19.0,19.0,20.6,23.4,26.2,27.0,29.2,31.4,35.8,72.4,69.0,66.9,65.1,65.8,62.6,60.8,56.4,55.0,19.3,3.0,13.0,35.7,36.7,39.0,40.8,45.0,48.8,51.3,60.9,67.5,41.4,33.2,34.1,30.0,28.4,34.2,30.1,28.5,29.7
134.4,30.0,26.1,19.4,13.6,11.0,17.8,26.9,33.4,8.5,0.0,0.0,0.0,15.0,14.6,17.2,18.4,19.7,21.5,22.8,26.5,29.2,63.6,63.2,59.8,59.2,59.4,58.4,56.4,52.2,49.8,17.7,1.0,11.0,30.0,32.0,34.4,35.9,39.2,42.5,46.6,52.3,58.6,41.2,37.7,36.7,34.5,34.0,34.5,32.6,30.3,29.6
137.2,31.1,26.2,19.9,13.5,11.0,18.9,26.9,32.6,8.6,0.0,0.0,0.0,14.1,14.3,15.0,16.6,19.0,21.4,25.3,29.2,33.1,32.8,32.2,31.3,30.9,30.9,30.9,28.8,27.2,25.5,10.0,0.0,5.7,16.4,16.4,17.8,19.2,20.5,22.6,24.8,27.2,31.1,19.8,19.8,18.4,17.0,17.2,16.4,17.0,15.6,15.6
134.4,36.7,30.4,23.6,16.6,15.1,21.6,30.6,38.6,10.8,0.0,0.0,0.0,15.6,13.9,14.1,15.8,19.4,23.7,29.5,35.3,38.9,37.1,35.7,34.2,34.0,34.8,34.4,32.9,30.3,28.6,10.3,1.4,6.1,17.1,17.2,19.1,19.8,22.2,23.7,25.6,30.1,33.5,22.1,20.6,19.7,18.4,18.4,18.4,17.5,17.0,16.5
107.4,34.5,29.6,21.2,15.6,13.2,19.9,28.2,33.6,10.2,0.0,0.0,0.0,13.9,13.0,12.5,15.0,19.0,22.4,28.3,32.4,36.3,34.5,33.4,32.5,31.4,31.3,31.8,30.0,28.2,26.6,9.2,0.0,5.7,15.8,16.6,17.7,19.2,20.0,22.0,25.2,27.7,31.6,19.8,19.2,18.4,17.5,17.5,17.0,17.1,16.2,15.0
137.2,37.6,34.5,25.0,18.1,15.3,21.6,28.6,36.6,9.2,0.0,0.0,0.0,11.0,9.8,8.9,11.4,14.8,19.7,27.3,34.5,37.7,36.5,35.0,35.2,33.5,34.9,34.8,32.8,30.1,29.1,10.2,1.0,3.2,13.4,13.0,15.0,17.0,19.2,20.8,24.2,26.8,31.3,20.1,20.6,19.3,18.0,19.8,18.4,19.7,17.5,17.1
134.4,32.2,28.6,23.9,19.0,17.0,20.6,27.3,32.6,8.5,0.0,0.0,0.0,10.2,7.6,8.5,11.2,14.3,18.4,23.3,27.8,31.4,28.9,28.6,28.4,28.2,28.0,28.2,26.9,26.0,24.4,8.5,1.0,4.1,11.4,12.4,13.3,14.3,15.5,17.5,19.9,22.1,26.2,20.1,19.2,18.2,18.4,17.7,18.0,17.9,17.2,16.3
122.1,29.1,26.2,21.4,17.5,16.0,19.6,26.0,30.4,8.2,0.0,0.0,0.0,9.0,8.6,8.5,10.2,13.4,16.6,20.8,24.4,28.6,52.5,51.0,49.2,49.6,50.2,48.1,46.3,44.0,41.4,14.9,1.0,7.1,20.6,20.6,22.8,24.2,26.9,30.9,33.1,40.7,46.1,39.0,35.1,34.1,32.4,33.4,34.0,33.6,30.5,29.7
107.4,33.0,29.0,24.0,18.7,17.0,21.5,28.2,34.0,8.1,0.0,0.0,0.0,10.6,8.1,8.6,10.8,14.1,18.0,23.0,29.0,33.0,30.7,30.1,30.8,28.6,29.2,30.0,27.3,27.2,25.1,9.2,1.0,4.1,12.6,12.4,13.6,14.6,15.8,17.7,21.2,23.8,26.9,20.0,21.0,19.1,18.0,19.4,17.7,19.0,17.5,17.2
137.2,31.1,30.0,24.7,21.2,18.0,18.4,23.0,28.2,8.0,0.0,0.0,0.0,13.3,10.8,9.8,10.0,12.1,15.6,20.5,24.8,29.7,51.0,48.3,51.9,48.1,47.5,51.2,45.4,45.2,43.0,14.3,2.0,7.1,20.0,21.2,20.4,24.7,25.9,28.3,35.5,38.6,45.0,36.1,41.1,34.8,33.8,38.0,31.6,35.4,33.4,28.3
134.4,30.0,28.6,23.7,19.4,15.6,16.3,21.0,27.2,7.1,0.0,0.0,0.0,12.5,10.0,9.2,9.5,11.4,14.9,18.4,23.6,28.3,47.3,49.0,45.7,46.9,46.8,46.8,46.5,41.8,40.4,14.0,1.4,8.1,21.1,20.4,22.8,23.3,25.0,28.3,31.4,37.7,43.2,39.4,34.0,34.7,33.5,31.1,33.0,29.0,28.2,29.0
122.1,34.9,32.2,28.2,23.6,19.2,19.6,25.0,31.1,9.0,0.0,0.0,0.0,13.6,11.7,11.2,12.6,13.6,17.0,22.7,27.8,31.6,28.1,26.0,28.0,27.2,28.4,26.5,25.2,25.0,24.0,8.0,1.0,3.6,11.7,10.8,11.2,12.2,14.1,15.8,17.9,21.2,24.7,20.2,21.5,19.2,18.0,18.7,18.2,19.2,17.5,16.3
107.4,34.1,32.2,26.9,22.8,18.0,19.2,23.3,29.4,8.1,0.0,0.0,0.0,13.9,11.4,10.2,11.7,13.6,17.0,21.9,27.0,32.2,26.9,25.5,28.4,25.9,25.6,27.7,23.7,24.2,22.4,7.2,0.0,5.0,12.8,12.5,12.1,13.9,14.0,15.0,19.4,20.6,23.9,18.4,21.5,18.0,15.6,18.4,14.9,17.2,16.3,14.4
137.2,38.0,34.0,28.0,20.4,14.2,15.3,23.2,29.3,8.1,0.0,0.0,0.0,13.4,13.2,11.4,11.4,13.9,16.8,22.4,29.2,35.1,31.9,32.2,31.2,30.4,30.6,30.9,29.4,28.2,27.2,9.5,1.4,4.0,13.0,13.3,15.5,16.8,18.0,19.3,21.5,25.1,29.1,19.4,18.9,17.0,16.6,17.1,16.5,16.0,15.1,14.6
134.4,38.3,35.2,29.4,22.0,15.0,17.0,23.1,29.7,9.2,0.0,0.0,0.0,11.4,11.7,12.0,13.0,13.5,16.4,21.5,28.2,34.8,32.3,31.8,31.6,30.5,30.6,30.0,28.6,27.0,25.3,8.1,0.0,5.7,13.9,13.9,15.5,16.3,18.1,20.0,23.0,26.2,29.6,19.8,19.2,18.0,17.0,17.1,17.5,17.0,16.3,15.2
122.1,38.0,34.4,28.7,21.4,14.8,15.3,22.0,29.2,7.6,0.0,0.0,0.0,10.8,10.0,11.2,11.2,12.5,15.6,20.6,28.3,34.5,32.2,31.0,31.8,30.3,30.1,32.0,29.5,28.3,26.1,9.5,1.4,4.0,12.4,13.6,14.3,16.6,17.2,18.4,21.9,24.8,28.6,17.3,19.0,16.5,16.3,17.1,15.3,16.4,16.1,13.9
107.4,37.6,34.8,28.6,21.5,14.0,15.6,22.5,28.8,7.8,0.0,0.0,0.0,11.0,10.3,10.6,10.4,12.0,14.9,20.1,27.5,33.6,64.1,63.3,62.6,61.0,61.7,60.5,58.2,56.0,52.4,18.4,2.0,10.0,25.5,27.3,29.5,32.4,34.7,38.2,43.2,51.2,57.7,37.0,34.4,34.2,33.2,32.2,34.4,32.0,31.3,31.3
137.2,37.4,34.4,28.3,21.0,15.0,15.6,23.3,30.0,7.8,0.0,0.0,0.0,6.1,5.7,7.6,10.0,13.2,16.5,21.2,27.3,34.0,62.6,66.1,61.7,63.1,61.2,59.9,60.8,54.2,50.5,19.1,1.4,8.5,20.6,22.0,26.2,28.4,31.0,36.2,41.7,51.1,58.7,38.2,33.0,34.2,34.0,29.2,35.4,32.2,31.6,32.0
134.4,36.5,33.7,27.5,21.0,14.3,15.7,23.3,31.3,9.2,0.0,0.0,0.0,7.3,6.3,8.5,10.8,14.3,17.1,23.1,29.0,35.1,30.4,34.0,28.2,30.1,31.4,27.5,31.1,26.1,25.0,9.5,0.0,5.0,10.8,10.0,15.1,14.1,15.3,19.9,19.3,25.0,30.0,24.2,13.3,18.0,18.0,12.5,18.4,13.3,13.0,16.3
122.1,36.8,32.9,26.9,20.1,13.0,14.1,22.8,29.1,8.5,0.0,0.0,0.0,6.4,5.1,7.6,9.9,13.6,16.6,22.0,29.1,34.5,32.2,30.6,32.2,31.4,30.5,31.4,29.4,28.6,26.6,10.0,1.4,2.8,10.0,10.3,10.4,14.3,15.5,16.0,21.1,24.3,28.2,13.4,17.9,15.0,13.3,16.0,13.3,16.6,16.3,12.8
107.4,34.2,30.6,25.0,19.2,13.0,13.6,20.8,27.5,7.8,0.0,0.0,0.0,6.1,5.7,7.1,10.2,12.6,16.2,21.0,26.4,31.9,59.3,59.2,56.8,56.4,57.5,55.5,54.5,49.5,46.6,16.3,1.0,7.1,19.9,20.6,23.6,25.5,30.5,34.7,38.0,45.2,54.1,34.8,30.4,30.6,29.5,28.2,29.3,27.7,26.6,26.9
137.2,34.1,30.3,28.2,21.1,15.2,15.0,21.4,30.1,7.3,0.0,0.0,0.0,8.0,8.1,9.4,11.0,13.0,15.0,18.0,26.0,29.3,26.9,26.9,28.4,26.9,26.6,28.8,25.8,25.5,24.1,7.8,1.0,3.6,11.2,10.8,10.4,13.2,13.2,13.3,18.0,20.0,23.6,17.7,20.9,17.5,16.6,18.9,15.7,17.2,16.6,13.0
134.4,35.5,33.9,29.1,22.6,15.8,15.0,20.2,28.6,8.5,0.0,0.0,0.0,6.1,3.2,3.0,5.8,8.6,12.5,18.8,25.9,32.8,62.4,54.0,61.4,56.6,55.9,62.4,51.9,53.6,52.0,16.3,1.0,7.3,22.0,24.0,19.2,25.5,29.4,28.0,40.3,44.6,48.8,27.2,38.3,30.9,24.8,36.1,24.2,30.0,30.5,20.5
122.1,35.9,33.1,30.1,23.2,17.1,14.9,20.2,27.9,8.5,0.0,0.0,0.0,4.5,3.2,3.6,6.3,9.5,13.0,18.4,26.4,32.0,30.0,31.8,29.2,29.2,29.2,28.8,29.0,26.0,24.8,8.1,1.0,4.0,11.2,10.8,12.5,12.2,14.9,16.3,19.4,23.3,26.9,19.8,17.2,16.6,16.5,15.0,15.1,15.2,13.0,13.4
107.4,35.8,33.6,28.3,22.5,15.8,13.6,19.8,28.3,8.5,0.0,0.0,0.0,5.8,3.0,2.0,4.5,8.1,11.7,17.5,24.7,31.6,30.8,29.5,30.5,30.5,30.4,30.4,28.6,27.3,26.2,9.8,1.4,3.0,9.5,10.3,10.6,11.4,13.5,15.3,18.4,22.6,26.1,15.8,16.6,15.1,13.0,15.3,14.3,15.6,14.4,13.6
137.2,62.4,52.5,41.2,28.0,14.9,7.6,20.2,34.4,10.3,0.0,0.0,0.0,16.0,15.0,10.0,1.0,9.8,23.3,38.4,54.7,62.6,54.5,51.4,53.3,50.5,48.5,51.6,45.8,42.7,39.1,14.0,1.4,5.1,15.7,19.1,20.6,24.1,28.2,30.9,39.6,44.8,49.3,14.9,20.0,19.3,16.2,21.4,18.8,17.7,18.4,14.6
134.4,44.7,38.3,30.2,19.8,10.8,10.3,18.6,27.2,8.6,0.0,0.0,0.0,11.0,9.0,7.3,4.1,9.2,17.0,27.0,37.8,45.8,38.0,37.1,35.4,34.7,34.1,34.0,32.2,30.0,28.3,9.8,0.0,4.2,11.4,13.4,16.3,19.0,20.9,23.3,26.9,31.1,35.1,17.0,16.1,15.5,14.0,14.1,14.3,13.5,11.7,11.2
122.1,42.1,36.1,27.1,19.2,11.2,9.0,16.2,23.3,7.3,0.0,0.0,0.0,8.9,8.1,5.7,4.1,8.5,16.3,26.3,34.5,42.4,34.5,34.0,31.6,31.3,31.9,29.5,29.3,26.5,25.0,9.4,0.0,4.5,10.8,12.0,14.8,16.8,19.0,22.6,25.1,28.4,33.4,17.2,14.9,13.6,13.6,12.0,13.0,11.7,10.6,12.1
107.4,46.1,39.4,30.4,20.2,10.6,8.9,17.0,25.0,7.1,0.0,0.0,0.0,11.0,9.1,5.1,3.0,9.2,18.0,28.8,38.3,46.3,39.7,37.9,38.1,35.5,34.9,36.8,33.1,30.1,29.1,10.3,1.0,3.2,10.2,12.5,14.2,17.5,21.2,22.0,27.7,31.4,35.6,15.2,17.9,16.3,13.6,15.8,14.0,15.0,15.3,11.4
137.2,39.6,35.4,28.3,19.2,12.0,12.2,16.4,20.8,5.7,0.0,0.0,0.0,9.5,10.0,11.0,10.4,8.5,10.0,16.1,27.0,35.4,63.6,62.8,60.3,56.3,55.5,54.6,50.6,47.7,45.4,16.2,2.2,6.3,17.9,21.2,25.1,30.6,35.0,39.6,46.1,52.0,59.5,28.2,30.1,26.9,26.0,29.2,30.4,30.9,27.3,25.2
134.4,40.4,38.2,29.8,22.0,15.3,15.2,20.0,23.9,5.8,0.0,0.0,0.0,7.8,10.0,12.2,12.1,9.1,6.4,11.2,22.8,33.6,63.2,60.9,58.8,57.8,57.9,56.8,54.2,49.2,46.0,16.8,0.0,6.3,19.0,21.5,26.2,30.0,34.4,38.8,43.9,51.0,57.8,32.6,30.9,29.7,28.7,28.4,29.4,28.8,27.5,27.3
122.1,41.4,38.9,31.4,23.3,17.0,16.3,20.0,24.0,7.1,0.0,0.0,0.0,6.3,8.1,10.0,11.2,7.6,6.1,12.0,23.9,34.0,31.0,30.0,30.1,27.2,26.9,27.3,24.7,24.1,22.1,7.1,1.4,2.2,7.6,10.0,12.6,14.9,17.0,19.2,23.2,26.4,29.7,16.3,16.0,16.2,16.4,15.3,14.3,14.1,13.0,12.2
107.4,44.8,40.7,33.6,24.8,17.5,16.0,20.4,24.5,6.0,0.0,0.0,0.0,7.1,9.4,11.7,11.4,9.0,5.4,12.2,23.3,36.4,33.3,34.7,29.5,31.0,29.8,27.6,29.2,24.0,23.0,8.6,1.4,3.0,9.2,9.9,14.3,15.1,18.0,22.2,22.2,27.9,32.0,19.8,14.4,17.5,17.1,15.3,18.6,14.3,15.5,15.2
137.2,60.0,52.1,40.4,28.5,18.4,14.4,18.0,22.8,7.3,0.0,0.0,0.0,13.5,18.4,23.3,21.9,17.0,12.1,22.1,38.3,55.1,38.6,34.7,35.8,33.2,33.1,32.6,29.2,27.7,26.4,9.1,0.0,3.6,10.6,14.3,16.0,19.2,22.7,24.2,27.9,31.1,34.7,16.3,20.2,16.5,14.6,18.0,15.3,18.4,15.6,13.4
134.4,43.0,39.1,30.4,21.8,16.1,12.8,13.4,15.3,4.2,0.0,0.0,0.0,7.1,12.2,15.8,16.6,13.6,7.3,11.2,24.2,36.1,26.2,26.4,24.5,24.0,24.4,22.8,21.6,20.6,19.2,6.7,1.0,3.0,7.8,9.8,12.0,13.4,14.9,17.1,19.1,22.4,25.5,13.9,13.3,13.0,12.4,12.5,12.0,12.5,11.2,11.0
137.2,43.0,40.0,33.1,25.3,16.5,11.2,9.2,11.4,3.6,0.0,0.0,0.0,8.5,11.4,16.0,16.5,13.9,5.7,7.3,21.0,34.0,25.1,23.0,22.4,20.6,19.8,20.2,17.3,16.3,15.1,5.4,0.0,4.1,10.2,11.4,13.2,13.9,15.7,16.0,19.7,21.6,24.1,8.5,11.0,10.3,8.5,10.8,9.1,10.8,9.4,7.1
134.4,38.6,36.4,30.9,23.1,15.1,9.1,7.8,9.4,2.8,0.0,0.0,0.0,11.4,15.8,21.2,24.0,21.0,14.3,8.1,17.0,27.8,49.0,44.9,40.3,39.2,40.1,36.1,34.4,30.0,29.2,9.8,2.0,6.3,22.2,23.3,28.2,29.6,34.7,37.3,38.1,43.4,45.6,20.6,16.1,17.7,15.1,13.3,15.3,13.4,12.0,12.8
122.1,37.1,35.1,29.6,20.9,13.4,7.8,7.0,9.2,3.2,0.0,0.0,0.0,12.1,17.0,22.7,24.4,21.1,13.9,7.6,14.1,28.1,24.2,22.8,20.9,20.0,20.1,19.2,18.4,16.5,14.9,4.5,0.0,5.0,11.7,13.0,14.3,16.4,17.3,18.0,19.8,21.5,23.0,7.8,8.1,7.1,7.3,7.2,7.6,7.0,7.3,6.4
107.4,35.2,32.2,26.7,22.0,19.9,19.2,20.1,21.2,5.1,0.0,0.0,0.0,14.1,20.2,25.5,26.7,22.5,15.8,12.4,19.7,29.4,45.3,43.1,39.9,36.1,35.8,36.2,33.6,32.0,29.4,9.8,2.0,6.3,20.4,25.1,28.3,34.4,34.1,35.9,40.2,42.7,47.1,44.8,45.8,40.2,38.9,36.2,32.3,32.1,27.3,24.1
137.2,41.3,38.1,31.6,27.0,23.4,23.3,24.2,25.3,7.1,0.0,0.0,0.0,17.1,24.1,31.4,31.8,27.5,18.4,14.6,21.9,33.8,26.9,26.4,23.7,22.0,21.5,21.2,19.2,18.1,16.5,5.4,1.0,4.0,12.0,14.3,16.3,18.9,20.4,21.1,24.2,25.6,28.2,27.5,25.8,23.2,22.5,21.2,19.3,20.0,16.8,14.9
134.4,21.6,23.4,22.8,21.5,22.2,24.0,26.1,28.0,8.1,0.0,0.0,0.0,4.1,11.7,19.4,25.0,25.6,22.7,15.6,11.0,14.2,32.3,32.2,31.3,29.5,30.8,30.5,29.2,29.7,28.1,10.4,0.0,3.2,10.3,12.5,13.0,16.6,16.8,19.0,22.8,25.7,30.6,45.5,41.0,36.1,36.3,33.4,32.4,32.6,27.0,24.8
122.1,26.0,28.4,25.0,25.3,24.7,27.6,29.7,31.9,8.1,0.0,0.0,0.0,5.0,13.6,22.4,29.3,30.1,26.0,19.1,12.0,16.0,37.6,36.8,36.1,34.4,35.1,35.8,35.4,34.9,32.0,11.7,0.0,4.5,12.4,14.6,14.9,18.1,19.7,21.5,26.0,30.0,35.9,52.2,49.0,43.0,43.4,40.3,37.6,36.9,30.8,28.4
107.4,32.1,34.1,32.0,30.9,31.1,33.8,36.4,39.4,9.9,0.0,0.0,0.0,5.7,15.7,27.9,36.4,37.1,32.8,24.1,16.1,19.4,24.8,22.0,21.2,21.0,21.2,22.0,21.9,21.0,21.1,8.6,0.0,3.6,7.1,8.5,10.4,12.2,13.0,13.5,15.1,18.9,21.6,30.7,28.2,28.6,25.2,25.2,24.8,21.1,20.6,16.5
137.2,30.9,24.6,20.2,18.6,16.3,10.3,11.4,23.6,7.8,0.0,0.0,0.0,20.6,27.0,31.6,32.0,25.1,17.7,17.5,25.1,31.8,75.6,73.4,69.6,68.2,67.8,66.6,64.9,60.7,57.7,20.6,0.0,5.4,16.6,20.8,26.2,32.0,38.3,44.8,52.4,61.3,69.8,19.4,16.8,13.9,12.1,9.5,8.2,7.1,5.1,5.0
134.4,35.8,26.9,23.3,22.8,21.0,14.3,15.0,29.2,10.8,0.0,0.0,0.0,22.0,25.6,27.7,25.1,15.8,2.0,15.3,30.4,39.4,46.8,45.2,44.6,43.5,43.4,44.1,42.2,41.2,38.9,14.2,0.0,1.4,4.1,7.6,10.8,15.3,19.9,23.0,30.4,35.8,41.0,5.4,9.4,7.3,2.8,5.0,1.0,3.6,1.4,4.0
107.4,28.0,21.4,18.9,19.1,18.0,12.4,11.4,23.2,8.0,0.0,0.0,0.0,16.1,18.7,20.0,17.2,10.2,4.0,15.2,26.3,32.0,73.1,73.6,70.2,69.4,70.3,68.9,67.2,63.3,60.1,20.6,1.4,1.4,5.7,8.9,15.3,22.0,29.1,37.5,44.4,55.1,66.2,18.7,9.1,11.2,8.9,3.6,6.0,2.0,7.2,4.1
137.2,36.2,28.3,24.2,25.5,24.4,21.6,19.2,28.7,9.2,0.0,0.0,0.0,22.8,20.6,15.2,11.7,12.0,20.5,32.9,42.1,46.2,51.2,50.0,46.9,45.5,45.2,44.4,43.9,40.5,39.7,14.6,0.0,6.4,16.6,17.7,21.2,24.2,27.7,31.6,36.1,42.1,47.3,13.0,9.4,10.0,8.1,5.7,7.6,5.4,6.7,6.0
134.4,25.8,21.3,21.3,20.8,20.1,19.2,21.4,27.7,8.1,0.0,0.0,0.0,17.1,14.3,8.5,2.2,5.8,14.0,21.9,27.6,30.6,77.8,75.0,72.1,70.0,70.2,68.8,66.2,61.8,59.4,20.0,1.4,9.4,27.0,29.0,33.3,36.8,41.8,46.8,53.9,62.5,72.3,14.8,13.4,10.8,8.5,6.3,5.4,3.2,2.2,2.2
122.1,31.1,26.4,25.0,25.5,24.0,23.8,25.8,33.3,10.0,0.0,0.0,0.0,20.9,16.0,9.5,2.0,8.5,17.7,27.0,33.8,36.7,46.1,44.0,43.0,42.0,42.2,40.6,38.6,36.7,35.0,11.3,0.0,6.3,17.5,18.4,20.2,23.2,25.2,28.2,33.4,36.5,43.2,6.3,11.2,5.0,4.1,5.8,1.0,5.1,2.2,3.2
107.4,39.4,32.8,31.2,32.6,30.2,29.4,33.0,42.7,12.6,0.0,0.0,0.0,26.6,20.0,11.7,1.4,10.2,21.8,33.6,42.2,45.2,58.8,55.9,54.5,52.5,52.8,52.2,49.7,45.9,44.2,16.0,1.0,7.6,22.0,22.5,25.2,28.6,32.2,35.8,42.4,47.4,54.0,8.6,13.0,7.1,5.7,7.3,1.0,5.7,3.2,3.2
137.2,28.8,19.8,14.6,13.2,10.8,9.0,17.0,28.7,8.5,0.0,0.0,0.0,19.7,10.8,3.0,11.4,21.2,29.2,36.8,41.6,41.7,39.3,39.2,37.6,36.8,36.2,36.0,34.4,32.0,30.4,10.4,1.4,4.1,12.0,13.0,14.9,16.6,19.0,22.0,25.7,31.4,36.1,10.0,9.5,9.0,8.2,8.6,7.8,7.3,7.3,7.1
134.4,45.2,29.8,17.9,13.2,10.6,7.6,18.1,34.7,10.8,0.0,0.0,0.0,28.2,19.4,7.6,7.1,20.6,34.7,47.8,59.5,60.4,53.6,51.2,50.0,48.7,47.4,48.3,46.2,43.6,41.3,15.8,1.0,5.4,14.1,16.4,18.8,22.2,25.8,30.4,36.0,42.9,48.5,8.5,11.0,10.6,7.2,10.0,7.8,7.6,10.3,7.2
122.1,33.5,22.5,12.7,9.2,6.7,6.1,13.9,26.1,9.1,0.0,0.0,0.0,22.1,15.2,6.7,4.5,14.9,25.6,35.8,44.4,45.7,39.0,38.6,37.1,36.1,35.8,36.4,34.7,33.3,31.1,11.7,1.4,3.2,11.0,12.2,14.8,17.0,20.1,23.0,27.3,31.6,36.1,5.8,7.1,6.4,5.4,7.0,7.1,6.7,8.2,6.4
107.4,34.0,22.5,12.7,9.2,7.2,6.3,13.6,25.1,9.1,0.0,0.0,0.0,22.1,15.2,5.8,3.6,14.1,25.2,35.8,42.2,46.7,39.4,38.9,37.0,35.0,35.8,35.4,34.7,33.5,31.3,12.2,1.4,3.0,10.3,11.7,14.0,17.0,19.4,23.1,26.9,31.9,36.9,10.0,7.2,6.4,7.0,5.4,5.8,6.1,6.4,7.0
137.2,42.1,31.0,21.6,17.0,13.3,13.0,14.8,22.2,7.1,0.0,0.0,0.0,20.8,17.2,11.2,9.5,16.3,27.6,39.8,47.0,52.2,43.8,40.4,40.3,38.6,38.1,35.9,34.5,33.3,30.7,11.0,1.0,6.0,16.3,17.9,20.0,23.4,25.5,28.2,31.1,37.2,41.1,9.0,8.9,8.1,7.8,7.1,8.1,7.3,7.0,7.1
134.4,42.5,32.2,23.8,18.1,13.3,10.6,13.0,21.1,6.4,0.0,0.0,0.0,19.0,14.9,11.3,13.2,22.0,31.0,41.0,49.0,52.3,40.8,39.4,37.6,35.8,35.4,34.4,33.0,31.3,29.7,10.8,1.4,5.1,15.7,16.6,18.6,21.3,23.3,25.5,29.1,34.1,38.4,13.6,12.0,10.6,10.6,9.9,10.6,9.4,8.9,8.5
122.1,42.2,32.8,22.8,18.2,13.6,10.8,14.0,21.9,7.2,0.0,0.0,0.0,18.2,13.9,10.6,13.3,22.0,32.1,41.5,47.0,52.5,40.8,39.3,38.1,36.0,36.1,35.7,33.8,31.8,29.8,10.8,1.4,5.0,15.6,16.4,18.9,21.5,23.3,26.0,29.2,32.9,37.6,13.0,13.0,12.1,9.8,10.8,10.4,10.2,9.1,9.1
107.4,31.0,24.2,18.4,12.8,7.3,8.1,17.0,27.0,9.1,0.0,0.0,0.0,14.2,9.5,8.6,15.0,21.4,27.6,33.3,37.2,38.3,34.1,33.3,31.9,31.6,31.6,31.2,30.4,28.6,27.3,9.2,1.4,4.5,14.2,14.1,14.9,16.3,17.8,20.0,22.5,26.9,31.4,13.0,12.0,11.0,11.0,10.0,11.0,10.0,9.0,9.2
137.2,34.0,27.5,21.0,15.0,8.5,10.0,20.4,30.1,10.0,0.0,0.0,0.0,14.9,9.8,10.3,17.7,24.8,31.4,37.6,40.8,42.0,39.1,38.3,36.8,36.1,36.8,36.2,34.7,33.1,32.3,12.0,1.0,5.7,16.3,16.3,17.7,19.1,21.2,23.3,26.2,30.6,35.6,14.1,14.1,13.2,12.2,12.2,12.2,12.4,11.7,11.2
134.4,20.6,13.3,11.4,9.2,7.0,13.6,26.4,39.0,11.7,0.0,0.0,0.0,25.5,17.0,10.8,16.5,26.5,33.5,38.5,39.2,36.1,35.7,34.5,33.6,32.6,32.2,31.8,30.5,28.8,28.2,9.2,1.0,5.0,15.0,15.7,17.1,17.7,20.4,22.2,25.1,29.0,33.0,13.6,12.0,11.3,10.6,10.8,11.2,10.8,10.2,10.0
122.1,20.2,12.5,11.0,9.8,8.5,14.8,26.9,38.9,12.7,0.0,0.0,0.0,24.7,15.7,10.4,16.6,25.9,33.0,38.2,39.1,34.9,35.2,35.0,33.1,32.2,32.0,32.2,31.6,29.7,27.8,10.4,1.4,4.5,13.5,15.0,16.6,18.4,19.2,21.5,24.4,28.5,32.0,12.6,12.1,11.2,11.2,11.7,10.6,10.0,9.4,9.2
107.4,19.2,12.2,9.8,9.1,6.4,12.2,23.3,34.4,10.3,0.0,0.0,0.0,23.6,15.6,11.0,15.8,24.2,30.5,35.1,36.5,33.1,31.9,31.1,30.4,29.2,28.9,30.1,27.3,25.6,24.4,8.5,0.0,5.1,14.0,15.1,15.5,17.5,18.8,19.7,23.9,26.6,29.7,11.4,13.2,10.0,10.2,12.0,9.5,10.4,10.0,7.8
137.2,28.2,14.1,6.7,9.5,12.4,15.3,21.2,30.9,9.2,0.0,0.0,0.0,28.4,20.0,9.4,3.6,15.6,26.6,35.8,41.4,42.2,35.0,35.2,33.8,32.3,32.4,31.3,29.8,29.1,27.0,11.0,1.0,5.0,12.6,13.6,15.0,16.4,18.0,20.2,23.0,27.0,31.4,7.3,7.6,8.1,8.0,8.5,8.2,8.9,7.3,7.2
134.4,36.8,22.8,11.4,7.3,10.8,14.9,21.1,29.5,10.0,0.0,0.0,0.0,28.6,22.0,11.4,5.0,16.0,28.0,38.3,46.3,48.4,38.1,37.0,35.4,36.1,35.8,35.1,35.4,32.4,30.2,11.2,1.4,4.1,12.0,14.0,16.6,18.8,22.2,24.2,27.5,31.8,35.4,12.0,9.8,10.3,9.2,8.5,10.0,9.2,9.5,10.3
122.1,36.2,21.9,9.8,6.4,9.4,14.2,19.4,28.2,8.5,0.0,0.0,0.0,29.0,21.0,11.2,3.6,15.2,27.9,38.0,46.0,48.3,39.6,39.3,37.1,35.4,35.5,34.8,33.0,32.6,30.0,11.7,0.0,5.0,14.3,14.8,17.0,18.1,20.5,23.3,26.0,31.6,36.0,11.4,10.2,10.8,10.3,10.0,10.0,9.2,8.1,9.1
107.4,36.1,21.6,10.2,7.8,10.8,14.9,19.9,28.1,9.2,0.0,0.0,0.0,29.4,21.1,12.0,4.0,14.4,26.1,37.2,45.3,48.1,37.1,37.7,35.5,36.1,35.5,34.2,33.8,30.4,28.3,9.8,1.4,4.1,12.2,14.2,17.0,18.4,21.9,23.3,26.2,29.6,34.5,11.2,8.2,9.2,9.1,8.6,10.2,9.4,10.3,9.8
137.2,36.4,24.2,13.5,5.0,4.5,10.4,17.9,24.4,7.1,0.0,0.0,0.0,22.6,18.0,12.4,11.4,17.9,27.9,36.2,43.9,46.0,37.9,35.8,34.2,32.6,33.0,31.4,30.4,28.2,27.2,9.4,1.0,4.5,13.5,15.7,17.3,19.1,21.9,24.2,26.4,30.5,35.1,15.6,12.8,13.0,13.0,12.4,12.5,10.8,10.4,9.5
134.4,34.2,23.4,13.5,4.2,4.0,11.0,18.0,25.7,7.3,0.0,0.0,0.0,20.6,17.1,12.0,12.2,19.0,27.5,35.3,43.4,43.0,35.9,34.0,34.7,31.9,31.1,32.3,29.2,28.4,26.8,9.9,1.0,5.0,14.6,16.6,16.4,19.8,20.2,21.9,27.2,29.6,33.0,12.5,17.0,12.1,12.2,14.3,10.0,13.0,12.2,9.2
107.4,31.6,21.6,14.4,5.7,2.0,8.9,17.9,25.0,7.3,0.0,0.0,0.0,19.7,13.9,11.2,13.6,21.0,28.3,33.4,40.4,39.6,65.8,65.3,63.2,59.9,56.9,60.2,57.0,52.3,49.4,17.1,2.2,10.0,26.9,29.2,32.0,35.8,38.5,41.1,48.8,55.0,62.0,31.6,29.2,26.9,26.6,28.3,26.4,25.1,25.0,22.4
137.2,33.8,24.4,15.0,7.1,1.0,8.9,17.5,26.6,7.6,0.0,0.0,0.0,20.0,15.2,12.2,16.3,23.6,30.8,38.2,43.3,43.6,35.8,35.2,34.2,32.0,31.8,32.6,30.5,29.2,27.7,10.0,1.0,5.1,14.3,15.5,17.1,19.7,21.0,22.4,25.9,28.6,33.1,13.9,16.6,14.6,13.0,14.6,12.2,13.2,13.2,11.4
134.4,26.0,17.1,9.8,5.0,2.2,8.6,18.4,26.2,7.8,0.0,0.0,0.0,19.0,12.4,8.5,15.2,23.7,31.4,37.1,38.3,37.1,32.1,31.1,30.6,28.8,29.2,29.7,28.0,26.6,26.0,9.2,1.4,4.0,13.3,14.3,15.3,17.0,18.4,19.4,22.8,26.0,29.1,12.2,13.5,12.2,10.8,12.1,11.2,12.0,11.7,10.8
122.1,33.2,21.8,13.0,6.3,2.2,11.4,22.5,33.5,10.3,0.0,0.0,0.0,23.8,15.1,11.3,19.0,30.1,39.0,45.5,48.8,47.8,39.2,41.0,37.0,36.7,38.1,35.4,36.2,33.2,31.6,12.0,1.4,5.7,15.8,16.8,20.2,21.1,23.0,26.5,27.7,32.3,38.1,21.1,14.0,15.1,16.5,13.3,17.5,15.6,12.7,15.8
107.4,31.0,20.2,11.7,5.7,1.4,10.3,20.6,30.7,9.2,0.0,0.0,0.0,23.1,15.3,10.2,18.0,27.0,35.0,42.1,44.0,44.0,36.3,34.8,34.0,32.4,32.5,32.2,29.8,29.0,27.2,10.0,1.0,6.0,15.8,16.6,17.7,19.2,20.8,22.8,26.2,28.6,33.2,14.9,15.0,13.9,12.6,14.1,13.0,13.3,13.0,12.0
137.2,37.4,26.9,18.6,13.9,11.2,7.2,9.1,17.7,6.3,0.0,0.0,0.0,19.0,12.2,5.0,9.4,18.4,27.6,36.9,40.8,47.0,28.2,28.6,27.5,27.6,27.8,27.7,26.7,25.0,24.7,9.4,1.4,2.8,7.8,8.1,9.4,10.8,12.4,15.3,18.1,21.0,25.2,16.0,16.3,14.9,13.4,14.4,14.1,14.2,13.0,12.0
134.4,38.4,28.0,19.2,14.3,10.0,5.4,7.1,15.7,5.4,0.0,0.0,0.0,20.6,16.6,11.0,10.6,17.5,26.9,34.9,43.3,46.4,30.6,30.1,29.1,28.2,27.8,28.3,26.6,24.0,23.0,8.2,1.0,4.0,10.0,11.4,12.6,13.4,15.8,17.7,21.3,23.6,28.2,14.9,13.9,13.0,12.4,12.0,12.2,10.4,10.8,10.6
107.4,37.2,26.6,18.4,12.0,8.2,4.0,6.1,14.9,6.3,0.0,0.0,0.0,20.6,16.3,11.0,10.0,16.3,24.2,34.0,41.4,44.8,28.4,28.7,26.9,26.5,27.0,26.7,25.9,24.1,22.8,8.1,1.0,2.8,8.9,9.5,11.2,13.0,14.1,16.5,18.0,22.0,25.8,13.9,12.2,11.4,12.0,10.3,11.2,11.0,9.1,9.8
137.2,39.4,31.4,19.8,15.0,9.5,3.2,5.0,13.9,4.1,0.0,0.0,0.0,18.2,17.0,14.3,15.0,19.4,28.0,38.4,42.4,46.9,34.0,31.6,30.5,29.7,29.1,29.4,26.9,25.0,23.7,8.2,0.0,4.5,12.4,13.2,14.0,16.0,19.1,20.0,23.1,27.1,30.1,14.3,14.8,13.3,11.7,13.6,11.2,13.2,12.0,10.2
134.4,42.0,31.0,23.2,16.2,9.4,3.6,6.0,15.7,4.5,0.0,0.0,0.0,19.4,17.0,16.5,18.7,24.2,31.4,39.6,48.1,49.6,35.5,34.4,32.8,31.8,31.8,31.8,29.8,28.4,27.2,9.8,1.0,5.0,14.0,15.0,17.0,18.0,20.2,22.6,25.3,28.2,32.8,16.8,15.8,15.3,14.1,14.1,14.1,13.2,11.2,11.2
122.1,36.5,27.3,19.0,13.2,8.5,3.2,7.1,14.3,5.1,0.0,0.0,0.0,16.4,14.1,13.4,15.0,20.2,27.5,35.1,40.0,43.3,30.3,29.3,29.2,28.1,26.1,28.1,25.2,23.5,23.1,8.1,1.0,3.6,11.4,12.2,13.9,15.8,17.5,18.8,22.1,25.7,27.9,12.1,14.4,13.4,11.4,12.0,10.8,12.0,11.7,8.9
107.4,42.2,31.8,22.1,15.0,9.5,4.1,8.1,16.3,6.1,0.0,0.0,0.0,18.9,17.8,15.8,17.1,24.1,31.1,41.0,47.3,50.8,35.7,33.5,33.5,31.8,31.0,32.9,29.1,28.4,27.3,9.0,1.4,4.0,13.2,15.1,15.0,18.1,20.0,21.0,26.1,28.9,32.3,13.4,17.9,15.6,11.7,16.1,12.2,12.6,14.2,10.8
137.2,40.4,30.3,21.2,12.4,5.4,3.0,10.3,18.6,6.4,0.0,0.0,0.0,19.4,17.5,17.1,18.4,24.2,30.4,39.0,45.2,48.3,31.9,33.2,29.6,29.4,31.0,28.0,30.1,26.5,25.1,9.0,1.0,4.5,12.4,12.4,16.0,17.1,18.1,21.5,22.2,27.0,32.0,22.6,14.6,17.7,18.6,12.8,19.2,14.1,12.4,16.1
134.4,40.5,30.4,20.9,13.0,5.0,2.2,10.0,17.7,6.4,0.0,0.0,0.0,19.3,17.3,17.0,18.4,23.6,30.0,37.7,44.3,48.3,32.8,32.3,30.6,30.1,30.1,29.4,28.6,26.2,26.0,8.1,0.0,5.0,13.4,13.9,16.5,17.0,20.1,21.8,23.7,27.0,31.2,19.9,17.5,16.4,15.6,15.0,15.7,14.3,12.6,12.6
122.1,41.8,32.3,22.8,14.3,6.0,1.0,9.2,16.8,5.4,0.0,0.0,0.0,19.4,19.1,17.5,20.4,25.0,31.0,39.1,46.4,47.9,34.0,31.9,32.4,31.0,30.1,31.6,28.3,27.2,27.1,10.0,1.4,3.6,12.0,13.6,14.3,15.8,18.1,19.0,23.3,26.4,30.2,18.0,20.2,17.1,15.7,17.5,14.4,16.3,15.6,13.5
107.4,41.3,31.1,21.6,13.9,5.7,1.4,10.3,17.9,6.3,0.0,0.0,0.0,20.6,18.1,17.5,19.2,24.8,30.4,38.2,45.0,48.0,32.9,32.6,31.6,30.4,30.5,29.8,29.2,27.5,25.8,9.2,1.4,3.6,12.2,12.8,14.9,16.6,17.9,19.9,23.2,26.0,30.6,20.2,18.7,18.1,17.0,16.1,16.5,15.5,13.9,13.9
137.2,41.0,30.0,19.0,9.2,3.6,5.4,11.4,16.6,5.0,0.0,0.0,0.0,17.9,16.6,13.5,13.2,18.4,26.6,36.1,43.6,48.1,35.5,34.7,33.3,32.2,32.3,32.0,30.6,28.6,26.9,10.0,1.4,3.6,12.8,13.4,15.5,18.1,20.0,21.2,24.7,28.8,32.6,14.1,14.0,13.2,11.4,12.1,12.2,12.0,11.7,11.4
134.4,46.7,34.5,22.6,12.6,5.7,3.0,9.9,18.0,6.3,0.0,0.0,0.0,20.8,18.4,13.9,14.0,21.0,30.4,40.7,49.6,54.8,37.5,38.3,35.8,34.9,35.2,34.1,33.4,30.5,29.0,9.4,0.0,5.0,14.8,15.8,18.4,20.0,22.2,24.5,26.9,31.8,36.4,19.0,15.1,16.0,15.8,14.3,15.3,12.8,11.7,12.4
137.2,45.9,33.5,22.6,14.3,7.8,1.0,7.8,16.1,5.4,0.0,0.0,0.0,17.8,14.1,12.1,13.3,20.6,30.0,39.8,48.4,52.6,36.3,36.1,34.0,33.1,33.4,32.6,31.8,29.4,27.0,9.4,0.0,5.0,12.7,14.2,16.6,18.4,20.1,22.8,25.6,29.4,34.5,19.8,17.0,16.3,15.8,15.3,16.1,15.5,13.3,14.0
134.4,41.9,31.9,21.4,13.4,6.1,0.0,8.1,16.8,5.4,0.0,0.0,0.0,17.1,13.3,11.2,12.0,18.8,27.3,36.7,46.0,49.2,34.0,34.1,32.0,30.8,31.9,30.9,29.7,27.5,27.0,9.2,1.0,3.6,10.8,12.8,14.2,15.6,18.4,20.5,23.3,26.9,31.1,17.1,16.3,15.3,14.3,14.6,14.9,14.3,13.0,12.8
137.2,35.5,26.2,17.7,10.8,5.4,1.0,8.1,14.6,5.1,0.0,0.0,0.0,15.3,12.5,10.0,10.0,15.8,23.9,31.4,38.9,41.8,57.0,55.7,53.9,53.2,52.0,49.3,49.7,47.9,43.9,15.8,2.2,6.7,17.5,19.2,22.7,27.6,30.0,34.2,37.8,46.3,51.9,30.4,24.4,24.7,27.8,23.0,25.5,23.7,21.5,23.1
134.4,41.0,30.0,21.0,13.3,7.6,2.2,8.5,16.8,6.1,0.0,0.0,0.0,19.4,15.8,12.0,12.2,19.2,27.7,36.3,44.0,48.0,31.8,33.6,30.5,29.5,30.1,29.0,28.6,26.9,24.1,8.6,0.0,4.5,11.7,12.0,15.0,16.0,17.5,20.2,22.5,25.6,31.1,18.2,13.6,14.1,15.2,12.5,15.3,13.6,11.4,12.6
137.2,38.4,28.8,20.1,13.6,9.1,2.8,7.1,16.3,5.7,0.0,0.0,0.0,16.4,12.5,9.0,10.6,17.5,26.0,34.5,41.6,44.8,32.0,31.8,30.5,30.0,29.7,29.7,28.5,26.0,25.7,8.9,1.4,3.0,10.2,11.2,13.0,14.9,17.7,18.9,21.9,24.4,28.4,13.4,14.3,14.3,13.0,14.0,13.3,13.9,13.5,11.7
134.4,37.1,28.0,19.0,13.3,8.2,4.5,9.1,17.0,6.1,0.0,0.0,0.0,17.3,13.0,8.9,10.2,17.3,25.5,33.2,40.0,43.0,31.1,29.1,28.7,28.4,27.2,27.9,26.1,24.7,23.0,7.8,1.0,4.1,11.0,12.2,13.9,15.8,17.7,18.6,21.5,24.7,27.5,13.4,14.9,13.0,13.0,14.3,12.5,12.2,11.7,10.4
137.2,38.5,28.1,19.1,12.4,7.6,4.1,8.5,17.3,5.1,0.0,0.0,0.0,19.1,13.6,6.0,9.2,19.0,29.0,37.1,44.4,46.9,32.2,31.3,30.9,30.6,29.7,31.0,29.2,28.2,27.0,9.8,1.0,4.1,11.7,12.8,14.3,16.1,18.1,19.3,23.0,26.2,29.5,12.5,14.3,14.0,12.2,13.9,14.1,14.4,15.1,12.4
134.4,34.1,24.6,16.8,12.2,9.1,7.2,11.2,17.7,6.3,0.0,0.0,0.0,14.9,10.0,6.1,12.5,21.5,29.2,36.7,41.3,42.4,27.1,26.3,25.7,25.0,25.1,24.7,24.1,22.0,21.0,7.3,0.0,4.2,10.3,10.8,12.6,13.3,15.3,17.1,19.1,22.1,25.0,16.3,16.3,15.1,14.1,15.0,14.0,14.3,13.6,12.5
122.1,31.6,22.7,14.2,10.3,7.6,5.8,9.1,15.5,5.4,0.0,0.0,0.0,16.1,9.1,5.1,10.6,19.1,26.2,34.1,37.4,40.0,25.2,23.4,24.0,23.3,22.2,23.7,21.5,20.2,20.0,6.3,1.0,3.2,8.1,10.2,10.2,12.1,13.4,14.3,17.0,20.1,21.1,13.0,14.6,13.9,11.7,13.4,12.8,12.2,12.8,10.3
107.4,33.7,24.0,16.6,11.4,8.6,7.1,10.8,17.9,5.8,0.0,0.0,0.0,15.7,10.2,6.4,12.6,21.0,29.2,36.4,41.0,42.0,27.7,24.0,25.0,25.0,23.7,25.6,22.8,21.0,21.4,6.3,1.0,4.0,9.2,11.7,11.4,12.5,15.7,14.8,18.0,22.0,22.8,13.0,17.1,15.8,12.5,15.8,13.5,12.8,14.4,10.8
137.2,33.1,24.2,16.5,13.0,12.6,15.3,20.2,25.9,7.6,0.0,0.0,0.0,20.2,17.0,14.3,15.7,21.2,28.3,34.7,39.8,40.8,26.1,24.4,25.2,24.5,24.2,24.8,22.0,21.1,20.2,7.3,1.0,3.6,10.3,11.0,10.0,11.7,12.0,13.9,18.1,19.9,23.3,19.7,23.0,19.1,16.8,17.3,16.0,17.9,17.0,14.9
134.4,34.8,25.0,17.1,12.4,12.5,15.8,20.2,26.4,7.6,0.0,0.0,0.0,21.8,17.5,14.3,15.1,21.5,28.3,35.5,41.1,42.2,26.6,25.3,26.0,24.4,23.7,25.6,23.3,23.4,22.0,8.1,1.4,3.0,9.2,10.3,9.9,13.0,13.3,14.0,18.0,20.6,23.3,20.6,22.7,19.4,18.2,20.0,16.0,17.1,16.2,13.6
122.1,35.0,25.0,17.3,11.7,12.0,14.4,19.2,25.0,7.1,0.0,0.0,0.0,21.0,15.8,12.8,15.1,21.6,29.4,35.2,40.4,42.1,26.4,27.6,24.2,25.6,25.1,23.0,24.5,21.5,20.6,8.5,1.4,3.2,9.2,9.2,12.2,12.1,13.6,16.6,16.5,21.0,25.0,24.1,19.2,19.7,19.4,15.8,18.0,15.8,15.0,15.0
107.4,32.8,24.2,15.8,11.0,10.8,14.3,19.3,24.4,7.3,0.0,0.0,0.0,21.9,16.3,12.6,13.9,19.8,27.6,34.7,39.1,41.0,24.7,23.5,25.0,23.1,22.4,25.6,21.9,22.0,20.6,7.6,1.0,4.0,10.0,11.2,10.8,13.5,12.6,14.0,17.5,19.4,21.9,19.1,21.9,18.0,18.1,19.0,16.0,17.5,16.2,13.6
137.2,27.7,14.6,7.1,5.0,7.1,11.7,21.0,31.1,10.4,0.0,0.0,0.0,23.1,14.9,8.2,16.3,25.8,34.2,41.0,43.3,41.6,26.9,28.2,23.9,25.8,26.4,24.0,26.0,23.3,22.4,8.1,1.0,4.1,10.0,10.2,12.6,13.4,14.9,17.0,16.6,21.8,25.3,19.1,12.8,15.6,16.3,13.0,15.3,11.3,10.6,12.4
134.4,18.0,7.0,1.4,5.1,5.7,12.2,23.1,32.8,10.2,0.0,0.0,0.0,23.1,13.3,9.2,18.8,28.3,34.9,38.9,38.6,35.1,26.4,27.3,26.2,25.5,25.1,25.2,24.4,23.3,22.6,8.1,1.4,4.0,11.4,11.2,12.5,13.6,14.2,16.3,18.4,20.5,24.2,14.0,14.1,12.4,11.7,12.1,11.4,10.6,10.8,9.5
107.4,18.4,6.4,2.2,4.5,6.1,11.7,21.9,32.2,10.0,0.0,0.0,0.0,21.6,12.8,9.4,18.4,28.5,34.9,39.1,38.3,34.7,27.8,28.3,26.8,26.6,26.7,26.0,25.3,24.4,23.6,9.2,1.4,3.0,11.0,11.4,13.0,13.4,15.3,16.6,18.6,22.0,25.5,16.0,13.0,13.0,12.6,11.7,12.5,11.3,10.6,10.8
137.2,26.1,17.1,10.8,7.1,3.2,10.0,19.0,27.9,7.6,0.0,0.0,0.0,19.3,13.5,13.2,18.7,26.6,33.2,38.2,39.0,38.2,31.6,31.9,30.0,29.5,29.1,28.7,28.3,25.2,24.8,9.2,0.0,4.5,13.4,13.0,15.7,16.1,18.0,20.0,22.6,25.5,30.0,17.5,15.8,14.3,13.9,12.5,13.4,12.1,11.2,11.4
134.4,29.7,19.8,11.4,6.0,3.2,10.8,19.7,29.1,8.5,0.0,0.0,0.0,20.2,15.0,13.0,18.7,24.5,32.0,38.0,42.0,39.7,33.0,32.8,31.2,31.1,32.5,31.1,30.6,27.8,26.4,9.5,1.0,5.0,13.0,14.0,16.0,16.1,18.4,20.9,22.5,26.8,30.2,18.0,15.1,15.5,14.1,12.4,13.6,12.2,10.4,13.0
122.1,28.4,19.4,10.8,4.2,3.2,12.2,21.3,29.7,9.2,0.0,0.0,0.0,20.8,14.9,12.0,16.6,23.9,31.4,36.8,39.3,39.6,32.1,32.4,31.4,30.6,30.6,30.3,29.1,27.0,26.3,9.5,1.0,4.1,11.7,13.0,14.9,15.5,17.5,19.2,22.0,26.0,30.1,17.5,14.9,14.6,13.6,13.3,14.6,13.0,11.7,11.7
107.4,30.2,21.6,13.0,5.0,3.2,12.6,21.6,29.1,8.1,0.0,0.0,0.0,22.2,17.7,15.0,15.3,19.9,25.7,31.6,36.7,37.7,36.5,35.2,34.1,34.0,34.0,33.1,32.2,30.4,29.1,9.8,1.0,5.4,14.2,15.6,16.4,18.0,19.7,21.9,24.4,28.9,32.6,18.0,16.8,16.5,15.5,15.3,15.3,14.9,13.6,13.4
137.2,29.3,20.1,12.2,4.1,4.1,13.3,22.5,29.5,8.9,0.0,0.0,0.0,21.3,16.6,13.6,14.3,18.4,24.2,30.1,34.2,36.7,35.6,34.2,35.5,32.5,32.6,33.3,30.0,29.7,28.2,10.4,1.0,5.1,15.1,15.1,16.1,19.4,19.9,21.2,25.5,27.5,32.4,14.9,17.5,13.0,13.5,14.8,11.7,13.6,13.6,10.8
134.4,40.2,29.1,18.4,10.3,4.1,6.3,14.3,23.8,7.6,0.0,0.0,0.0,25.6,20.0,13.5,11.0,16.4,25.5,34.8,44.1,47.0,38.5,34.5,37.0,34.0,34.2,34.9,29.7,30.0,29.7,9.1,1.0,4.1,14.1,15.0,15.5,19.3,21.2,22.8,28.3,29.0,34.4,14.6,20.0,14.4,13.6,18.4,13.0,18.6,17.0,11.0
122.1,38.2,27.6,17.0,9.2,3.2,5.8,14.8,23.9,7.2,0.0,0.0,0.0,24.8,19.8,13.0,9.2,15.0,23.7,33.8,42.0,46.0,36.4,35.5,34.9,33.1,32.4,33.8,31.9,30.4,29.1,10.2,1.0,3.6,12.6,14.1,16.0,18.4,19.0,21.5,26.1,27.8,33.3,15.8,18.1,15.1,14.1,15.7,13.5,14.2,13.6,11.0
107.4,38.8,28.0,17.8,9.9,3.6,5.4,13.6,23.8,6.7,0.0,0.0,0.0,24.7,19.4,12.8,9.1,15.6,24.8,34.7,43.3,47.2,37.6,35.6,36.1,33.8,33.6,34.5,32.1,32.0,30.6,10.6,1.4,4.1,12.5,13.5,15.0,17.9,19.0,21.2,26.1,30.0,34.2,15.0,16.6,14.6,14.6,15.0,14.6,14.8,15.0,13.9
137.2,30.4,21.6,14.3,11.0,12.0,17.0,24.0,32.1,10.0,0.0,0.0,0.0,20.6,13.0,5.0,5.4,11.7,20.1,27.5,32.8,36.3,26.1,26.9,25.6,25.6,26.2,25.6,25.3,23.0,21.8,7.2,0.0,2.8,7.2,6.7,7.2,8.1,10.0,12.1,15.2,18.4,22.6,16.5,16.2,15.3,13.5,14.4,14.3,13.3,13.0,13.0
134.4,39.1,23.8,12.0,7.6,10.6,20.0,33.5,48.3,14.9,0.0,0.0,0.0,34.9,23.4,12.0,7.1,17.9,30.9,43.1,52.6,52.8,41.8,43.0,40.5,41.1,40.0,41.2,42.0,38.6,37.4,14.2,1.0,3.6,9.8,10.0,12.0,15.5,17.8,22.0,26.7,32.4,38.8,21.2,17.1,18.7,18.4,17.0,14.1,12.2,12.5,12.4
122.1,39.4,24.2,12.5,7.2,10.2,20.6,33.6,48.3,15.3,0.0,0.0,0.0,33.0,23.4,11.4,7.2,19.1,31.4,43.2,52.2,53.7,43.0,43.1,42.4,40.3,40.0,41.6,40.0,38.5,36.4,12.7,1.0,3.2,9.5,9.4,11.3,15.3,16.5,21.1,26.6,32.6,39.8,17.0,20.2,17.7,18.4,17.0,13.9,14.1,13.3,10.4
107.4,37.3,22.2,11.0,3.6,7.3,17.1,30.9,46.1,13.6,0.0,0.0,0.0,33.5,23.3,11.4,7.1,18.7,31.6,43.2,53.0,53.2,44.6,44.2,42.2,41.4,42.2,41.1,39.9,38.2,37.0,13.4,1.0,3.2,8.9,9.2,11.7,13.6,18.0,22.8,26.6,33.6,39.6,19.0,15.8,16.4,15.3,14.3,15.8,13.0,13.0,12.8
137.2,22.0,6.7,7.3,14.1,16.6,21.6,34.2,51.1,16.3,0.0,0.0,0.0,32.6,24.2,14.0,3.6,7.2,19.1,30.4,38.3,39.3,43.6,45.6,44.6,44.0,45.5,46.0,44.8,44.0,42.5,16.3,0.0,4.1,10.0,8.2,9.2,12.4,15.2,19.8,25.2,31.0,39.1,18.0,15.3,12.0,13.0,10.8,9.2,10.8,8.1,8.1
134.4,13.5,6.3,20.1,27.1,28.6,27.5,31.8,43.0,12.0,0.0,0.0,0.0,21.9,16.4,15.0,15.6,14.0,14.2,22.0,29.1,29.8,48.1,49.4,48.3,48.0,47.9,45.1,44.0,41.8,38.6,12.8,1.0,4.1,8.1,6.7,7.0,8.1,10.4,19.7,23.8,33.1,43.1,22.1,14.9,13.0,15.8,7.1,10.8,9.1,3.2,6.1
122.1,8.1,5.0,14.4,20.2,21.1,21.4,23.8,32.2,9.9,0.0,0.0,0.0,14.8,13.0,12.0,12.4,9.8,10.2,14.2,19.7,20.4,66.9,72.2,69.0,67.9,68.4,67.4,65.1,60.7,55.8,20.0,1.0,4.1,10.0,9.2,9.2,10.6,14.9,25.5,33.3,46.6,61.3,32.8,22.5,20.0,22.4,11.0,15.3,13.6,5.1,8.6
107.4,10.8,8.5,18.0,22.1,21.0,18.4,23.7,35.2,11.2,0.0,0.0,0.0,21.0,17.9,14.2,8.1,4.0,11.7,21.1,26.9,26.4,42.0,40.0,40.6,38.9,39.4,38.2,36.4,33.5,31.0,10.4,1.0,2.2,5.7,6.4,6.7,9.4,13.0,16.6,23.3,29.1,34.5,7.8,10.0,8.1,3.2,6.1,3.2,0.0,2.2,3.2
137.2,13.4,10.8,22.1,28.2,26.0,22.4,29.5,43.4,14.3,0.0,0.0,0.0,26.5,23.3,18.6,10.0,5.1,15.3,27.5,34.4,33.0,51.5,49.9,49.5,47.8,48.8,47.3,44.9,41.1,38.9,13.9,1.4,1.4,6.7,6.4,7.1,10.6,17.7,20.2,27.9,34.9,42.0,10.0,14.0,11.4,4.5,8.6,4.1,3.2,3.2,5.4
134.4,22.1,12.0,12.2,13.0,10.4,9.1,22.0,38.8,12.2,0.0,0.0,0.0,32.2,34.1,32.2,26.1,17.0,12.2,21.2,29.7,32.6,44.4,45.2,42.5,40.9,40.5,40.6,39.1,36.2,33.8,11.7,1.0,2.0,4.5,6.3,11.2,14.4,20.2,23.6,29.1,33.2,39.7,14.9,9.8,8.5,8.5,6.1,6.4,6.4,6.0,8.2
122.1,22.6,13.2,12.7,13.6,10.8,7.8,21.0,38.1,12.0,0.0,0.0,0.0,31.9,33.8,31.1,26.0,16.1,12.8,21.6,30.8,33.2,46.0,45.1,43.2,41.0,42.1,41.6,40.0,36.8,34.7,12.1,0.0,2.2,5.8,7.1,10.6,15.6,18.4,23.8,30.1,35.4,42.6,12.0,10.8,7.3,8.6,7.6,5.0,6.0,4.5,2.8
107.4,19.4,11.7,12.0,13.3,10.3,8.0,19.8,34.7,11.4,0.0,0.0,0.0,27.5,28.3,27.6,22.8,13.5,10.0,18.4,26.9,28.2,82.7,79.6,76.3,73.9,74.8,73.8,71.1,65.0,62.6,22.1,1.0,2.2,7.2,12.2,18.4,23.3,35.4,40.9,51.2,62.6,72.2,17.5,19.0,20.2,9.2,12.2,11.0,3.2,7.3,12.0
137.2,25.2,25.3,21.4,16.5,12.6,10.8,14.1,18.4,5.0,0.0,0.0,0.0,12.8,23.3,32.2,38.3,35.7,27.5,15.2,3.2,14.0,21.2,21.8,21.6,21.3,22.1,22.6,21.2,20.2,18.4,5.8,1.4,2.0,5.0,6.0,7.8,9.1,9.4,10.4,13.0,15.3,18.0,8.9,6.4,5.0,3.6,2.2,2.0,3.6,4.0,4.2
134.4,28.5,30.7,28.2,25.1,21.1,17.1,17.5,20.5,6.4,0.0,0.0,0.0,11.2,20.5,30.0,33.2,34.0,25.8,14.8,5.0,16.3,32.8,32.6,32.0,32.2,32.8,35.1,34.7,34.7,33.5,13.3,1.4,7.3,18.4,19.2,20.6,20.6,21.8,22.8,26.1,28.2,31.4,10.8,9.2,7.8,8.1,8.5,9.1,10.3,11.7,13.3
107.4,29.6,30.6,28.3,25.0,21.0,17.3,17.9,20.5,5.7,0.0,0.0,0.0,11.4,20.2,29.8,34.8,33.3,25.5,15.0,5.8,16.0,32.9,32.6,31.2,31.4,32.4,33.2,33.7,33.2,32.8,13.0,1.0,8.1,20.0,20.0,20.6,21.0,22.4,22.6,24.1,27.3,30.9,9.9,8.2,7.6,7.6,9.5,10.0,10.0,11.3,13.2
137.2,18.0,21.2,20.6,20.0,19.2,18.4,18.6,20.5,5.0,0.0,0.0,0.0,10.4,15.0,21.6,25.6,26.9,24.7,20.1,14.1,13.3,14.1,13.9,14.3,14.4,15.5,17.5,17.5,18.0,17.0,6.1,1.0,5.0,14.8,14.6,15.3,15.1,15.6,15.0,15.6,15.3,15.2,24.2,23.9,22.2,21.3,21.1,19.2,19.2,16.4,16.1
134.4,17.0,19.2,19.9,20.0,21.6,23.7,25.8,27.6,7.1,0.0,0.0,0.0,11.4,16.1,21.2,25.5,27.3,24.7,21.4,15.6,13.2,22.6,23.3,23.3,24.0,26.2,26.3,25.6,25.1,25.0,9.2,1.0,4.1,11.3,11.0,11.3,11.0,12.0,13.0,15.8,17.3,19.4,37.6,35.1,33.6,31.0,29.8,28.3,27.1,25.2,24.0
137.2,23.9,25.6,24.4,24.0,24.0,26.9,28.6,29.2,7.2,0.0,0.0,0.0,8.5,13.0,19.4,25.3,27.3,25.1,20.8,15.7,16.3,39.3,40.0,37.4,35.3,35.5,34.9,33.2,31.8,30.4,11.4,1.0,3.0,9.1,10.8,12.1,15.1,17.0,20.0,24.1,30.0,34.7,53.4,48.8,45.3,42.0,40.5,38.3,35.6,31.1,27.7
134.4,33.7,33.2,29.1,24.8,22.8,24.0,25.7,26.2,6.3,0.0,0.0,0.0,4.1,10.3,17.2,22.0,22.6,19.4,14.1,14.9,24.7,23.4,22.2,22.2,21.5,22.0,21.5,19.8,18.4,17.0,6.0,0.0,1.4,4.2,6.4,7.3,9.0,10.8,12.7,15.8,18.1,20.0,25.3,24.7,23.3,21.8,20.2,18.6,17.0,15.0,13.0
122.1,33.1,32.8,28.3,23.7,22.8,24.0,25.0,25.0,6.1,0.0,0.0,0.0,4.1,11.0,16.5,21.8,21.5,18.0,12.5,14.3,23.4,42.4,47.0,46.3,39.5,40.8,45.3,38.5,37.0,32.3,11.2,0.0,2.2,6.4,12.2,13.2,19.3,19.8,22.8,33.2,34.7,40.5,50.3,51.6,43.0,45.9,40.2,33.8,37.1,28.2,26.2
107.4,34.2,33.2,29.2,24.1,22.4,23.5,25.2,25.0,5.4,0.0,0.0,0.0,4.0,9.5,16.6,22.2,22.0,17.7,12.6,14.2,23.8,22.5,22.4,23.4,21.3,22.1,22.4,19.7,19.2,17.5,6.1,0.0,1.4,4.1,6.4,7.2,9.5,11.0,12.5,15.8,17.1,21.6,25.6,26.1,21.9,22.8,21.2,18.0,19.1,15.2,13.2
137.2,46.0,42.0,34.1,25.2,17.7,13.0,11.4,13.9,3.6,0.0,0.0,0.0,5.0,9.2,13.5,13.6,10.8,8.5,13.9,28.0,39.1,27.3,24.4,24.4,23.3,21.5,21.8,19.2,17.1,16.0,5.1,1.0,1.4,5.8,7.8,10.0,12.2,14.4,15.7,19.7,22.4,24.2,14.6,15.5,14.3,13.2,14.1,12.4,12.4,11.7,10.2
134.4,44.2,40.6,29.8,23.3,15.8,10.6,9.2,11.2,3.0,0.0,0.0,0.0,8.9,13.0,15.3,14.1,9.4,6.7,16.2,27.3,39.1,28.2,25.1,24.8,22.6,22.5,21.5,18.1,16.3,15.8,5.8,1.0,2.2,7.3,9.1,10.8,12.0,15.6,17.5,19.9,22.4,25.1,10.8,14.3,13.0,10.0,12.0,10.2,12.4,11.4,9.4
122.1,44.4,41.2,31.9,24.0,17.0,10.8,9.1,10.8,3.2,0.0,0.0,0.0,9.1,12.0,14.0,13.2,8.9,7.0,17.0,28.3,40.6,28.3,26.6,24.6,23.1,22.4,21.1,19.9,17.0,15.6,5.8,1.4,2.0,6.3,8.6,11.4,13.4,15.3,18.0,20.4,23.4,26.4,14.0,13.2,12.4,12.1,11.7,12.2,12.0,10.3,10.4
107.4,45.0,41.6,33.3,25.9,18.4,12.0,11.7,14.4,5.0,0.0,0.0,0.0,11.4,14.6,17.3,15.0,10.4,8.5,17.1,29.7,40.8,28.2,26.1,25.2,23.5,22.8,22.8,20.0,18.4,17.1,6.3,0.0,3.6,9.9,11.2,13.3,15.0,18.4,19.2,22.0,24.1,26.1,13.0,15.0,12.8,12.0,13.9,12.1,13.3,13.0,10.4
137.2,41.4,37.3,29.2,22.4,15.6,11.7,13.6,18.4,5.8,0.0,0.0,0.0,11.2,11.7,10.6,8.9,8.2,13.5,22.0,31.3,39.0,29.0,27.0,26.1,25.3,24.5,24.3,22.4,21.2,19.0,6.1,1.0,2.2,8.1,10.3,12.1,14.3,16.2,18.0,20.6,23.3,27.2,17.0,16.3,15.0,13.9,14.3,14.3,13.9,13.0,11.7
134.4,43.6,39.7,31.2,24.2,17.1,13.2,14.9,22.0,6.4,0.0,0.0,0.0,11.0,12.0,10.8,9.9,10.2,16.5,24.6,34.5,41.3,32.6,29.1,30.0,28.8,27.3,28.2,25.1,24.0,22.8,8.1,0.0,3.6,9.5,11.7,12.6,15.5,19.3,19.0,23.4,25.9,28.6,17.1,21.4,18.8,15.1,18.1,14.1,17.0,17.7,12.6
122.1,43.4,39.2,32.1,25.0,17.5,12.7,16.1,22.0,7.0,0.0,0.0,0.0,12.4,13.3,12.0,10.8,10.8,16.5,25.1,34.0,41.3,32.9,29.4,30.8,28.1,27.2,29.0,25.0,24.2,23.1,8.1,1.0,2.8,8.1,10.8,12.0,15.0,17.7,18.4,22.8,25.9,28.2,17.5,21.6,18.4,15.6,19.8,14.9,17.0,16.3,13.0
107.4,37.7,33.3,26.6,20.6,14.2,10.0,13.0,19.1,5.7,0.0,0.0,0.0,11.7,10.8,10.3,8.6,9.0,13.0,20.5,29.1,35.6,27.2,26.2,25.5,24.7,23.8,23.5,22.4,20.1,19.0,6.1,1.0,2.2,7.3,9.2,11.2,13.3,15.1,17.1,19.0,22.0,25.1,15.8,16.1,14.8,13.9,13.9,13.0,12.6,11.7,10.8
137.2,43.0,39.0,32.0,23.2,14.3,11.2,18.0,26.4,7.3,0.0,0.0,0.0,10.8,9.2,8.1,7.0,7.8,12.1,19.6,29.4,38.1,36.2,36.9,32.2,32.6,34.0,29.5,31.9,28.2,25.1,8.9,1.4,4.5,12.4,12.4,16.6,17.5,19.8,24.2,23.5,29.2,34.4,22.8,13.0,17.3,16.6,12.5,18.4,13.2,11.7,15.5
134.4,45.0,40.0,31.0,21.1,11.7,12.0,21.2,28.5,9.2,0.0,0.0,0.0,11.3,9.4,6.1,5.7,10.2,16.0,25.0,34.1,44.0,37.2,37.5,35.8,34.1,36.1,35.5,34.5,31.0,29.7,11.4,0.0,6.3,15.7,16.3,18.4,19.1,21.6,24.2,27.6,30.5,36.2,17.0,14.1,14.0,12.5,12.8,13.9,12.0,10.8,13.5
122.1,43.0,38.0,30.0,20.1,11.2,10.0,18.0,25.6,7.1,0.0,0.0,0.0,8.6,6.4,5.0,5.0,10.2,16.1,24.2,33.2,41.1,36.6,36.6,34.5,33.4,33.6,31.6,31.4,28.5,26.4,9.2,1.4,4.1,12.5,13.6,15.8,17.0,20.1,22.7,24.7,28.6,33.4,17.0,14.1,13.9,14.1,13.0,13.2,12.4,10.8,9.5
107.4,55.9,49.2,38.0,25.6,13.0,13.0,25.1,35.2,10.2,0.0,0.0,0.0,13.6,10.0,7.6,7.1,12.6,20.1,31.3,43.4,52.8,48.3,44.1,45.2,44.1,43.3,44.6,40.5,39.7,36.8,13.0,0.0,7.8,19.0,21.0,21.2,24.1,27.2,27.9,33.1,38.6,42.8,15.8,19.7,16.6,13.6,17.0,14.3,16.4,16.8,14.0
137.2,41.8,32.6,24.2,14.2,5.8,8.6,19.2,28.3,7.8,0.0,0.0,0.0,8.2,3.0,3.6,10.3,18.0,26.2,33.9,41.9,46.2,39.0,38.6,37.6,36.1,35.9,35.9,34.4,30.9,29.0,9.5,1.4,4.0,11.4,12.2,14.2,16.2,19.1,21.8,26.1,30.5,35.3,16.8,16.3,15.1,13.9,14.2,13.0,12.4,11.0,10.8
134.4,37.2,29.1,19.7,12.5,5.7,8.6,17.8,25.6,8.1,0.0,0.0,0.0,8.2,2.8,5.0,12.1,19.7,26.4,34.5,38.0,42.8,32.7,33.1,31.0,29.4,32.4,29.2,30.1,27.6,26.0,10.2,1.0,4.5,13.0,12.0,15.2,17.2,18.6,21.8,24.0,26.6,31.6,17.8,12.5,11.7,13.0,9.8,12.5,10.8,8.2,11.4
122.1,37.2,28.2,19.7,11.7,5.0,7.8,17.0,25.6,7.2,0.0,0.0,0.0,8.2,2.8,5.4,12.4,19.6,26.6,33.5,40.0,43.6,35.1,34.5,34.1,32.8,32.8,32.8,30.8,28.7,26.0,9.5,1.4,4.0,11.4,12.0,14.4,15.5,18.0,20.2,24.4,28.4,32.3,15.8,14.0,14.1,13.4,12.8,13.0,12.4,11.0,10.3
107.4,36.7,27.5,19.2,11.4,4.5,7.6,16.8,25.6,6.7,0.0,0.0,0.0,8.5,3.0,4.5,12.0,19.1,27.0,34.1,39.4,42.0,34.7,35.0,33.2,31.6,34.0,30.5,30.5,28.2,26.2,9.2,1.4,4.0,11.4,11.4,13.9,15.5,17.1,21.0,22.8,26.6,32.0,18.4,13.2,13.2,15.0,12.0,13.4,12.0,10.2,10.6
137.2,33.8,28.6,23.6,18.0,9.8,7.1,14.0,23.1,7.0,0.0,0.0,0.0,10.3,7.6,10.4,16.1,21.4,27.2,31.4,34.5,36.7,56.9,60.8,55.8,54.0,55.9,55.9,55.2,49.5,46.7,17.2,2.2,8.5,24.1,24.1,29.1,30.0,34.5,39.3,43.1,47.0,55.3,42.4,34.8,32.3,33.2,29.6,30.3,28.4,22.0,24.1
134.4,35.5,31.4,24.6,17.2,8.9,10.0,19.6,28.4,8.2,0.0,0.0,0.0,13.9,12.0,13.0,17.2,21.5,25.5,30.0,34.4,37.2,34.0,33.1,31.4,30.4,30.4,31.3,28.9,27.9,26.5,10.0,1.0,5.8,15.6,17.0,17.8,20.2,21.5,22.8,25.3,28.4,31.1,19.8,20.0,18.0,16.6,17.1,15.2,15.2,13.4,12.5
122.1,34.5,31.0,24.0,17.1,8.2,9.2,19.4,26.2,7.8,0.0,0.0,0.0,13.0,11.4,13.2,16.0,20.9,25.6,30.7,32.3,37.6,34.5,32.2,32.3,31.0,30.8,30.8,28.9,27.2,26.6,8.9,0.0,6.3,16.5,17.7,18.0,20.2,21.5,22.5,25.6,28.3,31.4,19.0,19.3,17.5,16.1,15.8,14.4,14.2,13.6,12.2
107.4,35.0,30.6,24.1,16.4,8.1,10.8,20.0,29.1,9.0,0.0,0.0,0.0,14.2,12.4,13.3,16.6,20.5,24.8,29.0,33.3,36.9,31.8,32.0,30.2,29.7,30.9,28.3,28.6,25.8,24.8,8.6,1.4,5.4,15.8,15.3,17.7,18.4,19.7,22.4,23.9,27.0,30.4,21.2,17.3,17.1,15.8,13.9,15.7,13.9,12.5,13.6
137.2,33.9,26.9,20.2,13.2,10.6,17.5,27.2,33.1,9.2,0.0,0.0,0.0,17.5,17.0,18.8,21.2,25.0,28.6,31.6,36.6,38.0,33.5,30.4,34.0,30.4,29.4,34.0,27.7,28.2,27.2,8.9,1.4,7.1,17.7,19.0,17.1,21.0,20.2,20.6,27.2,28.0,30.9,18.4,23.9,17.7,15.0,19.2,13.2,18.0,18.1,13.0
134.4,32.3,25.6,17.5,12.2,13.2,20.6,29.2,34.9,9.5,0.0,0.0,0.0,15.7,12.0,12.2,15.2,20.2,25.1,30.3,34.4,36.9,33.9,33.4,32.4,32.6,33.2,33.4,33.1,31.0,29.2,11.3,1.4,5.0,16.0,16.5,18.0,17.5,19.2,21.1,23.3,26.6,30.0,20.1,18.4,17.7,17.1,16.0,17.0,15.8,15.7,15.6
122.1,32.2,26.1,18.0,12.2,13.5,20.6,29.2,35.3,10.3,0.0,0.0,0.0,15.7,12.2,12.0,14.8,19.1,24.8,29.0,34.0,36.2,32.6,32.6,32.0,31.4,31.4,32.8,32.1,29.4,28.2,9.9,2.0,6.1,15.0,15.5,16.8,17.5,18.4,19.7,23.3,26.1,29.2,20.2,18.8,18.4,17.7,17.1,16.0,15.3,14.9,14.4
107.4,30.0,23.8,17.5,12.4,12.8,19.3,26.0,32.7,9.4,0.0,0.0,0.0,14.8,12.8,12.2,14.3,17.8,22.7,27.0,31.4,33.0,60.1,59.7,57.7,57.2,58.1,58.4,56.1,53.2,51.2,18.0,2.2,10.6,28.6,29.1,31.4,32.6,35.2,37.7,41.6,47.4,54.1,36.8,34.9,32.8,30.8,31.1,30.6,29.5,28.5,27.0
137.2,32.4,26.2,20.2,13.9,10.6,15.3,23.0,31.1,9.1,0.0,0.0,0.0,12.6,9.5,10.8,15.3,20.0,24.1,29.3,33.7,36.7,27.5,28.2,27.9,27.5,28.4,28.6,27.2,25.6,24.2,8.1,1.4,3.0,10.0,10.0,9.2,10.8,11.4,14.1,17.2,20.6,23.8,20.0,20.6,18.4,17.7,19.1,18.4,17.7,17.0,16.3
134.4,32.8,27.2,21.4,17.5,13.3,15.8,22.5,30.2,9.4,0.0,0.0,0.0,12.8,11.4,13.6,18.9,22.8,26.6,32.2,35.8,38.0,25.2,25.6,26.6,26.0,27.9,28.2,27.0,25.6,24.2,8.9,0.0,4.5,9.2,9.1,8.1,8.9,10.0,11.2,13.6,17.3,21.2,23.5,24.0,21.9,21.2,22.0,20.6,21.0,19.4,17.9
122.1,30.0,25.2,20.0,16.1,12.4,14.9,21.1,27.2,8.6,0.0,0.0,0.0,12.2,10.4,13.3,16.6,21.1,24.7,29.1,31.8,34.9,46.2,48.1,47.5,48.3,49.0,49.2,47.8,45.0,43.4,16.1,1.0,6.1,16.6,15.0,15.2,15.1,17.8,21.0,26.0,32.3,38.9,45.3,41.2,40.3,38.8,37.3,38.5,37.0,33.6,33.1
107.4,34.5,28.3,23.0,17.5,14.3,14.9,22.0,29.8,8.6,0.0,0.0,0.0,12.0,11.2,14.6,19.4,24.2,27.5,31.8,35.3,38.0,26.4,26.1,26.9,26.3,26.4,27.0,25.6,24.2,23.3,8.2,1.0,2.8,8.9,8.1,7.6,8.1,10.0,11.7,15.0,18.2,22.4,24.3,24.3,22.0,20.6,21.2,19.0,20.2,18.9,17.0
137.2,29.7,26.4,21.6,18.0,14.1,12.6,16.3,22.1,6.3,0.0,0.0,0.0,10.3,11.0,14.4,18.4,21.3,24.8,27.7,30.6,32.6,37.4,37.6,38.6,40.3,41.1,42.8,40.5,38.6,36.9,12.8,1.0,5.0,13.4,11.4,11.2,12.1,14.3,17.5,20.6,25.6,30.7,46.5,43.6,41.8,39.0,39.2,38.6,37.0,33.6,31.0
134.4,29.7,26.4,22.0,18.6,15.2,15.0,17.9,23.9,6.7,0.0,0.0,0.0,12.2,13.0,16.2,20.2,23.6,26.1,29.5,31.3,32.6,39.0,35.8,39.3,37.4,38.3,41.8,38.6,37.1,37.4,12.8,1.0,6.1,17.3,15.8,13.0,13.5,13.9,15.2,21.5,27.3,30.0,43.6,46.6,42.0,35.8,41.5,34.8,38.3,37.4,30.4
122.1,29.5,26.6,21.8,19.0,15.3,14.4,17.3,23.0,6.1,0.0,0.0,0.0,11.2,12.5,15.6,20.1,22.8,25.5,28.7,31.1,32.8,35.5,38.4,37.1,36.8,40.1,39.4,40.8,38.5,37.2,14.2,1.0,6.7,15.6,14.9,14.8,14.1,14.9,18.0,20.0,26.0,32.0,50.2,42.8,42.4,39.6,38.1,39.9,36.3,33.3,34.2
107.4,28.4,25.0,21.2,17.7,14.0,14.3,18.4,24.4,7.2,0.0,0.0,0.0,12.1,12.2,15.1,19.2,22.4,24.2,27.2,31.1,31.1,34.8,39.4,37.6,38.1,41.4,39.1,40.7,36.7,35.1,12.6,2.0,6.1,14.1,13.5,14.0,13.9,16.3,19.7,20.2,25.6,31.0,50.0,43.4,43.3,41.8,38.1,40.0,36.2,31.0,33.4
137.2,29.5,26.1,22.5,18.8,15.1,14.9,19.1,24.8,7.1,0.0,0.0,0.0,13.6,14.1,17.5,21.0,23.7,25.9,27.7,30.5,31.3,40.5,40.3,40.5,40.6,42.4,40.8,39.8,37.0,39.1,14.1,1.0,7.6,20.0,18.4,17.5,16.6,19.3,20.1,24.7,29.5,35.1,47.5,47.7,42.0,36.8,39.1,36.9,39.9,36.2,33.9
134.4,34.0,29.8,25.0,19.6,14.2,14.3,20.6,26.5,7.3,0.0,0.0,0.0,14.1,14.4,16.4,19.6,22.4,25.7,29.4,32.3,34.9,24.2,24.2,23.3,23.3,24.7,24.7,24.8,23.8,23.0,8.2,1.0,3.6,10.0,9.1,9.4,10.4,11.7,13.9,15.1,19.1,21.4,26.5,24.0,22.2,21.1,21.1,21.5,21.0,19.2,18.6
122.1,35.4,30.4,26.2,20.6,16.2,15.3,21.6,27.0,8.6,0.0,0.0,0.0,15.7,15.0,17.7,20.2,24.1,26.2,29.8,33.4,36.1,48.8,46.6,50.2,49.7,49.6,52.3,47.8,46.0,44.9,15.3,1.0,7.1,20.6,21.0,19.7,24.2,24.5,24.8,31.1,35.0,40.7,49.6,53.3,47.2,42.7,46.9,39.2,40.8,40.0,33.0
107.4,32.2,28.4,23.3,19.0,14.6,14.2,18.0,23.3,6.3,0.0,0.0,0.0,12.5,13.6,15.5,18.0,21.0,24.0,27.1,30.0,33.1,22.1,22.2,21.9,21.4,22.0,22.5,21.0,20.6,20.8,7.6,1.0,4.1,9.4,8.9,8.1,9.2,10.0,11.4,14.6,16.8,19.2,23.4,22.6,20.2,18.6,19.0,17.9,18.6,17.3,15.8
137.2,36.7,32.6,26.0,19.2,12.2,11.4,17.5,24.3,7.1,0.0,0.0,0.0,10.2,8.6,8.9,12.0,15.1,20.2,25.5,31.6,36.9,26.9,26.6,26.0,25.5,26.0,26.0,25.2,23.5,22.8,7.3,1.0,4.0,9.1,9.5,10.8,12.0,13.4,15.5,17.0,20.9,24.2,21.0,20.2,19.3,18.0,18.4,18.0,17.0,16.2,15.8
122.1,42.8,36.3,29.4,21.2,14.2,14.1,21.4,29.1,8.1,0.0,0.0,0.0,10.4,10.0,10.8,15.0,18.8,23.8,30.4,37.9,41.8,33.4,31.4,33.8,31.4,28.6,33.6,29.5,29.1,27.3,10.3,1.0,4.1,10.8,13.2,12.0,16.0,17.3,17.7,23.8,25.8,28.6,20.1,25.5,22.2,19.7,22.5,18.8,20.6,20.1,14.4
134.4,36.3,31.6,25.3,18.0,10.8,11.7,18.0,25.0,7.0,0.0,0.0,0.0,9.1,8.5,8.6,11.4,16.0,20.0,26.0,32.0,37.1,29.1,28.2,28.8,27.3,26.3,28.3,25.3,24.5,23.5,7.6,1.0,4.0,11.0,11.0,12.2,14.3,15.7,16.6,20.6,22.0,25.8,18.4,20.6,18.4,16.3,18.4,16.3,18.0,16.3,14.2
107.4,36.9,30.4,21.1,14.0,8.6,14.3,23.8,30.7,8.5,0.0,0.0,0.0,11.2,9.4,11.2,14.0,19.2,24.5,30.4,35.5,39.8,33.4,34.1,32.0,31.1,31.1,32.0,31.0,29.1,27.3,10.4,0.0,5.0,12.7,14.1,15.6,17.2,19.7,21.5,23.8,27.2,31.6,21.3,20.0,20.2,19.2,18.4,18.8,17.9,16.6,16.1
137.2,31.4,25.6,17.9,12.0,8.5,14.3,22.2,28.2,7.3,0.0,0.0,0.0,10.8,9.2,11.0,14.3,17.5,22.8,27.5,31.4,34.5,61.7,56.5,58.7,55.5,55.0,55.2,51.2,50.9,47.4,17.0,1.0,9.5,24.4,26.6,26.9,32.7,34.0,37.7,42.7,50.6,54.8,34.0,35.5,32.4,30.5,31.4,30.2,30.0,28.2,25.3
134.4,34.9,27.9,19.3,12.0,10.0,15.7,23.0,29.2,8.1,0.0,0.0,0.0,12.8,10.2,9.8,13.6,18.4,24.0,30.1,36.4,39.3,34.5,33.5,31.9,30.8,30.4,29.4,27.7,25.0,23.0,7.1,1.0,3.6,12.6,13.2,15.1,17.0,19.0,21.1,24.3,28.4,32.0,21.3,20.0,18.9,17.0,16.2,15.5,14.0,12.0,11.4
137.2,36.1,28.5,19.6,11.0,6.7,14.3,21.6,27.9,7.3,0.0,0.0,0.0,12.2,9.5,10.3,14.0,20.6,26.6,32.9,38.9,41.8,38.0,36.3,34.9,33.0,32.7,31.6,29.0,26.6,24.7,9.2,1.0,5.0,14.9,15.6,18.0,19.2,21.9,24.0,27.9,31.6,35.5,20.6,19.2,17.7,15.6,15.3,14.8,13.6,12.0,12.0
134.4,31.0,23.8,16.2,8.5,7.3,14.1,22.0,27.0,7.8,0.0,0.0,0.0,13.4,11.0,10.8,15.2,19.6,24.5,30.6,34.9,36.1,33.6,30.9,30.5,29.1,29.1,27.0,25.5,23.1,22.0,7.8,1.0,4.5,14.0,14.3,15.8,17.1,20.2,21.6,24.2,27.0,30.0,17.5,16.1,14.1,11.2,12.4,11.4,11.2,9.9,9.2
107.4,31.9,25.6,18.4,10.4,7.1,14.0,23.2,31.1,8.0,0.0,0.0,0.0,14.9,11.7,12.4,17.0,22.2,27.0,31.9,36.8,36.8,35.1,33.1,33.2,31.3,30.8,32.3,29.5,28.8,27.7,10.0,1.0,6.1,17.1,18.0,19.0,21.1,22.1,23.1,27.1,29.0,32.1,15.3,18.6,16.3,13.6,15.6,12.2,13.5,13.0,9.8
137.2,29.2,22.8,17.0,9.2,3.6,12.0,21.1,29.4,8.1,0.0,0.0,0.0,15.3,12.2,12.0,16.2,20.4,24.5,28.6,33.2,33.5,34.7,32.0,31.3,29.2,30.4,28.8,27.6,26.6,25.6,8.2,0.0,6.4,17.9,18.0,19.6,20.1,22.0,24.0,25.0,28.0,31.3,14.1,14.1,12.2,12.2,12.8,12.2,12.5,11.4,9.0
134.4,35.4,26.9,19.1,9.9,1.0,10.8,21.6,30.5,8.9,0.0,0.0,0.0,16.4,12.4,10.8,15.8,23.7,29.5,35.2,40.5,41.8,80.1,76.7,74.2,71.1,72.0,71.1,67.5,63.0,60.1,21.1,2.2,13.6,37.1,39.5,43.0,46.1,50.5,52.4,58.7,66.8,74.9,30.1,29.5,27.8,24.8,26.4,23.7,24.0,22.0,20.2
122.1,38.3,29.4,20.9,10.4,0.0,12.2,24.1,34.1,9.1,0.0,0.0,0.0,17.5,12.0,11.3,17.7,25.2,32.2,38.6,44.9,44.9,42.4,41.4,41.6,39.6,37.1,41.3,36.8,35.6,33.0,13.0,2.2,5.8,17.7,21.1,21.2,26.1,27.0,26.5,32.6,36.8,39.7,11.0,18.0,15.3,11.2,16.1,11.7,13.5,14.1,9.1
107.4,31.9,25.5,16.3,8.5,1.0,11.4,21.6,30.0,8.9,0.0,0.0,0.0,15.8,10.0,8.2,12.8,20.2,26.1,32.8,36.8,38.2,73.0,72.6,68.1,67.2,69.6,66.8,66.0,61.8,57.8,20.8,3.0,12.4,34.0,34.5,39.4,41.4,44.2,48.8,52.9,60.4,70.1,32.4,22.1,24.2,26.0,20.4,24.4,19.2,16.3,21.5
137.2,41.0,32.0,22.0,12.4,8.2,15.5,25.3,33.2,10.0,0.0,0.0,0.0,13.9,10.4,6.1,6.0,13.6,21.8,30.8,40.6,44.6,39.8,39.1,38.1,38.4,36.7,36.2,34.8,33.2,31.0,12.2,1.4,5.1,14.0,15.8,18.4,21.2,23.1,25.8,29.2,35.2,38.3,14.3,12.4,11.7,11.7,10.2,13.6,12.8,12.2,13.6
134.4,35.8,29.2,19.7,11.4,6.4,13.6,20.9,27.7,7.2,0.0,0.0,0.0,9.4,6.3,2.0,4.2,9.9,16.3,23.6,30.5,37.6,34.1,34.0,32.8,32.2,32.2,31.1,29.3,26.9,24.7,9.5,0.0,5.1,12.8,13.9,15.1,15.6,18.0,19.4,22.7,26.2,30.8,10.0,10.3,10.0,9.0,9.8,10.0,10.0,9.4,9.5
137.2,42.0,36.9,27.0,18.9,14.0,19.7,30.0,37.9,11.2,0.0,0.0,0.0,9.8,4.1,1.4,7.6,12.1,17.0,24.8,33.6,41.4,39.8,38.9,37.6,37.5,37.3,36.9,37.4,36.1,31.8,12.0,1.0,5.1,13.6,13.6,16.0,18.4,20.6,24.1,27.3,32.2,36.5,17.1,14.0,14.4,14.3,13.0,13.5,12.0,12.1,13.4
134.4,44.6,41.1,28.5,20.6,12.0,13.6,21.5,27.8,7.8,0.0,0.0,0.0,8.1,5.4,2.0,2.2,7.2,13.9,24.7,32.4,44.6,39.1,38.3,36.8,36.4,35.4,34.8,33.1,30.2,28.2,10.4,0.0,5.7,13.9,14.3,17.0,18.0,20.2,22.8,26.0,30.1,36.1,14.8,14.2,14.3,14.6,14.1,14.9,14.3,12.7,12.2
137.2,43.9,38.9,31.1,21.9,12.5,10.4,15.6,22.8,7.2,0.0,0.0,0.0,6.3,5.4,3.2,1.0,5.7,12.8,21.4,32.0,41.9,33.8,32.1,31.4,29.8,28.6,30.1,28.3,26.9,25.7,10.0,1.0,3.2,10.6,13.4,15.0,18.4,19.8,21.5,25.1,28.2,31.2,14.3,14.9,13.9,13.2,13.6,11.4,11.7,12.4,10.6
134.4,45.2,40.5,33.3,23.6,14.1,9.1,13.9,20.2,6.7,0.0,0.0,0.0,6.7,6.7,5.4,3.2,3.2,9.9,20.5,32.6,40.5,34.9,31.6,31.9,29.8,28.9,30.6,27.3,26.1,24.4,8.6,1.4,3.2,10.0,12.6,13.6,16.6,20.1,21.6,25.8,29.2,32.0,13.9,16.5,15.5,13.0,14.9,12.4,12.0,12.8,10.3
137.2,43.0,39.0,31.0,22.0,13.2,7.8,11.2,17.5,5.1,0.0,0.0,0.0,9.2,9.2,9.5,7.6,3.6,6.7,17.3,27.2,38.1,31.4,30.0,30.5,29.2,27.7,28.3,26.2,24.0,22.2,8.5,1.0,3.6,8.6,10.2,12.0,14.3,16.3,18.4,23.1,26.2,29.1,13.2,14.3,13.0,11.4,12.8,12.6,13.2,13.6,11.7
134.4,50.9,46.0,37.5,27.0,17.0,10.0,13.5,20.2,6.4,0.0,0.0,0.0,11.2,13.3,14.1,13.0,8.6,9.0,20.2,32.6,45.3,35.9,34.0,33.0,31.8,31.1,30.9,28.6,27.3,25.6,9.2,0.0,4.5,11.4,14.2,16.6,18.2,21.1,23.4,26.9,30.4,34.1,17.5,17.2,15.6,14.8,14.6,14.0,13.3,12.2,11.4
122.1,45.2,40.0,33.0,24.0,14.3,7.8,11.0,17.3,5.1,0.0,0.0,0.0,9.8,12.5,12.5,10.6,6.3,7.2,16.3,29.0,40.0,32.4,31.2,30.9,29.1,29.0,28.5,26.9,24.7,23.5,8.1,1.0,2.8,8.9,11.0,13.3,14.8,18.4,19.7,22.8,26.0,29.6,14.3,15.0,13.3,12.1,13.6,12.8,14.3,13.0,11.7
107.4,50.2,46.0,37.0,26.9,16.4,11.0,14.2,20.5,6.4,0.0,0.0,0.0,11.0,14.0,14.0,12.4,9.2,9.2,19.8,33.3,44.2,36.4,34.5,32.6,31.6,31.0,31.0,29.4,26.6,25.2,9.2,0.0,4.2,11.7,13.3,16.0,18.7,21.1,23.3,26.4,30.4,34.1,18.0,16.6,15.5,15.0,14.3,14.3,12.7,12.5,12.2
137.2,42.0,39.4,32.2,26.1,19.8,15.0,13.9,15.8,4.5,0.0,0.0,0.0,5.8,9.8,12.6,12.2,9.1,4.1,12.0,23.9,34.9,26.0,23.3,23.3,22.2,21.2,21.1,18.4,17.2,16.4,5.4,1.0,2.8,8.1,10.2,12.0,14.3,17.0,17.8,21.0,22.8,25.0,13.5,16.1,13.3,12.4,14.0,12.6,13.9,13.5,11.2
134.4,40.2,37.3,33.1,26.4,21.4,17.0,15.8,17.2,4.2,0.0,0.0,0.0,6.7,12.4,16.0,17.3,12.6,7.1,7.8,20.1,30.7,22.4,21.1,21.1,19.4,19.2,19.1,17.2,17.0,15.8,6.0,1.4,1.4,7.2,8.5,10.2,12.0,14.0,15.3,17.5,19.6,21.5,13.5,14.2,12.8,12.0,13.6,13.0,12.5,12.6,11.2
137.2,33.1,34.2,31.0,26.8,22.8,19.8,18.9,18.9,4.5,0.0,0.0,0.0,9.8,15.6,21.3,23.9,22.8,18.0,13.0,14.4,23.3,19.3,18.1,16.6,16.4,16.5,16.0,15.7,14.9,13.6,5.8,0.0,3.6,8.9,9.2,11.0,12.6,13.6,14.8,15.1,16.8,18.4,19.7,19.0,18.8,17.7,17.1,17.0,14.9,14.1,13.0
134.4,30.7,32.7,31.1,27.6,23.7,21.6,21.0,21.1,6.1,0.0,0.0,0.0,11.7,17.7,23.6,28.2,28.6,24.4,19.1,17.0,22.5,37.1,35.2,32.3,31.6,30.8,30.1,28.2,25.1,23.0,8.2,1.0,6.4,18.4,21.6,23.8,27.6,28.9,30.1,31.9,35.1,36.2,44.3,41.6,39.9,36.4,34.4,33.0,30.0,28.2,26.0
122.1,28.0,29.1,26.7,23.3,20.5,18.4,17.7,17.5,4.1,0.0,0.0,0.0,10.0,14.8,20.9,24.2,24.0,21.0,16.5,14.2,19.4,33.2,30.8,28.6,27.0,26.4,27.2,24.7,23.3,21.8,8.1,1.4,5.1,16.2,18.6,21.0,23.7,25.9,27.1,29.8,32.0,33.8,38.1,36.5,34.1,33.0,32.0,30.4,29.4,24.8,23.1
107.4,28.9,29.6,27.0,24.5,21.5,19.8,18.6,18.9,5.0,0.0,0.0,0.0,10.3,15.3,21.0,25.2,25.7,22.1,17.5,15.7,20.0,33.2,31.6,31.3,28.2,27.2,26.2,23.4,22.6,20.5,7.2,1.0,6.0,17.1,20.2,21.5,24.0,25.8,26.0,28.9,30.0,33.1,38.9,37.9,33.2,32.2,30.3,28.3,28.3,25.1,23.3
137.2,34.9,36.7,35.5,32.2,29.5,27.5,27.2,28.6,7.8,0.0,0.0,0.0,5.0,9.8,17.1,21.1,20.4,14.9,6.4,10.3,23.8,11.0,10.4,13.5,13.3,14.3,15.6,13.9,15.0,14.8,5.8,0.0,4.2,10.3,10.2,10.4,9.4,10.0,8.2,9.1,9.4,9.9,16.6,18.2,16.2,16.6,17.1,15.2,15.8,14.3,11.7
134.4,37.3,37.9,33.2,26.9,21.8,18.8,17.5,19.1,5.7,0.0,0.0,0.0,4.5,10.0,20.1,27.2,26.5,19.6,9.9,13.5,25.9,14.9,13.4,14.3,13.5,14.0,16.4,15.3,16.6,15.8,6.1,0.0,4.5,9.2,10.2,10.0,9.2,10.3,9.5,12.1,12.4,13.9,7.1,8.1,7.2,6.7,7.3,6.3,7.1,8.1,7.1
122.1,30.5,30.0,26.4,21.6,17.2,14.8,13.0,16.0,4.0,0.0,0.0,0.0,3.2,9.1,18.1,23.8,23.3,18.0,9.2,11.0,20.6,24.3,24.2,26.0,25.8,26.7,27.7,26.9,26.0,24.7,9.2,1.0,5.4,14.9,15.5,16.6,17.1,18.6,18.1,19.2,20.1,22.0,12.2,11.7,11.7,11.7,13.2,13.5,13.0,12.0,10.0
107.4,36.7,37.1,31.8,25.7,19.9,17.5,16.1,18.4,5.0,0.0,0.0,0.0,4.5,10.0,21.4,28.2,27.5,20.6,10.6,12.7,25.1,14.3,14.8,14.9,16.2,16.1,16.5,15.8,15.3,14.3,5.1,1.0,3.6,8.9,9.4,10.0,9.9,11.0,11.4,12.2,12.2,13.2,7.1,6.4,6.0,6.4,8.0,7.8,8.2,7.2,6.3
137.2,23.2,16.3,8.2,2.8,4.2,7.3,13.2,22.0,7.8,0.0,0.0,0.0,12.7,24.0,33.9,38.3,34.1,24.0,10.8,10.4,20.1,63.4,60.9,57.9,56.9,57.1,57.1,54.5,51.2,49.5,18.0,1.4,3.2,11.4,16.0,20.8,26.4,32.0,37.1,44.0,51.5,58.2,34.9,30.4,26.9,21.5,18.0,14.6,10.8,7.2,3.2
134.4,24.6,15.8,7.1,2.2,4.1,6.7,15.1,29.1,9.4,0.0,0.0,0.0,25.1,34.4,41.2,41.6,33.5,19.6,2.0,15.2,26.4,37.2,35.4,34.0,34.2,34.4,33.5,33.0,31.0,29.7,10.3,0.0,2.8,6.3,9.5,11.7,13.9,19.2,20.2,24.6,29.1,32.2,18.7,17.3,13.2,9.5,8.6,4.1,1.0,1.0,4.1
137.2,25.8,17.0,8.1,6.4,7.6,7.2,13.6,25.5,8.6,0.0,0.0,0.0,24.4,31.3,36.1,35.4,28.2,15.3,4.1,16.3,26.4,33.5,35.4,33.5,33.5,34.7,33.7,32.3,30.5,28.3,10.0,1.0,2.0,7.1,7.6,11.7,15.1,16.1,20.6,23.1,26.1,33.1,19.0,13.6,9.9,10.0,4.2,3.6,4.2,2.2,1.4
134.4,21.2,11.4,3.0,6.0,9.1,7.8,14.9,26.2,8.9,0.0,0.0,0.0,23.3,27.1,31.1,29.0,26.0,13.9,9.2,17.5,25.5,36.1,36.1,35.5,35.4,36.1,36.3,34.1,33.1,30.0,11.0,1.4,1.0,5.1,8.5,11.2,14.3,17.5,20.1,23.3,27.5,31.8,15.6,12.4,9.8,8.6,6.1,3.6,2.2,0.0,1.0
122.1,27.2,15.2,4.5,7.2,11.4,11.0,18.4,34.2,11.0,0.0,0.0,0.0,27.8,31.9,36.7,36.7,29.5,17.3,11.7,22.4,31.6,43.2,45.3,43.9,43.0,45.3,43.7,43.4,40.2,38.6,14.3,1.4,2.0,8.1,9.2,14.0,17.9,20.6,25.7,28.3,33.0,41.1,20.6,14.0,12.1,10.4,5.4,5.7,3.6,1.4,1.0
107.4,22.4,12.5,2.8,5.1,7.6,7.3,15.0,27.7,10.2,0.0,0.0,0.0,21.9,26.6,30.4,29.4,23.5,14.1,10.8,19.0,25.5,37.9,36.1,35.5,34.1,34.7,35.0,34.7,33.1,31.8,12.4,0.0,2.8,6.1,8.5,10.0,12.0,16.3,19.1,23.0,28.8,32.6,12.0,10.8,8.9,7.2,7.1,5.0,3.6,2.0,2.2
137.2,23.3,10.8,10.2,15.3,16.4,18.0,30.0,46.0,15.0,0.0,0.0,0.0,33.8,32.0,29.3,21.1,9.0,8.9,23.7,34.8,37.7,51.9,50.4,48.9,47.9,48.1,48.0,46.3,43.9,42.5,14.3,1.0,3.2,6.7,8.9,13.0,17.7,22.2,27.3,33.0,39.1,46.7,15.0,13.5,11.7,9.5,8.0,6.7,6.4,5.0,3.6
134.4,19.6,6.7,13.6,19.1,18.6,19.0,29.4,46.7,14.9,0.0,0.0,0.0,32.0,30.2,24.4,15.1,4.2,12.8,26.6,35.8,36.4,44.9,49.0,46.2,44.7,44.8,45.6,43.6,41.2,39.3,14.3,0.0,3.2,5.8,5.8,10.3,15.2,17.3,24.0,29.4,34.9,43.9,16.4,12.2,7.3,12.2,7.2,7.2,10.0,4.5,3.2
122.1,17.1,5.8,11.4,16.3,15.7,16.3,26.2,41.2,13.0,0.0,0.0,0.0,30.2,26.4,21.9,14.3,3.6,12.0,23.4,30.9,32.3,41.1,41.4,40.5,40.0,38.2,39.4,38.6,35.4,34.5,12.0,1.0,2.0,5.0,7.0,9.1,12.0,16.5,20.1,25.5,32.0,36.7,10.0,10.2,9.4,7.1,7.8,8.0,4.1,5.7,4.0
107.4,17.7,5.4,12.0,17.2,17.1,16.8,27.2,43.8,13.9,0.0,0.0,0.0,30.5,27.3,23.2,15.0,3.0,11.3,24.4,33.1,34.5,44.1,44.0,43.7,43.0,41.8,42.5,41.2,39.3,37.6,13.0,1.0,2.0,4.0,4.1,6.7,11.4,16.0,20.4,26.0,33.4,39.4,12.2,11.0,9.8,8.5,6.7,7.0,6.7,6.4,6.0
137.2,21.8,5.4,5.4,10.2,6.3,11.2,29.1,48.9,15.2,0.0,0.0,0.0,29.5,24.3,19.1,12.1,4.1,14.0,27.7,37.6,38.9,38.1,39.2,39.1,38.5,39.2,38.9,37.6,36.7,34.7,13.9,0.0,3.2,5.0,2.2,2.2,6.1,9.4,13.3,18.9,25.0,31.8,7.6,6.7,6.3,6.7,7.2,7.3,6.4,6.0,5.8
134.4,25.0,9.0,3.6,8.5,7.1,10.3,22.0,37.4,11.0,0.0,0.0,0.0,28.3,23.6,17.0,8.1,5.0,18.0,30.4,41.2,42.1,39.7,39.5,37.1,35.8,34.8,33.1,31.0,29.7,27.9,9.9,0.0,2.2,4.1,4.0,6.3,8.6,12.2,16.3,22.0,27.8,34.9,9.2,8.1,7.6,8.2,7.6,7.1,5.8,4.5,5.1
122.1,30.4,10.8,3.6,9.9,8.5,11.7,26.0,42.0,13.0,0.0,0.0,0.0,31.3,25.8,18.4,8.9,6.3,21.3,36.9,47.9,50.1,44.6,44.2,42.0,41.8,38.6,38.8,37.7,34.9,32.2,13.0,0.0,1.4,2.2,5.1,7.0,9.9,15.0,18.4,24.1,33.0,38.1,8.5,7.6,10.4,7.8,8.1,8.6,5.0,6.4,5.8
107.4,29.3,11.0,5.0,10.8,9.4,12.2,25.6,41.6,13.0,0.0,0.0,0.0,32.6,26.9,19.7,9.2,5.7,21.5,37.1,47.7,49.5,44.0,43.8,43.2,41.4,41.1,39.7,37.1,34.0,31.3,11.3,1.0,1.0,2.2,4.5,7.0,11.2,15.2,19.9,25.2,31.4,37.8,10.0,8.0,7.8,7.1,7.2,8.2,7.2,6.1,5.8
137.2,34.0,21.9,12.4,7.1,7.2,10.3,16.5,23.1,7.1,0.0,0.0,0.0,20.1,15.0,9.2,5.0,12.8,22.7,32.2,40.0,43.4,31.6,30.5,29.8,27.9,27.0,26.4,24.8,22.8,20.6,7.8,1.0,2.2,5.8,7.1,8.9,11.2,14.0,17.1,20.8,25.0,28.5,15.5,15.3,14.2,12.6,13.0,12.1,10.6,9.2,8.5
134.4,34.4,22.4,11.2,4.0,3.0,8.0,13.9,18.8,5.8,0.0,0.0,0.0,19.3,13.6,9.0,5.0,12.2,23.1,34.2,38.3,47.0,33.4,35.6,29.7,31.0,30.1,26.9,28.2,23.1,22.0,7.8,1.4,2.2,6.4,7.3,11.2,11.0,15.7,19.1,20.1,27.2,31.0,20.1,9.8,16.2,15.2,11.2,15.6,11.0,9.1,11.3
122.1,53.5,34.2,18.0,7.1,4.5,11.7,20.6,31.4,9.9,0.0,0.0,0.0,28.2,22.2,13.9,9.1,21.1,36.1,51.5,63.1,68.2,51.6,50.2,46.1,44.7,45.3,42.1,40.4,36.4,34.1,11.2,1.0,4.5,11.7,14.0,17.3,19.3,25.0,29.2,34.0,40.4,47.2,25.5,20.2,21.2,19.1,18.0,19.4,15.7,14.3,14.9
107.4,36.2,23.4,12.0,5.0,3.6,8.5,14.4,21.9,7.1,0.0,0.0,0.0,19.2,14.9,10.0,7.6,13.9,24.6,35.0,43.0,45.6,35.5,33.6,33.4,31.4,29.5,30.4,26.4,25.0,21.9,7.1,1.4,2.0,7.0,9.2,10.3,13.5,15.3,19.0,24.1,28.4,32.2,13.9,15.1,14.3,13.9,14.1,12.1,12.2,11.4,9.4
137.2,27.5,20.6,14.1,10.8,9.5,14.4,22.1,29.8,8.2,0.0,0.0,0.0,17.9,13.0,9.0,11.4,18.9,26.2,32.8,37.1,36.4,39.4,39.4,37.3,34.5,34.0,34.2,30.7,28.0,25.5,8.6,1.0,5.0,13.0,15.0,16.3,19.3,21.5,23.3,28.8,32.0,36.9,7.2,11.0,8.2,9.1,10.8,7.2,8.5,8.1,5.7
134.4,22.7,16.2,13.0,10.8,11.2,17.1,27.2,35.7,10.4,0.0,0.0,0.0,21.1,14.0,10.0,14.6,22.6,30.7,35.0,37.5,34.0,41.0,40.4,38.1,35.5,35.4,34.1,32.0,28.7,26.9,9.1,1.0,5.0,14.2,15.6,18.6,19.7,22.4,24.4,28.5,32.0,38.3,10.2,10.4,8.9,9.4,9.2,7.8,8.6,8.5,7.0
107.4,19.8,13.9,11.2,10.8,10.0,16.0,24.1,32.6,9.1,0.0,0.0,0.0,19.0,13.0,9.4,13.2,21.2,27.5,31.6,33.2,31.1,35.1,34.0,33.1,30.6,29.7,30.0,25.2,24.8,22.5,8.5,1.4,4.2,12.2,13.6,13.9,18.0,18.7,20.6,25.3,28.2,33.1,6.4,13.2,6.4,7.3,9.4,4.2,9.8,8.5,3.6
137.2,16.2,5.4,2.0,6.7,10.0,16.8,26.2,35.1,10.0,0.0,0.0,0.0,23.3,15.3,11.2,15.0,23.7,29.7,34.0,34.2,30.9,30.2,30.0,29.4,27.7,27.0,27.3,25.6,24.4,22.7,8.1,1.0,5.1,13.2,14.0,15.3,17.1,17.9,20.2,22.2,24.8,28.3,11.7,12.6,11.2,11.2,12.0,11.2,11.7,11.4,10.6
134.4,19.7,9.1,5.8,9.0,13.2,18.4,26.2,33.8,8.9,0.0,0.0,0.0,23.7,14.2,7.0,13.4,23.1,30.7,36.2,37.2,34.7,31.0,30.8,29.8,28.2,29.2,28.9,26.6,25.2,23.3,8.1,1.4,3.6,11.7,12.2,14.0,15.2,16.4,19.2,21.5,24.7,28.0,12.1,12.8,12.2,11.7,12.0,12.2,12.5,11.4,11.4
122.1,20.1,10.0,6.7,9.1,13.2,18.8,26.2,35.0,10.3,0.0,0.0,0.0,23.6,15.6,8.0,14.9,23.8,31.0,35.8,39.2,34.7,30.0,29.0,30.2,27.9,27.0,28.6,24.7,25.2,22.6,8.0,1.4,3.2,11.0,12.0,12.1,16.3,16.4,17.5,21.8,24.2,28.9,10.2,15.6,10.4,11.7,13.0,9.5,14.3,13.4,8.9
107.4,19.6,9.2,7.1,10.4,14.1,19.4,26.8,35.0,10.6,0.0,0.0,0.0,24.0,15.7,7.3,12.8,22.8,29.7,35.4,37.0,34.5,60.3,58.9,56.9,55.6,56.6,56.3,54.1,51.1,48.1,17.9,1.4,8.5,24.1,25.6,27.7,30.0,33.0,36.2,41.2,47.6,54.6,25.2,24.2,22.8,21.6,22.8,22.5,22.0,22.5,21.9
137.2,35.2,23.4,15.0,10.2,11.4,15.8,21.4,28.1,8.1,0.0,0.0,0.0,24.4,18.4,14.1,15.0,22.8,31.0,38.9,43.5,45.2,31.4,31.0,30.1,28.6,28.6,28.6,27.7,26.0,24.4,8.9,0.0,5.0,13.4,13.4,15.3,17.2,18.4,19.8,22.8,26.1,29.1,20.5,20.6,18.6,17.5,17.0,17.0,17.0,15.3,14.4
134.4,37.4,25.0,15.6,9.8,10.0,14.6,20.4,27.3,7.0,0.0,0.0,0.0,22.8,17.1,14.3,17.0,24.2,32.0,39.9,46.5,46.3,31.4,29.7,30.5,29.4,29.2,28.2,25.5,24.6,23.7,7.8,0.0,5.0,13.0,13.4,13.9,15.5,17.1,19.0,22.6,25.1,28.2,20.4,20.9,19.0,17.5,18.0,17.0,17.0,16.3,15.6
137.2,34.7,25.3,16.6,11.3,11.4,15.0,19.1,24.0,6.0,0.0,0.0,0.0,18.2,16.1,14.4,17.1,22.1,30.0,36.1,42.3,41.4,29.5,29.1,27.1,26.0,25.1,24.8,22.6,20.2,18.4,6.3,0.0,4.1,12.2,13.0,14.4,16.3,17.5,19.2,22.2,24.2,28.3,22.2,22.7,20.1,18.1,18.1,16.8,17.5,15.0,14.2
134.4,36.1,27.0,20.0,14.9,12.0,14.8,19.3,23.4,6.7,0.0,0.0,0.0,18.2,15.7,16.4,18.4,23.1,29.4,35.4,41.3,42.1,27.5,27.7,27.5,25.2,24.7,24.4,22.7,19.7,19.2,7.1,1.0,4.1,10.4,11.7,12.0,12.4,14.3,15.7,20.0,22.4,25.7,25.0,23.8,20.8,18.9,19.6,18.0,16.8,15.3,14.2
122.1,32.3,24.7,17.1,12.2,9.4,13.0,16.2,20.2,5.4,0.0,0.0,0.0,16.2,13.5,13.0,16.0,21.2,26.4,32.3,37.0,38.6,25.5,24.6,23.0,22.1,22.0,20.2,19.6,17.0,16.5,5.4,1.0,3.2,9.5,10.0,11.7,13.2,14.3,15.8,18.4,21.2,23.8,22.4,19.7,18.6,16.8,16.1,16.1,15.6,13.4,13.3
107.4,37.3,29.2,20.0,14.3,12.8,14.8,19.0,23.1,6.7,0.0,0.0,0.0,17.7,15.8,16.1,19.0,24.5,31.0,37.9,42.8,44.7,30.0,28.8,27.7,25.9,24.3,24.3,21.0,19.8,18.0,5.8,1.4,3.6,9.8,11.0,11.7,14.2,15.7,17.0,21.2,24.0,27.3,23.9,23.8,21.0,18.9,19.8,17.5,17.0,16.3,13.9
137.2,36.3,27.3,21.4,15.5,12.0,9.8,13.5,16.6,5.0,0.0,0.0,0.0,13.0,9.4,10.4,15.1,23.1,29.1,34.5,40.2,43.1,25.1,23.7,23.3,22.5,21.0,21.9,21.4,19.7,17.7,6.0,1.0,2.2,7.2,8.9,10.2,13.0,13.5,13.9,16.3,19.8,22.2,20.8,20.2,20.1,19.9,18.6,16.6,16.1,17.1,13.9
134.4,35.1,27.0,20.2,15.5,12.4,9.1,11.3,16.1,5.4,0.0,0.0,0.0,11.7,8.1,8.1,14.0,22.0,29.0,35.1,41.3,43.4,24.5,24.1,23.4,22.8,22.8,22.8,21.4,20.0,18.2,6.3,0.0,3.6,7.3,8.0,8.5,10.6,11.7,13.2,15.5,18.6,22.2,20.0,20.2,18.6,17.5,17.5,17.0,16.5,15.7,14.2
137.2,38.0,28.8,21.4,16.0,12.0,6.7,7.1,13.3,4.1,0.0,0.0,0.0,9.9,6.3,7.1,13.9,21.8,29.7,37.6,42.5,45.3,27.0,28.4,26.0,24.7,25.6,22.8,22.0,20.6,18.4,6.4,0.0,3.0,8.2,8.2,10.8,12.8,14.9,17.2,18.4,21.2,26.0,22.8,18.0,16.3,17.7,15.3,16.2,14.8,11.4,12.2
134.4,39.6,29.5,21.6,15.8,10.6,4.5,5.8,13.2,4.0,0.0,0.0,0.0,11.0,7.3,6.3,11.4,19.7,28.6,37.3,43.2,46.5,27.9,30.8,27.1,26.7,26.3,23.5,23.8,21.8,18.4,6.4,1.0,2.8,8.6,8.6,11.4,14.3,14.4,17.9,18.7,23.1,29.1,21.1,16.0,14.9,17.5,12.4,14.9,13.0,10.2,12.4
122.1,40.0,30.5,21.9,15.8,10.0,5.4,7.8,14.4,5.0,0.0,0.0,0.0,12.2,8.5,7.0,12.0,19.8,29.0,37.5,44.2,47.4,30.2,28.6,28.6,26.9,26.2,25.5,22.8,22.0,20.0,6.4,1.4,2.0,7.0,9.0,10.0,13.0,15.3,16.8,19.3,24.2,27.8,17.8,17.2,16.6,16.6,15.8,14.9,13.4,12.1,11.4
107.4,39.3,29.7,22.4,15.8,10.0,5.1,8.1,14.6,5.1,0.0,0.0,0.0,12.4,8.9,7.3,12.1,19.7,29.1,37.3,46.2,45.9,31.2,29.7,29.0,28.4,25.6,27.0,24.2,21.9,21.2,7.8,0.0,3.2,8.0,10.0,11.2,14.1,16.5,17.1,21.9,26.1,28.0,16.4,19.2,18.0,14.9,16.5,14.9,14.1,14.6,11.4
137.2,41.1,32.3,22.4,15.0,10.0,5.1,7.1,14.9,5.4,0.0,0.0,0.0,12.5,9.8,6.3,11.7,18.2,27.5,39.8,47.2,48.8,32.1,30.1,29.1,28.3,27.1,26.0,24.2,22.4,19.9,6.7,1.0,2.2,7.1,9.1,11.0,13.0,16.1,18.1,21.1,25.3,28.4,17.5,17.9,16.2,15.3,15.8,13.9,13.4,12.6,10.4
134.4,43.1,32.3,24.2,17.0,12.0,6.0,5.1,12.5,4.5,0.0,0.0,0.0,12.1,8.2,7.2,12.4,21.2,30.6,40.8,48.5,51.5,33.0,32.0,31.0,29.0,29.0,28.0,26.0,23.1,21.4,7.6,0.0,3.6,8.9,9.8,12.6,14.6,16.5,19.6,22.4,26.2,31.1,19.4,18.4,17.7,16.2,16.2,15.2,14.3,13.0,11.7
107.4,42.6,32.4,23.3,16.8,11.2,5.0,6.7,13.5,5.7,0.0,0.0,0.0,13.5,9.4,7.1,11.4,20.6,30.0,40.2,47.6,51.7,32.6,30.4,29.6,28.4,26.3,27.2,24.2,21.0,20.2,7.1,1.0,2.0,7.1,9.1,11.0,13.0,16.0,17.0,22.1,26.5,29.2,16.2,18.4,17.5,14.4,15.8,13.9,13.5,14.4,11.2
137.2,40.7,31.0,23.8,18.1,12.0,6.1,5.4,12.8,5.0,0.0,0.0,0.0,11.4,9.1,8.5,13.6,22.4,30.8,39.6,46.5,48.8,32.4,30.4,29.2,28.3,27.2,27.0,24.8,22.6,21.2,7.1,1.0,2.2,7.6,9.4,10.6,12.7,15.8,17.5,20.9,25.2,28.0,19.0,19.2,18.0,16.3,16.6,15.3,13.9,13.9,11.7
134.4,39.1,30.4,22.0,17.3,12.2,6.1,6.0,12.6,5.1,0.0,0.0,0.0,12.0,8.2,8.6,13.0,22.0,29.0,37.9,43.2,47.3,29.0,30.0,27.8,26.6,26.0,25.7,24.5,21.2,20.1,7.1,1.4,2.2,6.7,7.6,10.4,12.0,14.0,16.3,19.3,23.3,26.9,19.7,17.9,16.5,17.0,16.1,15.3,14.3,12.6,12.6
122.1,39.0,28.5,23.3,17.0,12.2,5.0,5.1,12.0,3.6,0.0,0.0,0.0,10.8,7.0,7.1,13.0,20.6,29.6,35.5,43.9,45.5,28.9,29.7,27.8,25.8,27.7,22.7,23.4,22.6,19.2,6.7,0.0,3.6,8.5,8.5,11.4,14.3,14.9,18.7,19.0,22.0,27.7,22.8,17.5,14.9,17.8,13.0,15.5,14.4,9.8,11.4
107.4,35.9,27.3,20.0,15.0,10.2,5.1,7.3,14.0,5.0,0.0,0.0,0.0,12.2,9.2,7.8,12.2,19.0,26.0,33.2,40.0,42.7,26.6,27.5,25.9,24.2,25.6,23.8,23.3,20.6,18.4,6.4,1.0,2.2,7.1,7.1,9.2,9.8,11.7,15.3,17.0,19.8,25.0,19.0,16.5,15.0,16.0,14.0,14.1,13.0,11.2,12.0
137.2,35.2,26.3,19.0,14.1,9.2,5.1,7.1,14.0,5.1,0.0,0.0,0.0,12.6,9.0,7.8,11.2,18.0,25.1,32.4,38.3,41.8,26.5,25.3,25.1,24.0,24.0,23.0,22.1,20.1,18.4,6.3,1.4,2.2,6.7,7.2,9.2,9.9,12.2,13.9,16.6,19.9,23.8,16.1,16.3,14.6,13.9,14.3,13.0,12.1,10.8,9.8
134.4,35.0,26.9,19.2,14.3,10.6,9.8,14.1,21.4,7.3,0.0,0.0,0.0,17.2,13.6,11.7,15.7,22.8,29.4,36.2,41.6,42.5,28.4,25.0,27.3,26.4,24.2,27.7,23.6,22.7,23.3,8.1,1.4,2.8,10.3,12.0,10.8,13.9,15.0,14.6,19.2,22.8,23.6,16.5,22.0,20.1,15.8,20.1,16.1,17.0,19.1,13.0
122.1,34.4,26.0,19.9,14.9,10.8,8.6,12.0,19.2,5.0,0.0,0.0,0.0,15.0,11.2,10.8,15.7,22.8,29.1,35.1,39.4,41.6,26.4,24.8,25.0,23.8,22.8,24.1,22.0,21.2,20.4,7.1,1.0,4.0,11.0,12.0,12.6,14.8,15.6,15.8,19.0,21.0,23.5,18.0,19.3,17.5,15.1,16.8,15.2,14.9,14.9,12.8
107.4,33.0,25.0,18.0,13.0,9.0,7.2,10.8,15.3,5.1,0.0,0.0,0.0,13.3,9.2,8.6,14.0,21.2,27.5,34.1,38.0,40.1,25.0,24.5,24.2,22.7,22.0,22.0,20.2,18.4,17.1,5.0,0.0,4.2,9.9,10.8,11.7,13.2,14.1,15.2,17.8,20.2,23.4,17.9,18.4,16.4,14.9,15.0,14.0,13.6,13.0,11.7
137.2,36.7,28.8,20.6,16.2,11.4,10.4,13.6,17.0,5.0,0.0,0.0,0.0,11.0,8.6,10.2,16.3,23.4,30.1,36.4,40.0,43.9,26.5,24.3,24.2,21.6,20.6,21.2,18.4,16.3,16.1,5.1,1.4,2.0,6.3,7.8,8.1,11.2,13.5,14.3,18.0,20.1,22.6,21.4,22.5,19.4,17.1,19.0,15.8,15.2,14.3,11.0
134.4,37.1,28.1,20.0,14.1,10.8,12.7,16.4,21.1,5.0,0.0,0.0,0.0,14.9,11.0,10.6,13.6,21.0,27.3,34.1,40.0,44.0,27.3,27.5,26.1,24.8,23.6,23.7,20.9,19.4,18.1,6.0,0.0,3.6,9.4,10.8,12.0,13.0,15.2,15.8,20.0,22.1,25.3,21.6,21.9,19.2,17.1,18.7,16.6,16.3,15.6,12.8
122.1,35.5,27.2,18.4,13.2,11.4,12.8,17.0,20.5,5.7,0.0,0.0,0.0,15.3,11.7,9.8,12.2,19.2,25.6,32.7,37.7,42.7,27.0,25.5,24.5,24.0,22.8,22.4,21.4,18.4,17.8,5.8,0.0,3.2,9.2,10.0,10.4,12.5,14.2,15.2,18.0,20.9,24.2,20.2,21.5,18.6,17.2,17.9,16.3,16.0,15.1,13.6
107.4,34.5,25.2,16.0,10.4,11.4,14.9,20.6,25.1,7.6,0.0,0.0,0.0,18.4,13.2,8.9,11.0,19.0,26.9,34.8,40.5,43.2,30.0,28.5,27.5,26.0,25.5,25.1,22.8,21.4,19.3,6.0,0.0,3.6,10.2,11.0,12.0,13.3,15.8,17.0,20.2,23.4,26.9,18.1,18.0,16.5,14.6,14.8,14.2,14.2,12.1,11.2
137.2,33.4,23.2,15.0,9.5,9.9,13.5,19.1,23.6,7.2,0.0,0.0,0.0,18.8,13.3,7.6,10.0,18.0,24.7,32.6,39.3,41.8,28.6,26.0,27.7,25.1,25.5,25.6,22.2,21.4,20.6,7.0,1.0,2.8,9.8,10.4,10.0,13.2,14.3,15.2,20.1,22.0,25.5,14.9,18.1,14.3,13.2,14.8,12.0,13.5,12.6,10.2
134.4,27.2,14.9,7.2,4.5,8.1,13.9,21.2,28.0,8.1,0.0,0.0,0.0,19.0,11.4,6.1,13.4,24.0,31.6,38.5,41.7,41.0,29.2,29.1,28.2,27.2,26.7,25.8,24.7,22.6,21.6,8.1,0.0,4.2,10.3,11.0,12.0,13.9,15.0,17.0,19.7,23.3,27.2,14.8,13.3,12.0,11.7,11.4,10.8,10.4,9.1,9.4
122.1,24.0,13.9,5.8,3.0,6.1,11.0,17.5,23.8,7.2,0.0,0.0,0.0,15.3,8.6,5.0,13.0,22.0,29.0,34.2,36.9,36.4,26.6,27.5,25.0,24.7,23.9,22.5,21.4,19.2,17.0,5.8,1.4,2.2,8.1,8.5,10.8,11.3,13.4,16.5,17.0,21.8,25.1,16.1,11.7,12.1,12.0,10.8,11.4,9.2,8.5,8.5
107.4,25.5,15.0,5.4,4.2,7.8,13.0,20.2,26.3,7.1,0.0,0.0,0.0,18.0,10.8,6.0,13.9,23.3,31.4,38.6,39.7,39.6,60.7,57.0,57.2,54.1,52.2,53.6,47.7,45.4,42.4,15.3,0.0,7.2,19.3,22.1,23.3,27.3,30.5,32.4,40.5,46.4,53.2,25.5,29.4,24.7,22.1,24.8,20.1,21.8,20.6,16.6
137.2,25.5,15.6,7.6,3.2,5.7,13.0,20.6,26.6,8.2,0.0,0.0,0.0,17.0,12.0,12.0,17.2,25.5,32.6,38.6,37.5,39.1,33.1,31.1,31.1,29.4,29.6,28.4,26.1,24.0,22.0,8.1,0.0,4.5,11.7,12.5,14.8,15.7,17.1,19.6,22.4,25.1,30.0,16.6,16.6,15.2,13.0,13.0,11.7,11.7,9.8,9.8
134.4,29.2,18.0,9.8,3.2,5.0,11.2,19.0,27.0,7.0,0.0,0.0,0.0,17.5,14.0,13.5,19.3,26.0,33.8,39.0,44.4,41.0,35.0,33.0,34.1,32.1,30.0,31.0,28.0,26.3,24.0,8.5,0.0,4.5,12.1,13.9,13.9,17.5,18.0,19.6,24.3,28.0,31.1,16.8,17.9,15.8,14.9,14.8,13.0,13.0,13.5,10.8
122.1,28.9,18.2,9.0,2.8,5.1,12.4,20.2,27.3,7.6,0.0,0.0,0.0,18.2,13.4,12.5,18.0,25.3,33.2,39.0,42.4,41.0,34.0,33.5,32.0,30.7,29.7,29.7,27.5,24.7,23.2,8.0,1.0,3.6,10.8,12.6,13.6,15.5,17.5,20.0,23.0,27.3,31.3,17.1,17.3,16.0,16.0,15.0,14.0,13.0,12.0,11.2
107.4,27.2,16.8,8.1,1.4,5.0,12.0,19.4,25.6,8.1,0.0,0.0,0.0,17.8,13.6,12.0,17.0,24.2,30.8,37.6,39.9,38.6,32.4,33.0,29.1,29.1,29.4,26.7,26.5,23.2,22.0,7.3,1.0,3.2,10.4,11.7,13.3,14.3,17.1,19.0,21.0,25.1,29.6,19.0,14.3,16.0,15.3,13.0,15.0,12.4,10.0,10.8
137.2,28.6,18.4,9.5,2.2,5.8,13.6,21.3,27.6,7.8,0.0,0.0,0.0,22.5,19.9,16.0,14.3,17.7,24.1,31.9,36.6,38.1,37.4,36.9,35.8,32.2,31.6,31.9,28.7,26.4,24.4,8.2,1.0,4.5,13.9,14.9,17.1,20.2,20.6,22.8,27.3,31.1,36.4,16.3,17.2,13.9,14.9,15.8,12.5,13.9,12.6,9.5
134.4,30.6,19.4,9.2,2.0,6.7,12.7,19.4,25.9,8.5,0.0,0.0,0.0,24.2,19.7,13.6,9.5,13.6,21.5,31.1,37.5,40.3,83.1,80.8,76.1,71.6,70.5,67.1,63.0,57.9,54.0,18.9,1.4,11.4,30.9,33.4,38.1,42.7,47.0,51.7,59.7,68.1,78.2,23.5,23.0,21.6,21.5,21.2,19.7,19.4,18.2,16.6
122.1,45.2,29.1,13.9,3.0,9.2,18.9,29.0,39.1,11.7,0.0,0.0,0.0,35.5,29.2,20.6,14.0,21.2,33.4,46.0,56.4,59.7,61.7,58.6,55.3,53.2,51.4,49.2,47.2,42.6,39.8,14.1,1.0,8.5,23.1,24.5,29.2,30.8,34.7,38.9,43.3,50.5,57.1,17.3,15.8,16.1,14.2,14.8,15.1,13.3,12.5,13.0
107.4,43.7,27.3,12.4,3.0,10.0,19.4,29.2,38.6,12.2,0.0,0.0,0.0,35.0,29.2,19.8,14.0,20.2,32.2,46.1,55.5,58.8,61.1,58.6,56.4,52.6,51.0,50.7,46.3,42.5,39.0,14.0,1.4,8.1,22.5,24.4,27.7,31.8,34.5,38.3,44.0,50.0,57.8,16.5,17.8,14.2,15.0,15.3,13.0,14.9,12.7,11.2
137.2,39.8,26.9,15.6,8.9,4.5,5.0,12.6,20.2,6.1,0.0,0.0,0.0,22.0,18.4,12.0,7.1,14.2,24.8,37.5,46.0,50.6,41.7,40.9,40.0,36.7,35.4,35.3,32.0,29.1,26.4,9.5,1.0,4.1,11.7,13.6,14.6,18.1,20.1,22.7,28.2,33.1,37.9,7.2,12.0,9.2,8.6,11.2,8.1,10.2,10.0,7.3
134.4,36.7,24.2,13.2,7.6,5.1,5.8,12.4,21.0,6.7,0.0,0.0,0.0,22.4,19.2,12.1,6.7,13.6,24.5,36.7,46.1,49.2,41.2,40.5,38.2,36.2,35.5,34.0,31.6,28.6,24.7,8.0,1.0,4.0,11.7,12.0,14.9,17.0,20.6,22.6,27.3,32.1,37.9,10.2,8.1,8.9,8.6,8.2,9.1,7.8,7.2,7.0
122.1,34.1,22.2,13.0,7.8,5.0,4.1,9.9,18.0,5.4,0.0,0.0,0.0,20.2,16.8,11.2,7.3,13.0,23.3,33.8,42.0,45.4,38.0,36.2,34.0,32.4,30.8,29.4,27.2,24.2,22.5,7.1,1.4,2.8,9.4,11.2,13.3,14.8,18.4,21.9,25.1,30.1,35.5,11.0,7.6,8.9,8.9,7.1,9.1,6.4,5.7,6.1
107.4,37.0,24.0,12.6,7.8,5.1,6.0,12.0,19.8,6.4,0.0,0.0,0.0,23.0,18.0,12.0,7.1,13.3,25.0,36.5,44.0,49.2,41.4,40.0,37.7,35.7,33.8,32.8,30.1,27.3,24.4,8.2,1.0,3.2,10.4,12.0,14.8,17.1,20.6,23.0,28.0,34.2,38.2,9.8,10.2,10.2,9.4,8.6,8.2,7.3,6.4,5.4
137.2,34.4,19.4,11.7,13.6,14.1,13.5,17.0,26.4,8.1,0.0,0.0,0.0,22.7,15.3,6.3,5.7,16.8,29.0,40.3,48.8,50.5,48.8,48.8,45.3,43.9,41.4,40.2,37.0,33.6,30.8,11.4,0.0,4.2,11.2,13.0,14.8,18.0,21.0,25.1,31.1,38.0,44.8,0.0,2.8,3.6,3.2,5.0,4.1,4.5,5.1,2.8
134.4,30.2,16.1,17.0,23.3,23.8,20.2,21.3,32.0,11.0,0.0,0.0,0.0,26.9,18.0,8.1,6.4,19.0,31.0,44.0,49.1,50.4,52.6,50.6,50.0,47.5,48.8,46.9,44.9,41.7,38.1,13.3,1.0,5.0,13.3,14.4,16.4,19.0,23.1,28.2,32.6,39.6,47.0,5.4,4.2,5.8,5.1,4.1,4.1,5.1,5.4,6.3
122.1,23.3,12.6,13.0,17.1,17.3,15.3,15.8,22.2,6.3,0.0,0.0,0.0,18.4,12.2,4.5,5.8,15.6,25.3,33.0,37.5,37.4,39.6,38.3,36.9,34.9,34.1,33.3,30.9,29.2,27.0,9.8,1.4,3.2,8.5,9.8,11.0,13.9,17.0,20.1,25.1,30.7,35.4,3.2,3.2,1.0,2.0,1.4,2.0,3.2,2.0,3.2
107.4,27.6,14.6,15.3,20.0,19.7,17.0,17.8,26.0,8.2,0.0,0.0,0.0,23.6,14.8,5.0,6.7,19.1,28.9,39.4,44.6,46.1,45.9,45.0,42.9,42.1,40.3,39.4,37.2,34.9,32.4,12.0,1.4,3.6,10.8,12.2,14.8,17.0,20.6,24.0,29.7,36.1,43.0,3.6,1.4,4.1,2.0,3.2,3.0,1.4,5.1,3.6
137.2,30.9,19.8,18.4,19.4,15.0,5.0,14.9,31.8,10.6,0.0,0.0,0.0,28.4,26.4,21.5,14.9,6.3,17.5,30.9,41.1,43.4,51.0,50.5,47.3,45.0,44.9,43.4,41.0,36.4,33.4,11.2,1.0,2.2,6.7,8.6,11.4,14.9,20.0,24.4,31.1,38.3,44.9,5.0,1.0,5.7,5.8,4.5,9.2,7.1,6.0,9.2
134.4,22.1,21.4,19.6,16.5,11.4,1.0,11.0,25.1,8.0,0.0,0.0,0.0,23.5,25.0,26.2,24.5,19.4,13.0,10.0,15.2,20.2,36.4,35.5,34.7,33.3,33.6,33.4,32.1,30.4,28.6,10.6,1.0,2.2,5.8,7.2,9.4,12.5,15.8,19.2,23.0,28.2,33.2,8.2,6.7,5.8,4.2,3.2,2.0,2.2,2.0,2.8
122.1,20.0,19.0,17.1,14.1,9.0,1.0,12.2,24.3,9.1,0.0,0.0,0.0,24.0,26.5,27.5,26.6,21.5,14.9,10.2,13.0,17.5,65.7,66.3,63.3,61.7,61.7,61.7,59.7,57.0,53.8,19.4,1.0,4.1,9.8,12.1,16.6,23.4,28.4,35.8,43.1,52.0,62.0,21.0,16.3,14.1,13.4,8.5,7.1,6.0,2.2,2.0
137.2,19.4,19.6,16.2,11.4,8.5,6.7,9.5,13.2,4.1,0.0,0.0,0.0,16.6,25.1,34.0,39.4,39.1,32.4,22.5,11.2,10.8,18.4,18.4,17.5,18.0,17.0,17.1,16.0,13.9,12.8,4.5,0.0,3.0,6.0,6.1,7.2,7.8,9.8,10.0,11.7,14.2,16.3,18.0,16.6,14.2,10.0,9.4,7.1,5.1,5.1,3.2
134.4,27.5,26.1,20.0,14.1,9.2,8.1,9.2,13.6,4.5,0.0,0.0,0.0,17.5,27.5,37.6,43.0,40.2,31.0,18.7,8.5,18.1,22.0,22.0,20.2,18.4,19.0,17.5,16.6,15.7,14.3,4.5,1.0,2.2,8.0,10.0,11.0,14.1,14.1,15.5,18.2,18.2,23.2,18.4,15.7,11.2,12.2,8.5,7.0,7.1,4.5,3.2
122.1,27.2,25.5,19.8,14.4,9.8,8.1,10.0,14.6,5.4,0.0,0.0,0.0,17.9,26.9,36.4,41.3,39.4,30.4,18.0,10.0,18.4,20.1,21.0,20.6,18.4,19.0,17.0,16.1,15.8,14.4,5.0,1.4,2.0,8.1,10.4,9.8,14.3,13.0,15.3,17.7,18.7,22.8,18.8,16.6,11.4,14.0,8.5,6.1,8.1,3.6,4.1
107.4,27.5,26.4,19.7,14.2,9.2,7.6,10.0,15.0,5.0,0.0,0.0,0.0,17.7,27.7,36.2,41.9,38.9,30.4,17.2,9.8,18.8,46.0,44.0,40.6,38.6,38.1,36.7,34.0,31.9,29.7,10.3,1.4,5.0,17.3,20.4,22.8,27.2,29.1,32.3,36.9,39.6,45.3,34.4,30.5,24.5,22.2,17.1,14.0,12.2,8.5,7.6
137.2,24.7,24.7,22.5,22.2,22.4,23.3,26.0,25.3,8.1,0.0,0.0,0.0,8.6,12.8,18.4,21.1,23.8,22.2,19.1,16.6,20.5,31.9,32.0,27.7,31.1,27.6,27.9,28.3,23.1,25.0,9.9,1.0,5.1,13.3,12.8,15.2,16.5,17.7,20.2,19.2,24.6,28.2,40.7,32.3,38.1,28.9,30.8,33.2,25.1,29.4,24.8
134.4,28.8,30.5,27.5,24.8,23.7,24.0,24.5,24.7,6.7,0.0,0.0,0.0,3.6,8.1,14.9,20.1,21.6,18.4,13.4,12.1,19.4,38.1,37.0,35.2,34.0,33.0,32.3,30.4,28.3,27.5,10.0,1.0,2.2,8.2,9.1,12.2,14.8,18.0,21.1,25.1,30.1,35.2,45.2,42.1,39.6,37.6,36.4,36.0,33.3,30.9,27.2
122.1,27.9,29.2,26.1,24.0,23.3,24.0,24.5,24.0,5.4,0.0,0.0,0.0,4.5,9.0,15.8,20.1,21.6,19.2,13.0,10.8,18.0,34.0,36.2,37.0,31.1,34.0,33.3,29.2,30.1,26.4,8.5,1.4,1.4,7.2,11.2,11.0,13.9,17.5,19.6,27.9,28.8,34.4,45.2,44.7,35.8,39.1,36.9,32.8,36.1,27.5,26.4
107.4,28.6,31.0,27.5,25.0,24.0,25.1,26.1,25.6,6.7,0.0,0.0,0.0,3.6,8.9,16.2,20.4,22.1,19.0,14.9,12.1,19.4,37.3,36.8,34.7,35.5,34.1,34.1,32.2,27.8,27.1,9.2,1.0,3.0,9.8,10.0,13.9,16.0,19.0,21.4,23.2,29.5,32.8,46.8,40.6,43.0,38.3,35.4,36.4,29.2,29.0,26.0
137.2,45.8,42.7,34.4,26.2,17.7,13.4,13.6,14.6,4.5,0.0,0.0,0.0,4.1,9.5,14.3,15.7,15.3,6.4,6.4,20.5,37.5,29.3,28.6,26.8,25.0,24.7,22.8,21.0,18.9,16.8,6.1,1.0,2.2,6.3,8.5,10.6,13.2,15.2,18.0,20.1,24.2,27.2,13.3,13.6,13.0,12.0,12.5,12.5,12.0,11.7,10.3
134.4,50.6,45.9,37.6,26.6,17.0,12.0,12.1,14.3,4.2,0.0,0.0,0.0,5.4,10.8,16.3,17.7,13.6,5.0,9.5,26.9,40.9,33.8,32.0,30.4,27.8,26.1,25.6,22.8,20.6,18.4,7.0,0.0,2.2,7.0,9.2,11.4,14.3,17.0,19.1,24.2,27.9,31.6,12.4,13.3,12.7,12.1,12.2,10.6,10.8,9.8,8.6
122.1,45.9,41.8,33.2,24.0,16.3,11.2,11.2,13.4,4.5,0.0,0.0,0.0,4.5,9.2,14.1,15.0,12.0,4.1,8.2,23.5,37.6,30.2,27.0,26.6,24.2,23.5,23.3,21.1,19.7,17.5,6.0,1.0,2.2,5.1,7.8,9.2,12.5,16.1,18.0,22.8,26.0,27.7,10.8,12.4,10.6,9.8,10.4,8.6,9.1,9.2,8.5
107.4,46.1,41.6,32.7,24.6,15.3,10.8,10.4,12.4,3.6,0.0,0.0,0.0,5.1,9.8,14.4,15.6,12.7,3.6,8.9,22.0,37.6,30.6,29.1,26.0,25.0,24.1,22.0,21.6,19.3,17.1,7.1,1.0,2.0,6.4,7.1,9.4,12.1,15.5,18.4,21.2,25.1,28.6,13.6,10.8,11.2,11.2,10.0,10.0,8.6,7.6,8.5
137.2,47.5,43.3,35.7,26.6,18.8,12.7,13.3,17.0,5.1,0.0,0.0,0.0,5.0,6.4,7.1,5.0,1.4,8.1,18.9,30.5,41.6,33.2,32.7,30.8,29.0,28.2,27.3,24.3,21.0,19.1,6.7,1.4,1.4,5.0,7.3,10.0,12.2,15.8,17.8,22.8,25.9,31.3,17.0,17.1,16.1,14.0,14.6,13.4,13.6,13.0,11.7
134.4,44.7,40.6,33.4,25.5,17.8,13.3,14.3,18.8,5.4,0.0,0.0,0.0,5.1,4.5,4.5,2.0,4.1,10.8,20.6,31.9,41.0,32.0,30.8,29.2,28.0,27.2,25.0,22.8,20.6,18.4,5.8,1.0,2.0,6.1,8.2,10.8,13.4,16.6,19.1,22.7,26.4,29.7,19.2,18.0,17.0,16.3,16.3,15.0,14.8,13.9,12.2
107.4,44.2,40.2,33.0,25.0,17.0,12.6,13.3,17.1,4.1,0.0,0.0,0.0,5.4,5.0,4.5,2.2,3.2,10.6,19.8,31.1,40.4,31.9,28.3,29.2,27.8,25.5,26.2,22.1,21.2,19.6,6.7,1.4,1.4,4.5,7.6,8.5,12.2,15.0,16.0,21.6,26.0,28.2,14.3,18.1,16.3,13.0,15.5,13.4,13.0,14.1,11.3
137.2,45.2,40.2,30.4,20.6,12.2,11.2,18.0,24.1,6.1,0.0,0.0,0.0,7.8,7.8,6.4,4.0,5.1,12.0,23.3,33.7,42.7,39.2,38.4,35.5,34.2,33.1,31.4,28.8,25.7,22.8,7.8,1.4,2.0,7.3,10.0,13.0,15.5,19.0,22.4,25.5,31.3,35.7,17.2,13.9,15.3,16.3,14.8,15.6,13.3,12.0,12.1
134.4,49.2,41.7,32.2,20.6,11.0,9.4,17.5,23.8,6.7,0.0,0.0,0.0,8.6,8.1,5.8,2.0,6.3,14.3,25.5,38.0,47.0,41.0,42.7,36.8,35.7,35.5,31.9,32.3,27.7,25.0,9.2,1.4,3.0,9.4,10.8,15.0,17.7,21.3,26.0,28.0,34.5,40.6,19.8,11.2,15.3,15.5,11.2,15.0,12.2,9.5,11.7
122.1,63.9,55.1,42.4,26.6,13.5,12.2,22.5,31.4,8.5,0.0,0.0,0.0,12.0,11.0,9.0,3.2,7.2,18.8,33.6,49.7,61.8,55.0,49.8,53.2,48.3,45.4,47.7,40.7,38.5,33.4,10.8,1.0,5.1,13.2,18.4,20.0,26.1,28.8,30.4,37.6,45.3,49.2,10.0,22.0,17.3,15.5,19.7,13.9,17.5,18.6,11.7
107.4,44.8,38.5,28.6,18.4,10.0,8.9,15.0,21.2,6.3,0.0,0.0,0.0,7.8,7.2,5.0,2.0,5.1,13.0,23.8,34.2,42.5,39.4,36.9,36.3,34.2,31.8,31.6,27.7,25.5,22.6,7.3,1.0,3.6,8.5,11.0,12.5,15.8,19.2,21.8,26.2,30.9,36.1,10.8,13.0,13.0,12.0,13.0,12.0,12.1,10.8,9.0
137.2,40.3,32.1,21.0,13.0,6.3,7.1,13.0,19.0,6.0,0.0,0.0,0.0,10.6,6.4,3.2,7.1,15.0,23.0,33.1,39.5,45.5,32.8,33.6,30.7,29.1,27.9,29.4,28.7,24.5,22.4,8.1,0.0,3.6,9.2,10.0,12.6,15.0,17.7,18.4,21.6,26.0,29.1,16.1,15.1,14.3,13.6,12.8,11.2,11.0,9.5,9.4
134.4,42.4,33.3,22.8,13.6,6.4,7.1,14.4,21.4,6.4,0.0,0.0,0.0,11.0,6.3,4.0,10.0,18.0,26.6,36.2,43.1,48.1,36.5,36.8,35.2,33.6,34.5,32.1,31.0,27.5,24.7,9.2,1.0,3.6,10.3,11.2,14.0,16.5,18.4,22.7,24.2,28.6,33.5,19.3,15.3,15.0,15.5,13.0,13.6,13.0,11.7,12.0
137.2,38.3,30.4,22.6,14.3,6.3,5.0,13.5,19.8,5.7,0.0,0.0,0.0,8.5,5.0,7.2,14.3,20.2,27.5,34.2,40.5,43.1,35.5,34.2,34.1,32.6,31.6,31.6,29.0,25.7,23.9,8.5,1.4,4.0,10.2,12.1,13.0,15.6,18.4,20.6,23.8,28.2,32.1,16.2,16.3,15.0,13.2,13.6,12.5,12.8,12.2,10.8
134.4,34.0,27.3,19.2,11.2,2.0,7.8,17.7,24.8,7.8,0.0,0.0,0.0,11.2,8.6,10.0,16.1,22.2,27.2,33.3,36.7,39.4,35.0,33.6,32.2,30.5,30.1,29.2,27.1,24.7,22.4,7.8,1.4,4.0,13.3,14.9,16.6,18.9,20.8,22.0,24.8,29.0,32.6,15.3,14.6,13.0,12.1,11.2,10.3,10.0,9.2,8.1
122.1,34.4,27.7,20.1,11.7,3.2,8.0,17.1,24.2,7.0,0.0,0.0,0.0,12.1,10.0,11.3,16.6,22.1,28.5,33.2,37.6,39.8,35.0,34.2,31.8,30.1,31.0,28.3,27.6,24.2,21.9,7.1,1.0,5.0,14.1,14.4,17.9,17.9,20.2,23.8,25.5,28.2,33.4,18.4,14.4,13.5,13.4,11.2,12.1,9.1,7.3,9.0
107.4,38.3,31.4,22.4,13.3,2.8,9.2,19.2,27.3,8.2,0.0,0.0,0.0,13.0,10.8,12.5,18.1,25.0,31.0,37.1,41.3,44.6,38.6,37.7,35.8,34.0,33.8,32.6,31.0,27.3,26.0,8.6,1.4,5.0,15.5,16.6,18.9,20.2,22.8,25.5,28.3,32.5,37.5,19.4,15.8,14.3,14.3,12.1,12.1,10.6,8.6,10.0
137.2,30.9,25.6,18.4,10.0,6.0,14.9,23.3,28.7,8.1,0.0,0.0,0.0,14.9,13.4,15.0,18.4,21.9,25.1,28.6,30.9,34.9,69.4,67.9,65.1,61.4,60.2,58.9,53.8,48.8,44.7,15.3,1.4,10.8,29.7,32.3,36.4,38.3,42.0,46.1,52.5,59.6,66.5,34.9,32.7,30.0,24.7,23.9,25.2,22.0,20.2,21.6
134.4,28.4,23.2,16.0,8.1,8.2,15.6,24.7,30.4,8.9,0.0,0.0,0.0,14.9,13.5,15.2,19.0,22.1,25.2,28.3,30.4,31.4,67.0,62.6,63.5,58.0,56.0,56.3,49.4,47.4,43.9,13.6,2.2,9.4,28.6,31.8,32.2,39.4,40.8,43.3,50.3,54.6,62.9,31.1,37.8,28.7,28.4,31.1,24.1,28.4,25.8,19.2
107.4,32.2,25.9,17.2,8.9,8.6,18.0,28.1,34.4,10.2,0.0,0.0,0.0,15.8,15.0,16.6,20.5,25.2,28.7,31.8,34.0,35.8,38.5,36.7,34.9,32.3,33.2,30.9,29.5,26.9,24.8,9.2,1.0,5.7,17.0,17.8,20.5,21.2,23.3,25.5,27.2,31.9,35.4,20.5,17.8,17.2,15.6,15.3,15.3,13.6,12.2,11.3
137.2,30.6,22.8,14.3,8.1,9.4,18.6,25.2,30.0,7.8,0.0,0.0,0.0,13.2,11.7,15.0,19.6,25.1,30.0,34.1,37.2,37.5,36.2,36.1,33.3,34.1,32.4,30.7,30.3,26.1,24.7,9.4,1.0,5.0,15.3,15.8,18.4,19.1,21.0,23.0,25.2,30.8,34.2,18.6,15.0,17.2,15.8,13.9,16.3,14.1,13.2,13.9
134.4,28.7,20.8,12.7,6.0,8.9,17.3,24.3,28.6,8.5,0.0,0.0,0.0,13.0,12.2,14.2,19.2,24.7,29.7,34.2,36.2,36.2,32.0,31.4,30.0,29.2,28.3,27.8,26.2,24.1,21.6,7.2,1.0,4.5,13.5,13.6,15.3,16.2,18.7,20.4,23.2,26.0,30.1,15.0,14.9,13.5,12.8,12.5,13.0,11.2,11.0,10.4
122.1,28.3,20.6,12.5,5.0,8.0,15.3,22.8,28.3,7.1,0.0,0.0,0.0,11.7,11.0,13.9,19.2,24.7,30.0,33.6,36.2,36.2,66.0,67.3,60.0,60.1,59.1,55.6,56.0,49.1,44.4,17.0,2.0,9.4,26.2,27.2,31.9,34.5,37.2,42.4,44.9,54.1,62.2,34.7,25.2,28.7,28.3,23.4,28.3,23.4,23.3,24.1
107.4,30.0,22.0,12.8,6.3,8.6,16.8,23.1,27.2,7.6,0.0,0.0,0.0,12.4,12.4,14.9,20.1,26.0,30.1,34.5,36.4,37.2,33.5,32.6,31.6,30.1,29.2,29.4,26.4,24.0,22.0,7.3,1.0,5.0,14.1,14.6,16.2,18.4,19.4,20.6,24.8,27.6,30.8,15.0,16.1,14.6,13.6,14.3,13.0,13.5,12.2,10.8
137.2,29.8,27.2,21.6,18.0,16.5,19.4,23.4,27.6,7.8,0.0,0.0,0.0,10.8,9.2,11.2,15.1,20.1,23.3,27.5,29.3,32.4,26.8,26.9,25.1,24.2,24.7,21.9,22.4,19.4,17.8,5.8,0.0,5.0,12.2,12.8,14.2,13.4,15.5,17.1,17.1,21.1,25.0,23.0,21.2,21.1,19.2,18.2,20.0,18.0,15.5,16.8
