134.4,28.2,34.5,36.4,36.8,34.7,31.1,27.0,22.0,5.4,0.0,0.0,0.0,7.8,10.8,14.6,16.5,16.5,13.6,10.0,9.4,15.7,22.0,20.6,19.4,17.9,17.9,16.3,15.6,15.3,14.9,5.0,1.0,8.1,22.5,22.7,23.3,22.5,22.2,21.0,20.5,21.1,22.2,22.2,21.3,20.6,19.7,18.9,19.0,17.2,15.8,15.3
122.1,29.3,35.0,37.5,36.9,36.1,31.8,26.3,23.1,6.3,0.0,0.0,0.0,6.3,10.0,13.0,15.3,15.3,13.6,9.8,9.8,16.0,10.2,9.4,8.2,8.9,8.5,9.1,8.6,7.6,8.0,4.0,1.4,4.1,9.4,10.3,11.0,10.8,11.2,11.2,11.3,12.0,10.8,12.0,9.4,10.8,8.1,7.2,9.0,8.1,8.5,9.0
107.4,28.6,34.5,36.5,36.1,35.0,31.1,25.5,22.5,5.0,0.0,0.0,0.0,7.1,9.5,13.0,14.3,14.3,12.5,9.2,8.1,16.2,9.4,9.5,8.6,10.0,9.2,8.9,9.1,7.8,7.6,2.2,1.4,4.0,10.0,10.8,11.7,12.0,12.2,11.4,10.4,10.8,10.0,10.3,9.1,10.6,9.1,7.8,9.8,9.1,9.2,8.9
137.2,27.6,34.8,36.9,37.1,35.8,33.1,27.8,24.1,6.4,0.0,0.0,0.0,8.5,12.5,15.7,18.4,17.5,15.7,12.1,10.0,15.6,12.0,11.2,9.9,9.5,10.0,9.2,9.4,8.6,8.1,2.2,1.0,4.5,10.4,10.8,11.4,10.8,11.4,11.0,10.4,12.0,11.7,10.2,7.2,10.0,8.1,7.0,8.2,5.4,6.4,7.2
134.4,28.2,34.5,37.0,36.1,34.0,30.4,25.2,22.5,6.1,0.0,0.0,0.0,7.8,10.8,14.3,17.3,16.5,14.6,10.2,8.6,15.2,20.2,18.0,16.3,16.8,16.3,16.1,17.0,16.2,15.1,5.0,2.2,8.1,21.9,21.4,22.2,21.9,21.9,21.0,21.0,21.9,21.3,18.4,17.7,17.0,15.1,14.6,15.0,13.0,13.3,13.0
122.1,31.3,38.5,41.3,41.2,38.3,33.6,28.2,24.7,6.1,0.0,0.0,0.0,8.6,12.4,16.1,19.1,19.2,16.3,11.0,9.2,16.8,12.0,10.0,8.9,9.0,8.9,8.5,8.9,8.0,9.1,3.2,1.4,4.0,12.0,12.2,12.5,12.7,12.5,12.0,12.4,12.8,12.1,10.8,10.0,10.2,9.1,8.1,8.5,6.7,7.0,7.3
107.4,29.8,37.2,40.0,39.5,37.7,32.2,27.1,23.1,5.4,0.0,0.0,0.0,9.2,12.2,16.8,19.0,19.0,16.5,11.4,8.9,15.3,10.8,11.0,9.5,9.9,10.8,10.0,10.2,9.4,9.2,3.6,1.0,4.5,12.8,12.0,12.1,12.2,11.4,10.8,10.8,11.0,11.2,10.2,8.2,10.0,7.8,8.1,9.1,7.6,7.8,8.6
137.2,27.9,33.2,35.0,34.2,32.1,28.0,24.5,21.5,5.8,0.0,0.0,0.0,6.1,9.1,12.0,14.0,13.0,10.0,5.0,5.1,14.3,8.6,7.6,7.3,6.4,6.0,6.7,6.7,6.0,6.7,2.2,0.0,4.1,10.0,9.8,9.2,9.2,8.5,8.1,8.0,7.8,8.2,9.4,9.1,8.5,8.6,8.1,6.7,5.8,6.0,5.4
134.4,32.1,38.1,39.6,39.3,36.9,32.1,28.2,25.6,6.7,0.0,0.0,0.0,7.0,12.0,16.0,18.0,16.3,12.4,6.1,6.0,17.5,9.8,9.0,8.9,8.5,8.5,8.0,8.2,8.1,7.1,2.2,1.4,3.2,9.5,10.0,10.2,10.8,10.0,10.3,10.0,10.4,10.8,9.1,9.5,7.8,7.2,7.3,7.0,6.7,6.4,6.4
107.4,31.8,37.1,40.0,39.2,36.2,32.0,28.6,25.9,5.8,0.0,0.0,0.0,7.1,11.4,15.3,18.1,16.0,12.2,6.0,6.1,16.2,10.0,9.5,9.2,8.9,9.1,9.2,8.9,9.2,8.6,2.8,1.0,3.2,10.2,10.0,9.5,9.4,10.0,9.5,10.0,8.9,10.0,8.9,8.6,7.2,7.1,8.0,6.7,7.1,6.4,6.3
137.2,30.4,36.6,38.9,38.2,35.4,31.4,27.7,24.7,6.1,0.0,0.0,0.0,7.1,12.2,16.4,18.4,17.0,13.0,6.7,4.5,15.8,18.0,16.3,15.6,15.7,16.0,15.8,15.6,13.9,14.6,5.1,1.0,7.2,20.5,20.8,20.9,20.0,19.3,18.4,18.0,18.1,18.0,17.1,15.7,15.6,13.6,13.2,13.4,12.0,11.7,12.0
134.4,31.8,38.3,39.8,38.2,36.1,31.6,26.9,25.2,5.1,0.0,0.0,0.0,7.1,12.0,16.3,19.1,18.0,13.4,6.3,4.1,15.5,7.3,7.1,7.2,6.7,8.1,8.2,7.6,7.8,7.8,2.8,0.0,4.1,11.0,11.0,11.4,10.8,10.6,9.8,9.1,8.2,9.2,8.2,7.2,6.4,6.1,6.1,5.8,6.4,5.8,6.1
137.2,32.0,38.2,41.0,40.5,38.3,34.2,30.3,27.2,6.7,0.0,0.0,0.0,6.1,11.2,15.5,17.5,16.6,12.8,5.7,5.1,16.3,7.1,5.8,5.4,6.3,6.4,7.6,8.0,7.6,7.8,3.6,1.0,4.2,9.9,10.8,10.2,11.0,10.8,10.0,9.5,9.2,7.8,8.9,7.8,7.3,6.1,5.7,6.3,6.1,6.4,6.4
134.4,28.0,34.4,37.0,36.1,34.5,31.3,27.7,25.0,6.3,0.0,0.0,0.0,4.5,9.5,13.6,15.1,14.0,10.4,5.8,3.2,12.8,5.4,5.0,5.0,5.8,6.3,7.1,7.8,7.6,7.0,3.0,1.4,3.0,7.6,7.8,8.1,7.6,8.6,8.0,7.2,7.6,6.3,9.0,8.1,7.6,6.1,5.0,6.0,5.8,5.4,6.0
122.1,28.8,34.0,37.4,37.0,35.8,31.8,27.9,26.0,6.1,0.0,0.0,0.0,6.3,9.8,13.0,14.9,14.2,11.2,5.1,3.0,14.1,11.7,11.4,9.4,10.2,10.8,12.0,13.6,13.0,14.0,6.3,0.0,6.7,17.7,17.3,17.0,15.5,14.6,13.0,13.0,13.5,12.0,17.3,16.2,16.6,15.0,13.0,13.0,10.2,10.8,11.2
107.4,27.5,33.6,36.4,35.7,34.0,31.4,27.2,25.5,6.7,0.0,0.0,0.0,4.5,8.9,12.6,15.1,14.0,10.4,5.0,3.2,13.5,4.2,5.0,5.8,6.0,6.4,7.3,7.3,6.4,6.3,2.0,1.4,2.2,7.8,8.1,7.6,8.6,8.1,8.1,7.3,6.3,5.8,8.1,8.1,6.4,6.1,5.8,6.7,7.1,6.4,6.3
137.2,25.8,34.7,38.4,39.4,38.6,34.7,29.2,25.1,6.1,0.0,0.0,0.0,2.0,6.3,10.8,13.6,15.1,13.0,9.5,2.0,9.5,4.5,5.7,6.3,5.0,6.3,7.1,8.2,7.6,7.2,2.8,0.0,3.2,7.2,7.1,6.4,5.8,5.1,5.1,5.0,3.6,2.8,11.4,10.0,10.8,10.6,9.2,9.2,7.8,8.1,8.0
134.4,24.4,31.8,34.4,36.1,35.2,32.8,28.2,23.2,5.0,0.0,0.0,0.0,3.0,5.4,8.9,11.7,12.1,11.4,7.0,1.0,10.0,10.0,10.0,10.4,10.3,12.0,13.4,13.0,12.6,11.4,5.0,1.0,5.0,12.0,11.7,10.8,9.5,9.1,9.1,8.2,7.6,7.3,23.7,22.2,22.1,20.0,18.7,17.5,17.7,17.1,16.0
122.1,27.2,34.4,39.2,40.3,39.3,36.1,30.9,26.9,6.4,0.0,0.0,0.0,2.2,4.5,9.2,12.4,13.0,11.7,7.8,2.2,10.8,4.0,6.1,6.7,5.7,5.8,6.3,8.0,7.6,7.2,2.2,1.4,2.0,5.8,6.4,6.3,6.1,4.5,4.5,4.5,5.0,4.2,14.2,11.4,11.0,11.2,11.2,9.9,8.9,8.2,9.1
107.4,28.1,36.9,41.4,42.5,42.2,38.6,33.2,28.1,6.3,0.0,0.0,0.0,3.2,5.4,9.4,13.4,14.3,12.4,9.1,3.0,11.4,6.1,5.8,5.7,5.7,6.4,8.2,8.1,6.7,6.4,2.0,1.4,2.0,6.4,7.3,7.1,5.8,4.5,5.0,5.7,4.5,3.6,14.4,13.2,13.0,12.6,11.4,9.9,10.3,10.2,9.2
137.2,29.2,36.7,41.8,42.2,40.5,35.4,29.1,23.4,5.0,0.0,0.0,0.0,1.0,3.2,6.7,9.2,12.0,10.8,8.1,4.5,13.5,4.1,4.1,5.1,5.8,5.7,5.0,5.7,5.8,5.1,2.2,1.0,2.2,5.1,5.1,3.2,3.2,3.2,2.2,2.2,1.4,3.6,17.3,15.3,12.6,11.7,11.7,11.7,9.2,7.8,7.8
134.4,27.2,34.7,39.2,40.2,38.4,34.7,28.6,21.9,4.1,0.0,0.0,0.0,1.0,3.2,6.3,8.9,10.0,9.9,7.3,5.0,12.6,4.2,3.2,3.6,4.2,5.8,5.4,4.5,4.5,5.4,2.2,1.0,2.0,3.2,3.0,3.2,3.6,2.8,1.0,2.0,1.0,1.0,17.8,14.9,15.0,13.0,11.4,10.6,10.8,9.8,6.7
137.2,24.8,34.1,38.9,41.2,41.6,38.0,31.1,24.0,5.0,0.0,0.0,0.0,1.4,3.6,5.0,7.8,9.2,8.6,6.3,3.6,9.4,4.5,5.0,4.5,5.4,6.4,5.7,5.0,5.0,5.0,3.2,1.0,2.0,2.2,2.2,3.2,2.2,1.0,1.0,1.0,1.0,2.8,19.2,16.4,16.3,14.9,12.8,13.0,12.0,10.6,8.5
134.4,19.7,30.0,34.9,40.2,40.8,37.6,32.2,23.8,5.0,0.0,0.0,0.0,2.2,2.8,3.6,5.0,6.4,7.2,5.8,2.0,6.4,8.1,6.4,5.7,7.1,7.2,7.3,5.4,5.1,7.0,2.8,1.0,2.0,2.2,1.0,2.2,2.2,1.4,2.0,2.2,3.2,3.6,17.7,17.0,17.9,13.0,14.3,12.4,11.7,13.0,8.1
122.1,21.4,31.1,37.0,41.2,42.2,39.1,33.1,25.5,5.4,0.0,0.0,0.0,1.0,1.0,2.0,4.1,5.4,6.1,5.0,2.2,7.2,5.8,7.8,6.7,6.3,6.7,8.1,7.1,5.4,5.4,2.2,0.0,1.4,2.2,2.2,1.0,1.0,1.0,2.0,3.6,3.6,4.5,20.6,16.5,16.3,16.3,14.0,13.0,12.0,11.4,11.2
107.4,21.4,29.5,36.8,41.2,42.7,39.0,33.5,25.6,5.7,0.0,0.0,0.0,0.0,1.4,1.4,3.6,5.0,5.7,4.5,2.2,7.2,5.1,7.0,7.3,6.7,6.7,7.2,7.8,6.7,5.1,1.4,1.0,1.4,3.2,3.0,1.4,0.0,0.0,2.2,3.6,4.0,5.1,21.4,16.6,14.8,15.8,13.5,14.1,11.7,10.0,10.8
137.2,13.6,22.5,31.3,38.8,45.5,46.3,42.9,35.4,8.5,0.0,0.0,0.0,5.4,3.0,1.4,2.0,2.0,2.0,2.2,1.0,3.0,10.0,10.3,10.0,9.1,9.5,10.6,10.8,10.0,8.5,3.2,0.0,2.2,5.0,4.2,3.2,3.0,4.5,5.4,6.0,6.7,7.8,22.4,19.6,18.4,18.0,18.4,17.5,15.1,14.0,13.9
134.4,10.0,17.5,24.2,31.3,36.2,38.9,35.8,30.0,5.8,0.0,0.0,0.0,5.4,3.0,1.0,2.8,4.2,3.6,2.8,1.0,2.8,9.0,8.5,8.1,7.8,8.9,9.1,7.6,7.2,6.4,3.0,1.0,1.4,3.2,4.0,4.5,5.8,6.1,5.0,5.7,6.7,9.1,18.9,17.2,17.5,16.1,15.0,14.6,14.8,14.2,13.0
107.4,12.0,21.0,29.1,37.2,43.3,46.3,43.2,36.1,8.0,0.0,0.0,0.0,7.1,3.2,1.4,4.0,5.1,4.0,3.0,2.2,4.1,10.6,9.8,9.2,10.0,9.8,9.9,8.1,8.2,8.1,3.6,1.4,1.0,3.6,4.5,6.0,6.4,6.7,6.0,7.1,8.9,10.6,23.1,20.9,20.6,18.4,17.8,17.9,17.5,16.1,14.3
137.2,13.9,20.8,29.4,36.4,42.2,44.1,41.3,34.7,8.6,0.0,0.0,0.0,6.7,2.2,2.2,5.0,6.4,5.4,4.0,3.6,7.3,9.4,8.1,9.2,9.0,8.5,7.6,8.6,8.1,8.0,2.8,1.4,1.0,3.2,4.1,5.7,5.4,5.0,5.1,6.7,9.2,8.5,22.2,19.6,18.4,16.1,17.2,17.0,15.3,14.9,13.0
134.4,12.1,18.4,26.0,32.7,39.4,41.6,39.4,33.5,7.3,0.0,0.0,0.0,7.3,2.8,3.2,6.1,7.1,6.3,4.5,3.0,4.5,10.3,10.0,9.5,8.0,8.2,8.6,9.4,8.1,6.3,2.0,0.0,2.2,5.4,5.0,5.1,5.1,6.4,7.6,8.0,8.5,9.2,21.2,17.3,15.5,17.0,15.6,14.8,14.1,12.0,13.0
122.1,10.6,17.2,24.4,31.4,37.0,40.6,37.8,32.0,6.4,0.0,0.0,0.0,7.0,2.0,3.2,6.3,7.3,6.3,3.6,1.0,3.6,11.2,9.4,8.5,8.1,9.2,9.5,7.8,6.7,7.1,2.2,1.0,1.4,3.2,4.1,5.8,6.7,7.1,6.4,7.2,8.2,10.0,18.4,17.0,18.2,15.1,14.9,14.2,13.5,13.6,12.0
107.4,10.0,17.0,25.0,33.0,39.0,42.0,39.1,33.0,8.0,0.0,0.0,0.0,6.3,3.2,4.0,6.3,7.6,5.4,2.2,1.0,2.8,11.4,12.4,12.0,10.4,10.2,10.0,9.8,10.0,8.5,3.6,0.0,2.2,5.1,5.4,5.8,7.0,7.8,9.5,10.2,10.6,11.4,20.6,18.0,14.6,16.0,14.8,15.0,15.0,12.1,12.0
137.2,1.4,11.2,21.5,32.0,40.2,44.0,41.8,34.9,7.3,0.0,0.0,0.0,6.4,7.0,10.8,12.2,11.3,9.4,7.0,8.1,7.1,19.7,17.3,15.0,14.1,13.6,13.2,12.7,12.0,11.7,4.2,0.0,3.6,9.9,11.2,12.1,12.5,13.3,13.6,15.3,17.2,19.1,21.5,19.7,18.8,17.7,17.0,16.8,14.3,13.0,11.2
134.4,6.3,15.6,27.6,36.9,43.0,45.5,43.0,36.7,7.2,0.0,0.0,0.0,9.8,10.0,10.4,11.0,9.2,8.1,8.1,9.1,7.3,19.0,17.5,16.6,15.8,15.0,14.0,12.8,11.7,10.4,2.8,1.4,2.2,9.2,10.8,13.0,14.0,15.0,15.5,16.6,17.5,18.0,20.5,19.0,17.8,15.0,15.6,14.0,12.7,13.2,11.7
107.4,7.6,17.0,27.0,36.0,42.0,45.2,41.3,35.4,7.1,0.0,0.0,0.0,9.2,8.2,10.0,10.0,8.5,8.0,8.6,9.2,8.5,20.1,16.5,15.0,14.0,13.5,12.0,12.2,11.7,11.2,4.5,0.0,3.6,9.8,11.2,12.0,12.0,13.0,13.6,15.2,17.9,18.4,18.4,18.1,17.0,16.1,15.8,15.3,13.0,11.7,9.8
137.2,10.6,19.3,28.3,35.0,40.0,40.1,36.0,29.2,7.3,0.0,0.0,0.0,9.1,11.2,12.7,12.2,9.5,7.3,8.5,10.6,9.2,15.6,14.3,13.9,12.1,11.2,9.2,8.1,7.2,5.4,1.0,1.0,3.6,10.6,12.2,14.3,15.3,15.0,14.9,15.1,15.3,15.5,21.1,19.2,17.5,16.1,15.5,16.1,15.8,14.9,14.4
134.4,11.3,8.5,17.0,25.5,32.6,33.4,30.8,25.0,4.5,0.0,0.0,0.0,4.1,8.5,11.7,12.1,9.0,9.2,13.0,17.7,18.0,19.2,17.7,16.2,14.8,13.6,13.5,12.0,9.9,9.2,3.6,1.0,4.5,11.7,13.0,14.8,15.3,16.1,17.1,18.4,19.1,20.0,15.0,14.8,13.6,13.0,12.0,11.2,11.7,10.3,9.4
107.4,15.7,11.3,22.0,34.0,43.0,45.2,40.8,32.6,6.0,0.0,0.0,0.0,5.1,11.7,16.1,16.3,12.1,12.6,18.4,24.2,24.8,26.7,24.3,22.2,20.0,19.0,17.0,16.0,13.0,12.2,4.1,1.0,6.1,16.8,18.4,20.1,21.5,23.3,23.7,25.1,26.6,26.7,20.2,19.2,18.4,16.4,16.1,16.1,15.7,14.3,13.9
137.2,11.0,4.1,21.0,34.9,45.6,48.5,45.5,36.7,7.0,0.0,0.0,0.0,3.6,8.5,12.8,12.2,7.2,3.0,13.0,21.8,24.3,30.6,26.4,24.6,22.6,19.0,19.0,17.0,14.0,13.2,5.0,1.4,7.0,17.0,19.0,21.0,24.1,24.5,24.4,26.9,30.5,30.4,18.6,20.0,20.8,17.7,19.0,18.0,17.5,18.0,16.6
134.4,9.4,3.6,14.3,26.0,33.8,37.7,34.9,29.5,5.4,0.0,0.0,0.0,2.0,5.1,9.5,10.8,8.6,6.3,9.8,15.3,17.5,22.2,20.0,18.4,16.6,16.1,15.0,13.5,12.0,10.6,4.2,1.0,3.2,10.4,11.4,13.9,15.2,16.6,17.0,18.4,20.6,21.2,13.9,13.0,12.0,11.2,11.2,11.4,10.6,10.8,10.8
122.1,9.2,4.5,16.1,26.5,35.2,38.9,36.1,29.7,7.1,0.0,0.0,0.0,3.0,5.0,8.5,9.8,7.2,5.1,8.9,15.0,17.2,21.9,18.4,17.0,16.1,14.6,14.3,13.0,10.8,10.8,2.8,1.4,3.0,10.0,12.0,13.2,14.3,16.8,16.6,18.0,19.8,20.8,13.5,13.9,13.9,12.2,13.2,12.4,11.7,12.2,10.6
107.4,9.2,4.5,15.1,26.7,35.2,38.9,36.1,30.1,7.3,0.0,0.0,0.0,3.0,5.0,8.5,9.8,7.2,5.4,8.9,14.4,16.6,20.2,19.6,17.9,15.8,16.3,13.5,12.7,12.2,9.4,3.6,1.4,2.8,10.6,11.3,12.8,15.6,15.3,16.6,18.0,18.4,22.0,15.1,14.3,11.2,13.0,11.7,12.0,12.7,10.0,10.8
137.2,12.6,17.0,23.0,29.0,35.0,37.0,36.0,32.1,7.0,0.0,0.0,0.0,15.8,13.9,11.4,8.1,6.1,5.7,7.2,9.4,10.6,12.0,12.0,10.0,9.2,10.0,9.2,10.8,9.5,8.5,4.2,1.0,3.0,8.6,7.6,8.1,9.2,8.1,10.3,10.4,12.4,14.2,15.7,13.0,12.1,14.4,11.0,12.2,11.2,8.5,11.2
134.4,8.6,14.9,21.9,29.0,36.1,39.6,38.2,34.0,7.8,0.0,0.0,0.0,19.0,16.0,12.0,9.1,5.0,2.2,2.2,4.5,6.1,31.3,30.0,29.4,28.4,27.7,26.9,26.2,24.4,22.1,8.0,1.4,6.0,18.0,19.0,20.2,21.4,22.5,23.0,25.1,27.6,30.1,27.1,25.5,23.6,21.2,21.2,20.5,19.7,19.0,18.0
137.2,15.0,18.8,24.4,32.2,38.4,42.8,40.6,35.2,8.6,0.0,0.0,0.0,18.7,15.8,13.4,9.9,9.8,10.0,12.6,14.3,16.2,18.1,16.8,16.1,16.3,15.8,15.2,14.3,13.0,12.0,4.0,0.0,2.8,7.8,7.8,8.5,9.9,10.6,11.4,12.5,15.5,17.1,11.3,11.7,10.4,10.0,9.2,9.8,9.4,9.2,8.6
134.4,18.0,21.0,26.1,32.1,37.3,38.3,36.3,31.6,6.3,0.0,0.0,0.0,18.4,17.7,16.1,14.6,13.0,13.4,14.9,16.3,17.0,14.9,15.5,15.3,14.4,15.8,15.3,15.5,13.6,12.8,5.0,1.0,1.4,5.8,5.4,6.1,6.1,6.7,7.8,8.9,10.0,13.0,13.2,10.6,11.0,10.0,9.2,9.8,8.1,7.6,8.1
122.1,19.2,22.7,27.7,33.6,37.6,39.8,37.0,32.4,8.1,0.0,0.0,0.0,19.2,18.0,17.5,15.2,14.1,15.2,16.1,18.0,18.2,29.1,30.8,27.7,29.2,29.2,28.2,30.6,26.7,26.1,10.2,1.0,5.0,13.2,11.7,13.9,14.1,15.0,19.0,18.0,23.4,27.7,28.3,20.6,22.1,21.1,15.8,20.1,14.9,13.9,15.2
107.4,18.4,21.9,27.5,33.5,38.3,40.3,37.1,31.6,8.1,0.0,0.0,0.0,20.1,19.0,17.1,15.1,14.8,14.1,15.7,17.1,17.9,14.9,14.3,15.0,14.8,15.6,15.5,15.0,14.3,14.1,5.0,0.0,2.2,6.7,7.3,7.0,7.0,8.2,8.1,10.0,11.4,13.0,12.2,12.5,10.0,9.0,9.5,7.1,8.2,7.0,6.4
137.2,9.5,18.0,27.8,35.5,40.2,39.4,33.8,26.8,5.4,0.0,0.0,0.0,10.2,11.0,13.0,15.1,17.3,19.7,21.6,21.3,17.0,14.4,14.4,15.3,14.8,15.2,14.8,14.8,13.4,13.0,5.0,1.4,1.0,3.0,3.2,2.8,3.2,3.0,5.4,6.7,9.4,11.7,8.2,7.3,7.2,7.2,7.1,7.1,6.4,6.4,6.4
134.4,7.1,17.9,26.4,32.6,36.7,35.7,29.5,22.4,4.5,0.0,0.0,0.0,5.1,6.1,8.5,10.8,13.0,15.3,17.0,15.1,11.0,10.4,11.4,10.6,11.4,11.7,11.3,12.1,11.0,10.8,4.5,0.0,2.2,3.2,3.2,2.0,2.2,2.8,3.6,5.1,7.3,9.2,12.2,10.8,10.8,10.0,8.6,8.5,7.1,6.4,6.3
122.1,7.6,20.0,30.2,37.6,41.6,40.7,33.6,26.4,5.7,0.0,0.0,0.0,5.0,5.8,7.8,11.4,14.4,16.6,18.2,16.0,11.0,11.4,12.1,12.2,13.5,13.6,14.1,14.4,13.0,12.2,5.0,1.0,2.0,3.0,2.2,2.0,2.0,3.0,4.0,5.8,7.2,9.0,14.4,12.2,11.2,10.3,9.0,9.2,8.5,7.3,7.1
107.4,7.1,18.2,28.2,35.0,39.0,39.0,34.0,26.3,6.1,0.0,0.0,0.0,6.3,6.0,9.2,11.4,14.3,16.0,16.3,14.9,10.8,10.8,11.0,10.8,11.2,12.2,12.8,13.0,13.0,13.4,5.0,0.0,2.2,4.5,2.8,2.8,2.2,2.2,3.6,5.0,7.3,9.2,12.2,11.4,10.6,10.0,8.9,8.9,8.1,7.8,7.3
137.2,19.4,26.6,32.2,36.7,39.0,37.7,32.3,26.4,5.8,0.0,0.0,0.0,6.7,7.8,10.0,11.2,13.4,13.4,13.9,12.1,12.0,6.0,6.0,8.1,8.5,8.1,7.1,7.8,9.5,9.2,3.2,0.0,3.2,6.1,5.1,4.0,4.5,4.5,3.6,2.0,5.1,5.1,16.6,12.5,11.4,10.2,11.0,11.4,10.0,8.6,8.1
134.4,25.5,31.3,36.1,38.0,39.2,36.2,31.3,26.0,5.0,0.0,0.0,0.0,12.2,13.9,15.2,15.8,15.6,13.5,13.5,13.0,17.0,7.0,6.3,5.8,5.7,6.4,7.6,7.1,7.6,6.4,2.0,1.0,3.6,10.0,9.8,9.2,8.5,7.1,8.1,6.3,5.4,5.0,14.0,13.9,12.2,11.7,10.0,9.2,10.3,10.3,8.1
122.1,27.0,33.1,36.3,38.9,40.2,37.3,32.6,26.2,6.1,0.0,0.0,0.0,12.0,13.2,14.9,15.2,14.8,14.4,13.5,13.9,17.7,5.4,5.4,6.7,6.4,6.7,6.3,6.1,7.3,7.8,3.0,1.0,4.5,9.2,8.6,8.6,9.5,8.1,6.7,5.4,5.8,7.1,16.3,13.5,10.8,11.2,12.0,9.5,9.2,7.6,7.3
107.4,26.8,33.1,37.0,39.3,39.8,37.7,32.6,26.9,6.3,0.0,0.0,0.0,11.7,13.6,14.1,15.0,15.3,14.3,13.6,14.0,17.7,5.0,5.0,5.7,6.7,7.1,6.1,6.3,7.2,8.1,3.6,1.0,4.1,9.4,8.6,8.5,9.0,8.9,7.1,5.7,5.7,6.7,16.1,13.4,11.2,11.0,11.7,10.6,10.3,8.0,7.1
130.0,22.5,21.5,19.9,19.6,18.7,17.5,17.1,17.3,17.3,15.3,13.2,13.2,13.3,0.0,0.0,0.0,0.0,0.0,21.4,20.6,21.8,23.4,25.6,25.1,25.1,25.1,25.5,23.8,23.8,23.8,23.4,15.6,43.6,41.4,38.8,38.6,37.1,34.9,33.5,32.2,32.6,30.4,26.8,25.5,25.1,24.4,2.2,3.0,3.2,37.9,40.7
137.2,22.0,30.0,33.6,37.5,38.2,36.8,29.7,22.8,5.0,0.0,0.0,0.0,10.8,12.2,13.0,15.0,15.0,14.0,13.0,10.2,12.8,4.0,4.0,6.3,8.5,9.2,8.5,9.5,11.2,11.0,4.2,1.4,5.1,11.2,11.4,12.0,10.8,8.6,7.8,6.4,3.2,2.2,30.1,26.0,22.8,20.6,22.6,19.6,19.0,17.1,16.8
134.4,21.9,29.0,34.8,38.3,38.6,36.4,30.2,23.4,4.2,0.0,0.0,0.0,10.0,11.2,12.4,14.3,15.3,14.3,12.4,11.0,13.0,2.2,3.2,2.2,4.2,5.0,5.4,4.5,5.0,5.4,3.6,0.0,3.6,6.1,5.1,5.1,5.1,4.0,2.0,2.2,2.2,0.0,16.3,13.9,14.9,12.6,11.0,13.0,12.2,10.0,10.0
122.1,18.8,24.6,31.4,32.9,33.5,31.6,26.7,20.2,4.1,0.0,0.0,0.0,9.2,10.3,11.7,13.6,13.6,13.0,12.1,11.4,11.2,1.0,2.2,3.2,4.0,3.2,3.6,5.4,5.1,4.1,1.0,1.4,1.0,4.1,5.1,5.4,3.6,3.2,3.2,2.2,1.0,1.0,15.3,12.0,10.8,10.8,10.8,9.5,9.1,10.0,9.2
107.4,21.2,27.6,32.8,36.1,37.2,35.0,28.3,22.0,4.2,0.0,0.0,0.0,9.4,10.8,12.4,14.1,14.1,14.3,12.4,11.0,12.6,2.2,3.2,2.2,3.6,5.0,5.0,5.0,5.0,5.8,3.2,0.0,2.8,6.1,5.0,5.1,5.1,4.0,2.0,2.2,2.2,1.0,16.1,14.3,14.3,12.2,11.0,12.0,11.0,10.0,9.1
137.2,17.1,28.0,37.0,42.2,44.3,40.2,33.1,24.1,5.1,0.0,0.0,0.0,7.2,9.2,11.4,13.9,16.2,18.2,17.0,15.0,10.4,7.3,8.0,8.2,8.6,8.6,7.3,8.0,8.2,7.8,4.1,1.0,1.4,3.2,3.6,4.1,3.6,3.2,4.0,5.4,6.4,7.3,19.1,15.5,14.1,13.0,13.2,14.3,12.0,10.8,10.4
134.4,16.2,25.9,33.5,38.6,40.5,37.3,29.5,22.0,5.0,0.0,0.0,0.0,6.4,8.1,11.2,13.9,15.6,17.0,16.1,13.0,10.0,6.1,7.1,7.6,6.4,6.4,7.1,7.6,7.1,6.1,1.4,1.0,1.0,3.2,3.6,3.2,2.0,2.0,3.2,4.5,5.0,5.1,17.9,14.1,14.1,14.0,14.0,12.4,11.7,11.2,12.0
122.1,13.0,22.1,29.0,33.0,35.1,32.1,26.0,18.1,3.2,0.0,0.0,0.0,6.3,8.1,10.3,12.5,14.3,15.3,15.0,12.0,8.9,6.1,5.4,5.4,5.4,6.4,5.8,5.4,5.4,6.0,2.8,1.0,1.0,2.8,1.4,2.2,3.0,3.6,3.2,3.2,3.2,5.0,15.2,14.0,14.0,12.0,11.0,12.2,12.1,10.0,9.2
137.2,14.0,23.8,30.8,36.7,39.5,36.5,30.6,21.8,4.1,0.0,0.0,0.0,8.1,9.9,12.7,15.6,17.8,17.9,17.7,15.5,11.7,7.1,7.0,8.2,8.1,7.1,5.8,6.3,7.0,6.7,3.0,1.4,1.0,2.2,3.0,4.2,4.0,3.2,3.6,5.0,6.7,7.0,20.6,17.1,16.0,15.1,15.5,14.8,14.1,12.2,12.1
134.4,14.8,24.7,32.7,38.0,41.2,38.1,31.8,22.8,4.1,0.0,0.0,0.0,6.1,9.1,12.2,16.1,18.0,18.2,18.0,15.2,11.0,8.6,8.1,6.7,6.7,8.1,8.1,7.6,5.8,6.4,3.0,0.0,2.2,3.2,2.0,2.2,2.8,4.1,4.1,4.5,5.0,6.4,21.0,19.2,19.2,16.6,16.1,16.6,16.3,15.0,13.3
137.2,15.5,25.2,31.4,36.9,38.3,35.4,27.9,20.2,3.0,0.0,0.0,0.0,5.0,7.3,11.7,14.6,17.3,18.0,17.1,14.1,11.2,7.1,7.3,6.3,7.6,7.2,7.2,5.8,5.8,6.1,2.8,1.0,1.0,2.8,1.4,2.2,3.2,3.6,4.1,4.1,4.0,7.1,22.4,20.2,19.4,16.8,15.5,16.2,15.6,12.7,11.4
134.4,16.5,26.3,33.5,38.8,40.0,37.1,30.8,22.1,5.1,0.0,0.0,0.0,5.0,8.5,12.6,15.5,18.4,18.0,17.1,13.2,10.4,8.5,8.5,8.1,6.7,7.3,8.1,7.3,6.4,5.7,2.0,0.0,1.4,3.6,3.2,2.2,2.2,3.6,4.1,5.1,5.8,6.4,24.2,20.5,19.8,18.9,17.5,15.5,15.1,14.0,12.6
107.4,15.8,24.3,32.8,37.4,39.8,36.7,30.4,21.4,4.0,0.0,0.0,0.0,6.0,9.2,12.4,16.5,18.2,19.0,17.3,15.1,11.2,8.5,7.1,7.0,8.1,8.1,7.1,6.4,5.8,7.3,2.8,1.0,1.0,2.0,2.0,3.6,4.5,4.1,3.6,4.2,5.8,7.3,23.7,21.2,20.0,17.1,17.3,16.8,15.3,14.1,11.4
137.2,15.6,25.5,31.9,37.4,39.4,37.2,29.8,20.5,3.6,0.0,0.0,0.0,3.6,6.3,10.2,13.0,16.1,15.8,15.6,12.0,10.3,9.8,9.1,8.0,7.0,8.2,8.6,8.6,6.3,6.3,3.2,0.0,1.4,2.2,1.0,1.0,2.2,4.0,5.0,5.0,5.4,7.3,22.5,19.9,19.2,18.0,15.3,15.5,15.2,13.5,11.7
134.4,19.0,29.1,37.0,42.0,44.1,40.1,33.1,24.1,4.1,0.0,0.0,0.0,4.1,7.2,10.0,13.6,16.1,17.1,17.3,14.3,11.4,10.0,8.6,8.1,8.6,9.5,9.1,8.1,7.1,8.5,3.6,1.0,1.0,1.4,1.0,1.0,1.4,3.2,3.2,4.2,5.0,6.4,23.3,21.4,20.6,17.2,17.5,15.7,16.2,15.0,11.0
122.1,17.7,26.2,34.0,38.3,40.0,36.4,30.5,21.9,5.0,0.0,0.0,0.0,4.1,6.0,10.0,13.2,14.6,15.7,14.4,12.2,10.0,16.2,16.6,16.3,14.9,14.8,15.7,14.6,12.0,13.2,3.6,1.0,2.2,3.2,2.8,3.2,1.4,3.2,5.0,9.1,11.2,12.0,43.0,38.5,34.8,30.0,33.3,27.8,26.4,25.0,20.6
107.4,18.4,26.9,34.0,38.4,40.0,37.2,30.5,22.6,5.0,0.0,0.0,0.0,4.1,6.1,10.0,12.4,14.9,15.3,15.0,12.2,10.2,14.1,15.8,16.6,14.9,14.9,15.0,15.2,14.1,12.2,5.0,1.0,2.0,4.1,3.2,2.0,2.8,3.2,5.4,8.1,10.4,12.5,45.0,36.4,34.5,33.1,31.6,29.7,27.0,24.7,23.4
137.2,16.0,27.0,36.1,41.2,43.4,40.4,33.1,25.0,5.1,0.0,0.0,0.0,2.2,2.0,5.4,9.2,12.2,13.0,13.3,10.2,5.4,10.3,9.1,9.1,8.1,9.5,9.9,8.9,8.2,7.0,2.8,1.0,1.0,1.0,1.0,1.0,1.0,2.0,3.6,4.2,5.0,6.7,21.9,19.1,19.1,17.7,15.7,15.0,13.5,13.4,12.2
134.4,15.6,24.8,33.2,39.7,42.0,41.2,34.7,27.6,6.4,0.0,0.0,0.0,3.2,2.2,4.5,8.5,11.2,11.7,12.0,10.6,7.1,7.6,8.6,9.2,8.5,8.1,9.0,9.5,10.0,8.9,3.6,0.0,2.2,3.0,2.0,1.4,1.4,1.0,2.0,3.0,5.8,6.4,20.2,17.0,15.6,15.3,14.9,15.0,13.3,11.7,12.2
122.1,14.1,24.1,32.4,37.9,41.5,39.6,34.0,26.2,5.0,0.0,0.0,0.0,5.1,3.6,5.1,8.1,11.0,13.0,13.2,10.2,7.3,7.1,7.2,8.6,8.5,10.0,8.9,9.2,9.2,8.5,4.2,1.0,2.0,3.2,3.2,1.0,1.0,1.4,2.2,2.2,3.6,7.1,21.5,16.6,15.3,15.3,13.2,15.0,13.9,10.0,12.0
107.4,15.1,25.0,33.2,38.8,41.5,40.5,34.9,27.3,6.0,0.0,0.0,0.0,3.6,3.2,5.1,8.2,11.4,13.0,13.0,11.0,7.6,7.3,8.2,9.0,9.5,8.6,8.5,9.4,9.2,9.2,3.2,0.0,2.2,3.6,2.2,1.4,1.0,2.0,1.0,2.8,5.4,7.0,20.6,17.0,15.0,14.3,14.9,15.0,13.6,12.1,11.4
137.2,21.8,27.9,33.5,37.6,38.5,36.2,31.3,24.2,5.4,0.0,0.0,0.0,5.8,6.1,8.2,10.8,13.0,13.9,13.0,13.0,13.6,2.2,3.0,5.0,5.0,4.1,4.5,5.4,5.1,5.1,2.0,1.4,1.4,4.1,5.0,5.1,4.1,3.2,3.2,2.0,1.4,2.2,20.8,17.1,14.3,14.2,14.9,13.5,12.0,12.7,11.3
134.4,20.6,28.2,33.5,37.6,40.5,38.6,32.9,25.3,5.1,0.0,0.0,0.0,5.8,4.5,6.1,8.9,13.0,14.8,15.3,14.4,15.6,5.4,5.0,6.4,7.8,6.4,7.1,7.8,8.6,7.6,2.8,1.4,2.0,4.5,5.4,5.1,4.1,3.6,4.5,3.6,3.2,5.0,22.4,18.8,16.6,15.2,15.8,16.2,13.9,12.1,12.5
107.4,24.5,31.3,37.7,42.2,43.0,39.8,33.5,25.7,5.1,0.0,0.0,0.0,5.0,4.5,6.3,10.3,13.9,16.1,17.0,16.6,17.0,5.4,6.1,8.0,8.1,7.1,7.0,8.1,7.3,6.7,2.2,1.0,2.2,5.1,5.8,5.0,3.6,4.1,4.1,3.0,4.2,6.4,23.9,19.9,19.0,17.5,16.6,15.8,14.3,11.7,12.4
137.2,20.1,29.1,35.5,39.8,40.5,37.4,30.4,21.9,5.0,0.0,0.0,0.0,4.0,6.7,10.8,15.0,17.2,16.1,14.3,10.8,8.5,5.1,5.8,5.0,4.2,5.0,6.4,5.4,4.1,4.1,2.2,1.0,2.0,3.6,4.0,3.0,3.0,3.2,3.6,3.0,3.2,4.5,22.0,18.4,18.4,17.7,15.0,14.2,13.5,13.9,11.7
134.4,17.0,25.6,31.6,36.2,36.9,34.1,27.8,20.6,4.1,0.0,0.0,0.0,4.1,6.4,10.3,12.5,14.4,13.6,11.3,7.8,5.1,12.8,11.4,11.0,10.0,11.7,12.8,11.7,9.5,9.1,4.5,0.0,3.2,6.7,6.0,6.1,6.7,8.1,7.0,7.6,9.2,9.4,37.7,33.1,33.0,29.2,27.8,25.8,24.0,23.3,19.9
122.1,19.1,28.3,35.5,40.5,41.6,38.0,30.6,22.6,4.5,0.0,0.0,0.0,5.0,8.1,11.4,14.2,16.4,15.8,13.4,8.1,5.0,6.7,6.4,5.8,6.3,7.0,6.7,6.4,5.8,4.5,2.2,1.0,1.0,3.6,2.8,3.2,4.0,5.0,4.1,3.0,4.0,6.4,22.2,18.2,17.3,18.0,14.6,14.9,13.6,12.0,12.5
107.4,17.0,27.6,35.6,39.4,41.0,38.0,30.6,22.6,3.6,0.0,0.0,0.0,6.0,8.9,12.2,15.6,17.2,16.1,14.3,8.9,6.1,7.6,6.0,6.1,6.3,7.8,6.7,6.3,5.1,6.1,2.8,1.0,1.4,2.8,3.2,4.0,5.0,4.1,3.0,3.2,5.0,5.8,21.1,19.6,19.2,15.8,15.6,14.2,14.8,13.2,10.0
137.2,21.1,29.8,36.1,40.5,40.6,36.9,29.7,22.5,5.4,0.0,0.0,0.0,10.0,12.6,15.7,17.5,16.1,13.0,9.2,2.0,5.4,13.6,12.0,11.4,10.0,10.0,9.2,8.9,8.9,8.5,4.1,1.4,5.0,15.3,15.1,17.0,18.0,17.8,17.3,15.7,14.8,15.5,32.2,27.6,26.2,24.3,24.2,24.4,23.8,21.3,19.1
134.4,15.6,25.6,31.8,36.2,37.0,34.5,28.2,21.9,4.5,0.0,0.0,0.0,10.0,12.2,14.6,16.2,15.5,14.0,11.2,5.4,1.4,7.3,6.3,5.4,4.1,5.4,5.4,5.4,5.4,5.8,2.2,0.0,3.2,8.6,8.2,8.1,8.2,7.2,7.1,7.2,7.1,7.6,12.7,11.0,11.7,12.1,10.4,10.0,10.0,7.8,8.2
122.1,15.2,24.2,33.5,37.0,38.2,34.9,29.1,21.9,3.6,0.0,0.0,0.0,12.1,14.1,16.1,18.0,17.1,15.5,11.7,7.2,1.0,6.7,5.1,5.0,5.1,5.8,7.1,6.4,6.3,5.4,2.2,1.0,3.0,8.1,8.2,8.1,7.1,8.6,8.2,8.1,8.9,8.2,12.8,13.0,12.7,12.0,11.4,10.4,9.5,9.4,9.2
107.4,16.6,27.0,34.0,39.2,40.8,39.2,34.0,26.4,5.8,0.0,0.0,0.0,11.7,14.9,17.0,18.4,17.0,14.4,10.8,6.1,1.4,6.7,6.7,6.1,6.4,7.0,5.8,6.3,5.7,5.1,2.2,1.4,2.2,8.2,8.9,9.5,9.5,8.9,8.2,7.2,6.1,6.7,14.6,12.1,11.0,10.6,10.4,11.7,11.7,10.8,10.8
137.2,11.3,18.9,24.2,28.5,29.8,30.8,26.0,21.0,4.2,0.0,0.0,0.0,15.5,17.5,20.8,21.9,19.8,15.8,11.7,6.1,2.0,11.2,8.2,6.7,5.4,6.4,6.4,7.8,7.6,8.2,3.2,2.0,8.1,21.6,22.7,21.9,22.2,21.4,19.2,18.4,16.2,15.1,15.7,15.0,14.3,15.0,14.3,16.3,16.1,15.0,15.2
134.4,13.0,20.0,26.3,30.1,32.0,30.7,27.9,22.2,5.0,0.0,0.0,0.0,16.0,17.5,19.9,20.2,19.0,16.1,11.0,7.0,4.2,7.2,4.2,5.0,5.1,6.1,7.8,9.4,10.0,11.4,4.5,1.0,7.8,20.6,20.1,20.6,19.8,18.4,15.5,13.5,12.6,10.2,16.1,15.7,14.3,13.3,13.5,12.0,11.7,11.2,11.0
122.1,13.6,21.8,28.3,33.0,35.0,34.0,30.1,24.3,5.1,0.0,0.0,0.0,17.5,19.7,22.0,22.0,20.6,17.1,13.2,7.1,3.6,4.2,2.8,2.2,3.0,3.6,3.6,4.0,4.5,6.4,2.2,1.4,3.6,10.4,10.2,10.6,10.8,10.2,8.6,8.9,7.0,6.3,8.2,9.2,8.0,7.8,7.3,7.6,7.1,6.0,6.7
137.2,16.6,22.8,27.7,31.1,32.4,33.6,30.4,25.9,6.3,0.0,0.0,0.0,14.4,15.6,17.7,17.8,15.8,14.3,12.6,10.8,10.6,4.2,7.3,8.0,10.3,10.0,10.3,11.4,12.0,13.0,6.0,1.0,6.0,14.8,15.0,12.6,12.0,10.3,8.1,8.5,6.3,5.4,24.4,19.8,18.9,18.8,17.5,19.1,17.0,15.0,15.3
134.4,13.4,19.7,25.9,30.5,33.3,33.3,31.4,27.7,6.3,0.0,0.0,0.0,10.0,11.7,13.6,13.5,12.8,11.2,10.2,8.1,7.6,13.6,14.6,15.6,15.1,15.2,15.8,16.0,17.0,17.5,6.4,1.0,4.5,11.2,10.3,10.8,10.8,9.8,9.5,9.8,9.5,11.4,24.7,21.0,20.6,19.8,19.6,19.6,18.4,16.5,15.5
122.1,14.0,22.1,28.1,33.0,37.0,37.0,35.0,29.2,7.1,0.0,0.0,0.0,11.2,13.0,14.1,14.3,13.9,12.2,11.7,9.4,9.2,8.2,7.6,7.8,8.2,9.5,10.0,10.0,8.6,8.9,2.2,1.0,3.0,7.3,7.2,6.3,5.4,4.5,4.1,5.0,6.1,7.1,12.8,13.0,12.1,10.6,10.2,10.2,10.0,10.4,9.2
107.4,12.8,19.4,25.6,29.7,33.2,33.9,31.1,27.0,6.7,0.0,0.0,0.0,9.9,12.0,12.7,13.5,11.7,10.4,9.0,8.1,7.3,13.9,15.0,15.6,14.9,15.3,15.0,16.8,16.5,17.2,6.7,1.0,3.2,11.4,10.8,10.8,11.0,10.0,9.2,10.0,10.0,11.4,24.8,20.2,20.2,20.0,20.1,20.0,18.0,16.1,16.0
137.2,15.2,24.4,31.6,35.9,38.2,38.5,32.8,26.8,5.8,0.0,0.0,0.0,12.0,14.1,15.0,14.0,10.8,9.2,7.3,5.1,3.0,8.0,7.2,7.6,8.0,8.5,9.1,8.1,6.7,8.0,2.8,0.0,4.1,9.2,8.0,8.6,6.3,8.1,8.5,8.1,8.1,7.6,15.0,14.4,13.0,11.2,12.4,11.4,12.5,11.2,9.2
134.4,16.1,23.8,28.5,32.6,32.8,31.3,26.0,21.4,5.0,0.0,0.0,0.0,10.8,12.6,13.0,12.0,10.8,8.5,7.6,4.5,5.0,5.4,6.1,5.7,5.4,5.0,6.7,7.2,7.0,7.2,2.0,1.0,2.8,7.1,6.3,7.1,7.3,7.3,5.8,5.1,4.1,5.7,12.8,11.4,12.0,11.7,10.0,10.0,9.5,11.0,10.3
122.1,18.2,28.2,33.0,37.1,37.1,36.0,30.1,25.0,5.8,0.0,0.0,0.0,13.0,15.0,16.3,15.2,12.8,10.3,8.1,6.3,6.1,5.1,6.3,6.4,7.0,6.3,6.4,7.6,8.1,8.5,4.1,0.0,3.6,9.5,8.5,7.3,7.1,7.2,7.6,7.1,5.7,5.4,15.8,12.2,12.4,13.0,12.0,12.6,11.0,10.4,10.6
107.4,17.0,24.0,29.3,32.6,33.7,31.4,27.1,22.2,5.4,0.0,0.0,0.0,12.0,13.2,13.6,13.4,11.3,8.9,7.0,5.1,5.4,5.1,5.4,5.8,6.0,5.8,5.7,6.3,7.1,7.8,3.2,0.0,3.6,7.1,7.1,6.3,6.0,6.7,5.8,6.1,5.0,4.5,12.6,11.0,10.4,11.2,12.0,10.4,10.0,8.5,9.4
137.2,22.0,27.0,29.2,30.3,29.4,28.1,23.0,20.6,4.5,0.0,0.0,0.0,16.1,18.0,19.2,19.0,16.1,14.9,13.5,12.2,14.6,5.8,7.8,9.4,9.4,11.2,14.3,14.3,14.0,14.0,5.7,1.0,7.3,15.3,13.5,12.2,9.8,9.5,8.0,4.1,1.0,1.4,27.7,24.2,23.4,22.6,20.5,21.3,20.6,18.4,16.6
134.4,19.0,23.3,26.5,29.6,30.8,31.3,29.2,25.9,5.8,0.0,0.0,0.0,19.4,18.4,16.6,14.3,13.2,12.1,12.2,12.2,13.6,16.5,18.4,19.0,18.6,19.4,20.1,21.0,19.6,20.6,7.3,1.4,7.0,17.1,15.0,13.0,11.2,9.4,8.1,8.2,10.0,13.4,19.9,18.6,18.2,17.2,17.0,15.6,14.3,12.5,11.2
122.1,18.1,23.0,26.0,29.0,31.0,32.1,29.4,25.5,6.1,0.0,0.0,0.0,19.1,17.8,16.6,14.0,13.6,12.2,12.7,12.0,13.9,8.6,9.0,8.6,9.5,8.9,9.8,10.4,10.0,11.0,5.1,1.0,2.8,7.3,6.3,5.7,6.0,4.1,4.2,4.1,6.1,7.6,10.3,9.1,10.0,8.1,7.1,8.2,5.4,6.3,6.0
107.4,20.0,25.0,29.1,32.0,35.1,35.4,32.8,29.8,6.7,0.0,0.0,0.0,21.4,20.5,19.2,16.3,14.3,12.5,13.5,12.8,14.8,8.2,9.5,10.3,11.0,12.0,12.4,11.7,12.2,11.0,3.2,0.0,4.1,9.5,8.5,8.5,7.1,5.8,4.2,4.5,5.0,5.8,10.4,9.5,8.5,8.5,8.6,8.1,9.2,7.6,6.3
137.2,10.3,10.0,18.7,29.7,38.9,45.4,42.8,36.1,8.5,0.0,0.0,0.0,8.1,3.6,2.2,2.0,1.0,3.6,9.5,13.3,16.3,18.6,16.8,16.0,15.7,14.9,14.8,14.1,13.0,13.6,4.5,0.0,2.2,4.5,5.4,7.2,7.8,10.6,11.2,13.2,14.3,15.3,12.8,13.3,14.0,12.1,14.2,13.4,12.0,13.2,10.8
134.4,7.8,12.4,20.1,28.2,34.4,36.7,32.6,27.5,5.0,0.0,0.0,0.0,5.1,3.2,2.2,2.0,1.4,3.0,7.1,10.0,11.0,11.7,12.2,11.3,11.0,10.8,9.5,8.5,8.1,8.1,2.8,0.0,2.2,4.1,4.2,5.0,6.0,6.7,6.7,7.3,8.6,10.0,11.4,10.0,10.0,9.2,10.8,11.2,10.6,10.0,9.4
137.2,7.8,6.7,15.0,25.2,33.6,38.6,37.0,32.8,7.2,0.0,0.0,0.0,8.2,1.4,4.1,6.7,7.2,3.6,2.0,7.1,10.0,30.0,28.6,27.1,25.5,25.2,24.3,22.8,22.0,19.7,7.6,1.0,4.1,12.6,15.0,16.8,19.2,20.6,22.1,24.2,26.2,28.6,29.1,26.9,24.7,23.1,21.4,21.8,20.6,19.1,19.2
134.4,5.8,6.3,15.3,26.0,34.7,39.6,39.1,34.0,7.6,0.0,0.0,0.0,8.0,5.0,12.2,17.7,17.0,13.5,7.1,2.8,7.1,19.0,16.6,15.0,15.1,13.6,12.8,12.1,10.0,9.2,3.2,0.0,5.0,13.5,13.9,15.3,15.3,16.6,16.6,17.0,17.5,18.6,20.8,19.2,18.0,16.4,15.8,15.3,14.9,13.6,13.2
122.1,7.1,6.1,15.3,24.8,34.1,37.8,38.0,34.1,7.1,0.0,0.0,0.0,7.3,4.5,11.7,17.1,16.2,13.6,7.3,3.2,7.3,18.1,18.4,16.6,14.0,13.4,12.0,11.2,10.0,8.1,2.2,1.0,4.5,12.2,13.0,13.3,14.1,15.6,15.7,17.0,18.0,19.7,20.5,18.8,15.3,16.4,15.0,15.7,16.4,14.1,15.2
107.4,5.0,6.4,15.5,25.0,35.1,40.0,39.1,34.0,8.0,0.0,0.0,0.0,9.1,5.4,11.7,16.6,17.0,13.4,6.7,1.4,7.1,19.0,16.5,14.9,14.6,13.3,13.0,11.7,10.2,10.2,3.2,0.0,5.1,13.0,13.6,15.3,16.1,16.8,16.3,17.1,18.1,18.4,20.2,19.2,19.1,16.6,16.6,16.0,14.4,14.3,13.2
137.2,20.9,25.6,29.7,33.4,36.6,35.8,32.6,27.6,6.4,0.0,0.0,0.0,11.0,14.3,16.4,17.0,16.4,13.9,12.4,13.0,16.0,22.6,20.2,18.0,15.2,12.8,10.4,8.1,7.2,5.4,2.2,1.0,7.1,20.9,22.7,24.5,24.0,24.1,24.2,26.0,26.0,26.2,49.2,43.9,41.8,38.1,37.7,37.5,35.8,34.0,31.0
134.4,26.3,29.4,31.8,33.3,33.8,32.2,28.2,23.8,6.1,0.0,0.0,0.0,11.0,13.3,13.0,11.4,9.2,9.2,11.0,15.1,20.1,19.0,16.6,12.8,9.2,8.0,7.6,6.4,4.5,2.2,1.0,1.4,7.3,18.4,20.2,21.2,23.4,21.8,22.4,21.4,22.0,21.0,40.0,35.0,34.4,34.0,32.6,33.0,30.9,29.0,26.8
107.4,29.7,33.1,34.8,34.5,33.8,30.0,25.8,22.0,5.4,0.0,0.0,0.0,10.0,9.2,8.5,6.4,2.8,2.2,6.3,13.0,19.8,5.8,4.1,3.2,3.2,3.2,1.0,2.8,3.2,4.1,2.0,1.0,3.2,6.7,7.1,7.2,8.1,8.2,7.2,6.4,7.1,7.6,16.1,14.3,14.3,13.6,14.2,12.5,12.4,13.0,12.6
137.2,26.9,30.5,31.3,32.0,30.4,26.9,23.3,19.8,4.2,0.0,0.0,0.0,10.0,9.2,8.5,6.4,3.6,2.0,4.5,10.0,17.7,9.2,9.2,6.7,3.6,4.2,5.0,5.4,5.4,5.1,2.2,1.0,5.0,13.2,14.4,14.4,13.6,13.0,13.3,13.0,12.0,11.2,31.0,27.1,24.7,25.1,23.6,24.8,22.8,21.2,20.2
134.4,23.1,29.1,34.1,36.6,36.9,34.4,31.0,26.7,6.1,0.0,0.0,0.0,10.8,8.5,6.3,4.5,5.4,5.0,3.6,4.2,11.0,7.2,7.6,8.5,9.1,10.0,10.8,10.3,11.4,11.7,6.3,1.0,3.6,8.2,8.5,8.1,8.6,7.1,6.1,5.1,5.8,8.1,30.0,25.3,23.4,23.1,20.2,23.1,20.1,17.5,18.0
122.1,24.4,30.9,33.8,36.4,36.6,35.8,31.8,27.9,7.0,0.0,0.0,0.0,10.8,9.2,5.8,3.2,4.1,4.5,4.1,5.0,12.0,7.8,8.5,9.0,8.1,10.2,11.2,12.7,11.4,10.4,3.2,1.0,3.6,10.0,8.9,7.8,6.7,7.6,7.0,6.7,5.8,5.8,30.9,24.2,23.5,23.2,22.1,21.1,19.0,19.0,18.4
107.4,20.0,26.3,30.8,35.2,37.1,37.7,34.2,29.0,7.1,0.0,0.0,0.0,12.6,10.8,6.7,2.2,1.4,3.2,4.0,6.4,11.4,5.7,6.7,7.0,5.4,5.8,6.4,7.6,7.0,5.4,2.0,1.0,3.0,6.4,6.0,4.5,3.6,4.2,5.1,5.1,5.0,5.0,16.5,13.2,12.2,12.4,12.1,11.4,9.9,10.0,10.8
137.2,20.0,26.1,30.4,34.4,36.7,37.6,34.1,28.0,6.4,0.0,0.0,0.0,13.4,10.8,7.3,3.0,1.0,2.2,3.6,6.1,10.8,4.1,5.8,6.4,6.3,5.1,6.1,6.7,7.1,6.3,2.8,1.0,1.4,5.4,6.4,5.1,4.1,3.2,4.2,5.4,5.0,5.4,17.2,13.4,11.2,12.1,11.7,12.0,10.2,9.1,9.8
134.4,22.0,26.9,31.6,36.7,41.1,42.4,38.6,32.7,7.6,0.0,0.0,0.0,14.0,11.2,8.5,9.2,11.0,13.0,13.3,14.8,16.3,5.8,6.3,6.1,5.4,5.4,5.8,6.4,6.3,5.0,1.4,1.4,2.0,7.2,7.3,8.1,6.3,5.8,5.8,7.1,6.7,5.1,24.2,19.8,18.4,17.8,17.7,16.3,14.9,14.2,13.9
107.4,18.4,23.4,27.2,32.2,35.8,37.8,34.2,28.3,6.4,0.0,0.0,0.0,12.2,8.9,6.4,7.0,9.5,10.4,11.0,12.2,13.4,10.6,10.3,11.4,11.0,10.2,9.5,10.8,11.4,9.8,3.6,1.0,4.1,12.2,12.1,13.3,13.0,10.4,9.8,10.3,11.3,12.1,42.3,36.7,33.5,31.8,30.5,30.4,27.2,24.4,24.1
137.2,16.1,21.0,26.0,31.0,37.0,38.0,36.1,30.1,6.1,0.0,0.0,0.0,8.1,5.0,5.0,8.0,10.0,10.0,10.4,9.2,11.2,6.7,7.2,6.4,6.4,5.8,8.2,6.1,5.0,7.0,3.6,0.0,3.2,5.4,5.7,4.2,3.6,5.1,5.1,4.5,5.1,5.8,20.1,16.8,17.7,16.3,14.3,14.1,13.3,13.0,10.2
134.4,18.6,24.1,29.7,35.4,39.6,41.0,38.2,31.9,7.8,0.0,0.0,0.0,8.5,5.0,4.0,5.7,7.8,7.8,8.1,9.1,11.7,13.6,13.9,14.1,14.4,14.3,13.9,15.1,15.0,12.5,4.5,1.4,3.2,9.2,9.1,10.3,9.2,8.9,8.2,10.0,11.2,12.2,44.4,36.7,32.9,32.3,31.6,30.3,27.0,26.0,24.5
122.1,19.4,26.0,32.0,37.7,41.8,43.7,40.8,34.2,8.2,0.0,0.0,0.0,9.9,5.8,3.2,4.1,7.1,7.3,7.2,8.9,12.0,7.2,6.7,8.2,8.0,7.3,7.3,7.6,7.8,7.2,2.2,1.4,2.0,4.1,5.0,5.8,5.0,4.1,4.1,5.0,6.4,6.3,22.0,19.6,18.0,15.8,17.1,16.1,13.9,13.5,11.3
137.2,22.7,29.7,35.0,38.3,40.8,40.6,36.1,30.4,7.2,0.0,0.0,0.0,6.1,4.1,1.0,1.0,3.0,3.2,5.0,7.1,12.5,4.5,4.5,6.3,6.1,5.1,6.3,7.1,7.1,5.1,1.4,1.0,1.0,2.8,3.6,3.6,3.0,1.4,1.0,2.2,3.2,4.0,20.4,17.0,16.0,14.3,15.3,14.1,12.4,12.4,11.2
134.4,24.5,32.0,36.7,40.7,42.1,41.1,35.8,29.1,6.0,0.0,0.0,0.0,3.2,2.0,1.4,3.0,3.6,3.6,3.2,6.7,13.0,5.4,5.1,4.5,5.0,7.2,6.3,5.4,5.8,6.7,3.2,0.0,2.2,4.1,2.8,2.2,2.2,2.2,1.0,2.0,1.4,2.0,19.7,17.5,18.0,14.3,14.4,14.2,14.9,13.0,10.6
122.1,25.5,31.9,37.8,41.1,43.2,42.6,36.6,30.9,6.3,0.0,0.0,0.0,3.6,2.2,1.4,2.2,2.8,3.2,3.6,7.1,13.2,3.2,5.1,6.1,5.1,5.8,7.3,7.1,6.1,6.1,2.2,1.0,1.4,4.5,4.2,2.2,1.4,1.0,1.4,1.0,2.2,2.2,21.2,16.0,16.3,15.5,14.9,14.3,13.4,12.5,12.1
107.4,25.6,33.2,37.8,41.0,43.8,42.0,36.8,30.5,6.7,0.0,0.0,0.0,3.0,2.0,1.0,2.8,3.2,3.0,3.6,7.1,13.4,5.4,5.8,5.0,5.8,6.7,7.2,6.4,5.8,5.8,3.2,1.0,2.0,4.5,4.0,2.0,2.2,2.2,1.0,1.4,2.0,2.2,19.7,16.4,16.1,16.1,14.8,13.6,14.3,13.9,10.8
137.2,25.0,32.8,37.0,39.2,38.6,36.7,30.6,26.0,6.1,0.0,0.0,0.0,3.2,4.0,5.1,6.7,6.4,5.0,2.0,4.5,12.4,2.0,2.2,4.1,4.0,4.0,4.1,6.1,5.0,5.1,1.4,1.4,1.4,4.5,5.1,4.0,3.2,2.2,2.2,1.0,0.0,1.4,17.1,15.0,13.0,11.4,12.6,11.4,10.2,9.2,9.2
134.4,26.6,34.0,37.5,39.2,37.8,35.4,29.8,24.6,6.1,0.0,0.0,0.0,2.0,5.1,7.1,10.0,10.0,8.2,5.0,3.2,11.7,5.0,7.1,8.0,8.0,9.0,11.0,11.7,10.8,9.9,4.0,0.0,5.0,11.4,10.3,9.8,10.2,9.0,6.0,6.1,6.3,5.1,29.8,24.4,24.7,24.2,22.1,20.4,20.1,19.0,17.7
122.1,26.9,33.6,38.5,40.0,39.4,35.8,30.4,25.2,6.0,0.0,0.0,0.0,2.8,5.7,7.8,9.4,9.8,8.2,4.0,3.2,12.0,2.8,2.2,4.1,4.5,5.0,3.6,5.0,5.8,6.1,1.4,1.0,3.2,6.7,6.0,5.1,4.1,4.1,4.5,2.8,2.0,3.0,15.7,13.0,12.0,11.0,12.0,10.8,9.8,8.6,7.8
107.4,28.8,37.2,42.1,44.0,42.7,39.2,33.1,26.9,5.7,0.0,0.0,0.0,3.0,6.0,10.0,12.2,11.4,9.8,5.0,3.2,13.5,4.0,3.0,3.2,5.4,6.0,5.0,5.0,6.1,6.7,3.0,1.0,2.2,7.2,6.4,6.3,5.1,4.5,5.1,4.0,2.0,2.8,16.6,14.9,13.9,10.8,13.0,11.7,11.2,10.0,9.0
137.2,22.5,31.6,36.1,39.0,39.0,35.1,28.4,23.3,5.7,0.0,0.0,0.0,8.0,9.5,11.4,14.1,15.6,14.2,10.3,4.0,7.1,3.6,5.0,5.4,5.0,5.4,6.1,6.7,7.2,7.1,3.2,1.0,3.0,8.2,7.6,7.2,6.0,5.1,5.7,5.8,5.0,4.1,11.4,9.9,9.5,10.0,10.0,8.9,8.0,7.6,7.1
134.4,23.5,32.3,37.6,40.6,40.8,38.1,30.4,24.2,5.1,0.0,0.0,0.0,7.1,8.5,11.0,14.0,16.0,14.0,11.7,5.8,7.6,2.8,4.5,3.2,5.1,6.1,7.1,7.3,6.1,5.8,2.0,0.0,3.2,8.5,7.1,6.3,5.0,5.0,5.4,4.1,2.2,2.0,12.0,11.4,11.7,10.2,9.1,8.5,9.2,8.9,9.1
137.2,23.3,32.8,36.8,40.5,39.7,36.8,29.7,24.0,6.0,0.0,0.0,0.0,5.1,5.8,9.2,11.2,12.4,11.7,9.2,5.0,9.2,2.0,3.6,4.5,4.1,5.0,6.3,7.2,7.1,6.3,2.2,1.4,2.2,7.1,7.3,7.1,6.3,4.0,3.2,3.2,2.8,1.0,12.4,11.4,11.4,10.8,11.0,9.5,8.6,9.2,9.5
134.4,27.2,36.1,40.8,42.8,42.7,39.5,31.0,25.1,5.8,0.0,0.0,0.0,5.1,6.3,10.0,12.7,12.8,11.7,8.1,4.1,11.4,1.0,2.0,4.0,4.2,4.5,5.0,5.4,6.7,6.7,3.6,0.0,3.6,8.0,7.3,5.8,6.4,6.1,5.1,3.6,2.8,2.2,13.6,13.3,11.7,10.8,10.6,11.2,11.0,8.5,8.6
107.4,24.8,31.4,34.5,35.3,34.4,29.7,24.0,19.7,4.1,0.0,0.0,0.0,6.4,8.5,11.2,13.2,13.2,11.7,6.4,2.2,10.8,4.0,2.0,1.4,3.6,6.3,7.3,7.2,7.1,6.7,2.0,1.0,5.8,15.7,14.8,15.0,14.4,13.9,12.2,10.6,8.5,6.0,22.1,20.2,19.1,16.8,16.3,16.6,16.0,15.8,15.2
137.2,25.1,31.1,34.5,34.0,31.8,27.2,21.2,17.0,3.6,0.0,0.0,0.0,5.0,6.3,9.4,12.2,12.2,10.3,6.1,2.2,11.7,2.8,1.0,0.0,2.0,2.8,3.2,2.2,2.2,3.2,1.0,1.0,2.2,6.1,6.3,6.4,7.1,7.2,5.4,5.0,4.1,4.2,11.7,10.8,9.2,7.6,7.0,7.6,7.8,7.0,5.8
134.4,31.4,38.9,42.2,41.4,37.9,31.3,23.4,18.4,5.1,0.0,0.0,0.0,7.2,10.3,14.9,18.4,19.6,15.8,10.3,1.0,12.7,6.0,3.6,3.0,2.2,3.2,3.6,4.0,4.5,5.0,2.2,1.0,2.8,8.5,9.1,8.6,8.9,9.1,8.6,8.5,8.2,7.8,10.4,10.0,8.6,8.2,7.6,6.7,7.1,7.2,7.6
122.1,29.8,37.7,40.2,39.8,36.4,29.5,21.9,17.0,4.0,0.0,0.0,0.0,8.6,12.1,16.5,19.6,20.9,18.0,11.2,1.4,11.4,5.0,3.6,4.1,4.2,4.0,3.6,3.2,3.2,2.8,1.0,1.0,3.2,9.8,10.0,10.3,10.0,10.2,9.5,7.8,7.0,5.8,8.9,9.1,8.5,8.2,8.5,9.2,8.2,7.3,7.1
107.4,29.2,36.1,39.9,39.4,36.7,31.0,24.3,19.6,4.5,0.0,0.0,0.0,7.1,11.7,16.4,19.8,19.2,15.8,9.8,0.0,12.0,5.8,4.1,3.2,3.2,2.8,3.2,4.5,4.5,5.1,2.0,1.0,4.0,10.2,9.4,9.4,9.1,8.9,7.2,7.0,7.8,6.3,9.1,8.6,8.9,8.1,7.8,7.3,6.3,7.2,7.3
137.2,36.9,38.1,34.4,28.3,20.1,14.6,19.7,27.7,8.1,0.0,0.0,0.0,15.3,17.5,21.6,25.1,27.0,26.2,26.0,27.3,30.4,28.2,27.2,26.1,25.5,25.0,25.5,24.5,22.2,21.6,7.6,2.0,6.3,17.5,18.4,19.6,21.4,22.0,22.5,23.3,25.5,27.2,29.2,27.5,25.5,23.5,23.8,22.7,21.0,20.0,18.4
134.4,35.6,36.2,34.4,28.6,20.1,15.0,19.2,27.3,8.1,0.0,0.0,0.0,14.8,17.8,22.8,26.7,28.3,28.2,27.0,28.4,30.5,55.0,53.7,51.5,50.1,50.5,48.9,47.3,43.7,41.0,14.2,2.2,12.5,35.1,36.1,39.1,39.8,41.0,41.9,44.4,47.9,53.0,58.2,53.8,50.7,47.0,44.6,43.7,39.6,36.7,35.2
107.4,35.3,36.2,32.9,25.5,15.0,7.6,14.1,22.0,6.7,0.0,0.0,0.0,13.5,17.0,21.8,25.5,28.3,28.4,28.3,29.0,30.8,29.6,28.3,25.7,24.4,24.2,22.4,21.8,19.1,18.4,7.1,1.0,5.0,15.5,15.3,17.7,17.7,19.9,21.3,23.1,25.5,28.2,27.9,24.3,22.7,21.2,19.6,19.8,17.7,16.3,15.3
137.2,27.0,27.0,25.2,19.6,11.7,4.1,12.0,21.1,6.1,0.0,0.0,0.0,12.6,14.1,18.0,23.7,25.5,26.8,26.1,25.9,25.3,48.5,48.3,44.7,43.0,42.2,41.9,39.5,36.1,33.9,12.2,2.8,9.2,26.4,28.1,31.8,34.4,36.1,37.6,39.8,43.1,47.6,45.3,42.4,39.3,36.1,35.7,33.2,31.2,26.9,25.0
134.4,30.1,29.0,26.0,20.6,11.7,5.0,14.1,22.1,7.3,0.0,0.0,0.0,17.0,17.7,21.5,24.6,29.2,30.4,31.6,29.5,31.8,57.0,57.7,51.0,51.0,52.9,46.9,47.8,42.2,39.0,14.0,1.0,11.7,34.2,33.4,39.8,36.9,40.8,43.8,43.0,50.1,55.9,52.7,39.8,41.8,40.5,32.6,38.0,31.4,26.2,28.6
107.4,28.2,27.7,24.0,18.8,9.9,5.0,15.3,24.2,8.1,0.0,0.0,0.0,15.5,16.4,19.4,23.7,26.8,28.7,29.7,28.8,29.5,56.6,50.8,54.3,50.7,48.2,49.8,43.0,40.3,39.4,12.7,2.2,10.8,32.6,34.0,34.8,40.0,40.2,41.0,46.6,47.4,52.5,38.5,47.9,37.8,33.0,39.0,30.1,33.3,31.8,23.1
137.2,27.8,23.9,19.2,13.5,6.3,5.1,13.6,19.8,5.7,0.0,0.0,0.0,19.7,19.4,20.5,20.6,22.0,22.8,24.2,26.4,28.7,57.4,54.8,51.9,48.3,47.5,46.5,43.6,39.6,36.1,12.0,2.2,11.4,31.0,33.1,36.7,39.0,41.0,43.4,46.2,52.0,55.5,37.2,31.6,32.8,30.0,27.7,27.0,23.5,21.0,20.8
134.4,33.2,29.0,24.1,16.5,7.8,7.1,16.1,23.0,7.0,0.0,0.0,0.0,22.0,22.0,22.8,23.2,24.0,25.0,27.0,31.1,32.2,34.1,32.8,30.0,28.3,28.8,26.8,26.2,23.1,21.0,8.0,1.4,5.8,17.8,18.9,20.6,22.2,23.2,25.3,26.6,29.8,32.6,22.8,20.0,20.4,18.4,16.4,16.3,13.6,13.0,12.4
122.1,29.2,26.1,21.0,15.3,7.2,6.4,14.3,21.0,6.1,0.0,0.0,0.0,19.1,19.7,20.2,21.4,21.0,22.0,24.0,27.1,29.2,59.1,57.3,52.1,50.0,49.2,47.4,46.0,40.8,38.0,13.6,2.8,10.3,31.4,32.6,37.2,39.4,41.4,44.0,46.6,52.8,57.3,39.7,34.0,36.5,33.2,29.3,30.7,25.1,23.4,23.4
107.4,26.9,24.7,21.4,14.9,7.3,6.0,14.8,22.7,7.1,0.0,0.0,0.0,17.1,16.8,18.9,19.8,21.3,22.0,23.4,24.8,27.2,55.8,52.8,50.9,47.9,47.1,46.0,42.0,39.0,36.4,12.2,1.4,12.0,31.9,33.6,35.7,39.1,40.6,42.0,45.3,48.8,53.6,36.1,35.9,32.6,30.4,30.5,28.5,28.2,26.0,23.8
137.2,27.9,26.0,22.4,16.0,8.5,5.0,13.3,21.0,6.0,0.0,0.0,0.0,18.0,18.0,19.2,21.0,22.1,23.2,24.2,26.2,27.5,56.3,52.6,53.2,47.9,46.2,47.6,40.4,37.8,34.9,12.1,2.2,10.0,30.0,32.3,33.5,39.4,39.1,40.9,47.0,48.4,55.0,31.8,41.2,30.2,28.1,31.0,23.5,29.2,25.2,19.8
134.4,29.7,27.7,23.3,16.6,7.1,8.2,19.1,27.7,8.6,0.0,0.0,0.0,21.1,21.2,23.4,26.4,28.3,28.3,29.2,29.7,29.2,65.4,61.5,57.8,55.0,53.8,52.2,47.8,44.6,41.3,14.0,3.0,12.0,35.7,37.1,41.0,44.3,46.3,48.8,52.6,57.7,62.3,47.5,44.9,41.4,38.6,38.1,36.8,34.8,31.6,30.7
122.1,26.8,24.6,21.2,16.1,7.6,8.1,17.5,24.7,7.6,0.0,0.0,0.0,20.2,20.2,22.0,24.3,25.7,26.7,26.5,26.7,27.2,58.1,56.0,52.5,51.2,50.1,47.4,45.3,40.0,38.0,13.0,1.0,12.0,33.1,33.8,37.0,38.3,40.8,43.0,45.0,50.1,55.1,44.0,41.0,39.1,35.4,34.2,33.5,31.1,28.2,27.9
107.4,28.1,27.1,22.4,16.6,7.8,8.9,20.0,27.5,9.2,0.0,0.0,0.0,22.0,21.9,24.7,25.9,29.2,28.8,30.1,27.9,30.4,32.2,31.4,26.9,27.3,28.0,23.8,25.2,21.6,20.6,7.3,1.0,6.3,18.0,18.1,21.8,20.0,23.6,25.7,24.3,28.8,30.0,26.2,17.3,22.7,19.1,16.5,22.1,16.5,17.0,18.4
137.2,26.1,22.5,18.6,14.9,10.2,12.0,19.9,26.5,8.1,0.0,0.0,0.0,16.5,16.3,19.7,24.1,29.7,31.1,31.4,31.4,31.9,51.2,53.1,45.2,45.5,47.8,45.2,46.6,40.5,37.1,13.6,2.2,9.2,25.5,25.8,32.1,31.8,35.7,38.5,38.6,46.3,49.4,58.8,44.9,51.5,47.0,43.2,46.5,35.0,31.9,34.8
134.4,23.3,21.1,17.5,13.4,9.8,12.6,19.8,24.8,7.8,0.0,0.0,0.0,15.3,16.6,20.0,23.3,26.9,27.9,28.2,28.2,27.5,47.7,47.2,45.1,43.6,44.1,41.6,38.4,34.4,32.3,11.7,2.2,7.8,25.1,26.2,29.2,30.4,33.2,35.0,38.0,39.8,44.7,46.6,46.0,42.0,39.4,39.4,38.0,37.2,31.9,30.0
122.1,26.6,24.0,19.4,15.0,10.6,15.0,22.5,27.3,8.1,0.0,0.0,0.0,17.0,17.9,22.4,25.0,30.3,31.3,32.0,30.1,31.4,26.4,25.0,26.2,25.5,24.0,24.2,20.6,19.4,17.7,6.4,1.4,4.1,14.0,15.3,16.1,18.0,19.1,18.7,21.9,21.0,25.3,24.8,28.8,22.1,22.0,23.3,19.7,21.1,19.4,14.3
107.4,24.0,21.2,17.7,14.0,10.0,12.0,18.0,22.8,5.8,0.0,0.0,0.0,14.9,16.6,20.2,24.0,26.1,28.2,29.0,29.0,27.2,47.4,47.4,43.4,42.1,41.6,38.1,37.2,32.9,31.1,10.8,1.0,9.2,25.1,26.6,30.1,29.2,31.3,33.6,34.9,39.8,44.2,50.2,43.3,42.2,39.0,36.2,38.6,33.0,31.9,31.0
137.2,24.7,23.3,20.6,16.1,12.5,14.6,21.4,27.6,7.8,0.0,0.0,0.0,14.1,14.9,20.6,25.6,28.6,30.0,30.6,29.4,27.3,51.0,48.0,49.7,47.1,46.7,45.9,40.3,36.8,35.9,11.0,2.0,8.2,26.8,28.3,30.1,33.1,34.2,34.7,40.0,40.0,46.9,51.1,55.1,45.3,41.2,43.7,36.8,39.2,34.2,29.2
134.4,26.5,25.0,20.6,16.1,10.8,13.0,19.3,26.4,6.4,0.0,0.0,0.0,12.2,14.1,19.7,24.7,29.1,29.8,29.8,28.6,28.2,55.2,52.2,50.0,46.7,47.8,44.6,43.0,38.3,36.9,12.0,1.4,9.4,28.3,29.2,31.1,33.0,35.3,37.2,40.6,45.3,50.8,51.5,47.6,43.9,40.5,38.9,37.1,35.5,31.1,29.4
122.1,25.8,24.2,20.8,16.2,10.4,13.9,23.1,30.8,8.2,0.0,0.0,0.0,15.0,14.9,21.0,26.5,29.8,30.8,29.6,27.9,26.9,26.9,25.2,26.0,23.9,23.9,25.2,23.1,22.8,22.4,8.2,1.4,5.1,16.6,16.4,16.3,18.7,19.1,19.6,22.1,22.8,25.5,23.3,24.7,20.8,20.1,22.0,18.9,21.1,19.2,17.0
107.4,25.6,24.2,22.0,16.3,11.4,12.7,22.1,30.4,9.1,0.0,0.0,0.0,13.6,13.0,18.4,23.3,27.5,26.9,26.9,26.6,26.9,25.5,24.4,24.2,24.0,23.3,26.4,25.0,25.0,23.0,8.5,1.0,5.8,14.4,16.6,17.0,19.3,17.7,18.4,20.6,22.6,24.7,22.0,23.8,21.9,21.4,20.6,18.9,18.9,18.4,16.1
137.2,26.9,25.8,22.5,18.0,12.2,13.9,22.1,31.0,9.2,0.0,0.0,0.0,13.9,14.8,19.1,25.1,28.2,29.1,29.1,28.2,27.2,26.4,24.2,26.7,25.3,27.0,26.4,24.3,23.3,22.0,7.2,0.0,6.4,16.3,16.6,16.0,17.1,17.2,17.7,19.9,20.6,23.3,24.1,25.1,21.9,19.6,21.1,17.5,18.9,17.1,15.1
134.4,33.2,32.0,28.8,22.4,15.1,12.1,19.6,29.5,8.1,0.0,0.0,0.0,10.0,9.9,15.5,22.1,27.1,30.1,32.2,33.1,34.0,31.8,31.1,30.1,29.2,28.8,28.5,27.1,25.5,24.2,8.1,1.4,5.0,14.9,14.8,15.1,17.5,18.6,19.7,23.2,26.0,29.2,25.6,24.2,22.5,20.2,20.4,18.9,18.4,17.9,16.3
122.1,31.9,30.4,26.9,21.4,14.6,10.6,19.1,27.0,8.0,0.0,0.0,0.0,10.3,10.4,15.1,21.2,26.9,28.8,31.0,31.6,33.5,30.7,29.8,29.2,27.3,27.3,27.3,26.4,24.2,24.2,7.6,1.4,4.1,13.0,13.6,14.4,16.6,17.1,18.7,20.6,23.7,27.3,23.7,24.2,22.2,20.2,20.0,17.7,19.0,17.5,14.3
107.4,34.2,32.2,28.6,22.8,15.0,11.7,19.2,29.7,8.5,0.0,0.0,0.0,10.0,9.2,15.5,22.1,27.0,30.1,33.1,34.0,34.1,31.9,30.1,30.1,29.1,27.7,29.2,26.9,26.1,24.3,8.2,1.4,4.5,14.2,15.3,15.1,18.1,18.4,19.2,22.8,25.5,28.6,23.5,25.6,22.7,19.9,21.0,17.5,18.6,18.4,14.8
137.2,40.3,38.1,35.1,29.3,23.4,18.4,20.4,26.2,8.2,0.0,0.0,0.0,10.8,10.2,14.2,19.2,23.9,27.8,31.8,36.2,40.2,28.0,26.1,27.9,27.5,26.4,28.1,25.6,23.3,23.0,7.6,1.4,3.6,11.4,13.0,13.0,16.3,17.0,17.0,20.6,23.1,24.2,30.6,33.2,30.4,25.8,28.1,24.2,22.8,23.0,18.4
134.4,33.5,32.0,29.4,25.3,21.5,17.0,16.3,21.2,6.1,0.0,0.0,0.0,7.1,7.1,10.8,16.3,20.5,24.0,28.3,31.8,34.2,43.3,45.2,42.4,41.6,43.5,41.8,42.2,40.1,38.6,14.2,1.4,7.1,19.2,19.8,22.0,21.3,24.1,26.4,28.9,35.5,41.5,61.7,53.6,50.8,48.2,43.0,44.6,41.6,36.9,36.8
107.4,37.7,36.1,33.2,28.5,23.3,19.2,19.2,25.6,7.2,0.0,0.0,0.0,8.0,8.5,12.6,19.1,23.1,28.3,32.2,38.1,38.0,24.8,23.2,24.2,23.1,25.0,24.7,23.7,22.8,22.1,7.6,0.0,5.0,11.7,11.2,10.8,11.4,13.4,14.9,17.7,20.6,23.4,31.8,30.5,28.2,25.6,26.4,25.5,23.6,23.0,19.4
137.2,39.4,34.0,28.3,23.0,17.1,15.0,19.4,27.7,8.5,0.0,0.0,0.0,10.0,6.3,7.1,12.6,19.7,26.6,34.2,40.5,43.3,29.7,29.1,29.2,28.8,29.2,28.8,28.2,26.0,25.0,9.5,0.0,4.1,11.0,11.4,12.8,13.4,15.0,16.2,19.8,22.6,26.7,28.4,28.3,25.9,24.2,24.4,23.0,21.2,20.2,17.8
134.4,38.1,31.3,22.4,15.3,10.0,9.4,17.3,26.3,8.1,0.0,0.0,0.0,13.0,9.2,6.3,8.2,15.0,22.1,31.1,38.0,43.0,33.2,31.8,31.1,31.2,31.2,31.1,30.5,27.8,26.4,8.5,1.4,3.2,11.4,12.6,13.9,16.2,17.9,19.7,22.2,25.6,29.7,22.1,21.1,20.1,18.1,18.1,17.1,16.0,15.0,14.0
122.1,39.1,32.4,23.1,16.1,10.4,8.9,16.0,25.5,7.0,0.0,0.0,0.0,12.0,8.1,5.1,9.4,15.3,23.3,32.8,37.9,43.7,34.2,33.4,34.1,32.6,32.0,33.6,30.8,29.1,28.8,10.4,0.0,4.5,12.4,14.6,14.9,17.7,19.3,20.6,25.1,27.2,31.1,20.1,23.1,20.4,18.0,20.1,17.3,18.0,18.7,14.9
107.4,40.3,32.0,24.0,16.8,10.3,9.2,17.5,26.0,8.2,0.0,0.0,0.0,12.8,9.4,6.1,8.6,15.8,23.4,32.3,39.4,44.8,33.9,34.0,32.0,32.0,32.8,31.9,30.4,29.0,27.2,9.4,1.0,3.6,11.7,12.6,15.2,16.6,17.9,20.6,22.8,27.0,31.1,24.0,21.1,20.4,20.1,19.1,19.2,18.1,16.0,16.0
137.2,43.0,36.7,28.3,20.6,15.3,16.1,22.0,28.0,8.1,0.0,0.0,0.0,13.3,12.4,10.2,6.0,3.2,11.4,22.8,34.4,41.9,36.7,35.5,34.7,33.1,33.0,33.1,30.9,29.0,26.9,9.1,1.4,2.8,10.3,12.2,14.0,17.1,19.4,22.0,25.9,30.1,34.0,19.4,19.1,19.2,18.4,18.0,19.0,18.6,18.0,16.5
134.4,42.6,37.6,30.0,22.5,16.5,14.3,17.9,22.8,6.3,0.0,0.0,0.0,10.4,11.4,11.2,9.1,5.7,10.2,20.1,30.2,40.0,32.3,29.8,31.6,28.4,29.0,30.1,26.7,26.8,25.2,8.5,1.0,2.8,8.6,10.0,12.0,14.2,17.0,18.9,23.3,24.7,28.6,18.0,21.1,17.7,16.3,18.8,16.1,17.5,16.4,13.6
122.1,46.6,41.6,32.7,23.8,18.0,16.2,19.8,25.5,6.4,0.0,0.0,0.0,12.2,13.6,12.5,10.4,6.7,11.0,21.4,34.2,43.3,34.5,33.1,33.0,31.1,32.0,32.0,28.7,27.6,26.6,9.5,1.4,2.2,8.6,10.8,12.8,15.6,18.0,20.6,24.6,27.3,32.3,21.1,21.8,19.7,17.5,19.4,17.8,18.4,17.9,15.8
107.4,42.6,37.6,29.7,22.7,16.6,15.0,19.6,23.8,7.3,0.0,0.0,0.0,12.0,12.0,12.0,10.4,7.2,10.4,20.0,30.4,39.6,30.1,31.0,28.0,27.5,27.7,27.3,26.9,24.8,23.3,7.6,1.0,3.2,8.6,9.9,12.7,14.2,17.0,18.8,21.5,25.0,28.6,21.2,18.4,19.9,18.4,17.2,18.4,16.4,14.4,14.6
137.2,46.4,41.0,32.8,23.3,14.9,9.2,11.3,16.4,4.2,0.0,0.0,0.0,11.0,13.0,15.0,13.2,9.2,12.0,21.2,34.9,42.5,31.3,32.0,29.1,28.9,29.4,27.3,28.4,25.6,23.8,9.2,1.4,2.0,7.1,8.5,13.0,15.0,17.0,20.0,22.5,26.0,30.4,19.4,15.8,16.6,16.3,13.5,15.0,13.9,13.0,13.0
134.4,46.4,40.4,31.6,22.8,15.2,11.3,11.2,16.0,5.0,0.0,0.0,0.0,11.4,13.5,14.2,12.5,9.0,11.4,20.9,33.5,43.4,26.9,28.8,25.3,26.0,25.6,24.6,24.4,22.2,20.5,7.2,1.0,2.2,6.3,7.1,11.0,13.2,14.6,17.7,19.6,23.4,27.2,19.3,16.2,15.8,16.1,13.6,15.8,13.0,11.7,12.6
107.4,41.0,36.1,29.1,21.2,14.3,9.4,9.8,13.3,4.1,0.0,0.0,0.0,8.1,10.0,11.4,9.8,7.1,10.3,19.4,30.1,38.1,25.6,25.1,25.1,23.8,23.3,23.7,22.2,21.3,19.8,7.2,1.0,2.0,6.1,8.0,10.0,12.2,14.6,15.8,19.0,20.9,24.4,16.2,15.2,13.9,13.4,13.4,13.0,13.0,11.4,11.2
137.2,45.2,41.0,34.1,27.0,19.4,13.9,10.0,12.4,3.0,0.0,0.0,0.0,8.1,12.2,15.1,15.1,12.1,12.2,19.1,30.3,39.8,24.2,25.1,22.8,21.0,21.6,21.9,20.6,17.8,17.0,5.7,0.0,3.6,8.1,10.3,12.5,13.6,16.1,17.0,20.4,21.5,23.6,17.1,16.0,15.7,14.2,14.4,14.3,14.3,12.0,12.2
134.4,40.9,36.4,32.0,26.9,21.5,18.4,16.2,19.0,6.0,0.0,0.0,0.0,6.7,8.6,9.9,9.5,10.8,16.3,24.4,33.6,39.4,22.6,20.6,19.6,19.1,18.4,18.7,17.0,16.2,16.1,5.8,1.0,2.2,5.8,7.1,8.2,10.0,11.2,13.0,14.4,17.5,20.0,19.7,20.0,18.9,17.1,17.3,15.6,16.1,15.8,14.2
122.1,45.5,40.0,34.2,28.3,24.0,18.9,16.1,18.4,5.8,0.0,0.0,0.0,7.0,9.2,9.8,9.2,11.0,17.0,26.2,35.4,43.8,24.8,20.9,21.6,20.0,20.2,20.6,19.2,18.4,18.7,6.7,1.4,1.4,6.7,8.2,10.4,11.4,14.3,15.0,18.4,20.6,22.0,20.2,22.0,20.2,17.5,21.2,18.4,19.0,19.0,15.8
107.4,42.4,38.0,32.2,26.6,22.8,17.5,16.5,18.6,5.7,0.0,0.0,0.0,7.3,9.1,10.0,8.1,9.2,15.5,25.1,33.5,41.7,22.8,21.2,19.7,19.7,20.0,19.7,18.9,18.1,17.7,6.7,1.4,2.0,6.1,8.1,10.3,11.4,13.3,15.5,17.0,19.9,21.6,20.6,20.2,19.1,18.2,17.9,18.9,18.0,17.0,15.8
137.2,35.1,31.0,25.0,18.0,12.2,6.3,2.0,9.4,3.6,0.0,0.0,0.0,20.2,25.6,29.5,28.2,22.4,12.4,7.8,19.0,30.0,28.6,27.0,25.7,24.7,24.8,24.4,23.3,22.0,20.6,7.1,1.0,3.2,10.3,13.0,16.0,18.0,20.1,21.0,23.8,25.5,28.6,2.2,2.0,1.4,1.0,2.0,2.2,3.6,5.1,5.4
134.4,44.0,37.2,28.3,20.1,13.0,7.0,3.2,10.8,3.6,0.0,0.0,0.0,21.6,28.4,33.1,32.0,25.0,15.8,15.2,28.0,40.0,33.3,32.8,31.0,28.0,26.6,27.0,25.1,23.2,21.2,7.2,1.4,3.2,10.8,13.9,16.1,19.9,21.4,23.9,27.2,30.0,33.5,7.6,9.2,7.3,8.1,8.5,6.4,7.2,7.0,5.1
137.2,40.0,35.2,27.7,20.6,13.3,7.3,3.2,7.2,3.6,0.0,0.0,0.0,16.8,23.5,27.3,28.2,23.1,17.1,14.8,24.1,36.0,28.4,26.1,25.0,22.1,21.6,21.1,19.4,17.7,17.1,5.8,1.0,3.6,11.4,13.3,15.3,17.9,19.8,21.5,23.5,25.0,28.2,8.1,9.4,6.1,6.1,7.3,4.5,7.1,6.1,4.0
134.4,38.1,34.7,27.0,21.2,14.9,8.1,2.2,6.4,3.6,0.0,0.0,0.0,16.5,22.8,27.9,28.2,26.2,20.4,19.2,24.7,34.4,28.3,27.8,25.6,24.4,22.6,22.0,21.6,20.1,19.1,7.2,1.4,4.0,11.2,12.2,15.6,17.0,19.2,21.0,22.2,26.2,29.1,8.1,2.8,6.4,5.0,2.2,6.1,3.2,3.2,5.8
122.1,37.8,34.0,27.6,20.8,14.2,7.8,1.0,7.1,2.8,0.0,0.0,0.0,17.0,24.0,29.0,30.1,27.1,21.0,18.8,24.8,33.0,58.0,54.6,50.0,46.5,45.5,44.2,42.0,37.5,35.7,12.5,0.0,7.8,24.7,27.7,33.0,36.4,40.3,43.2,47.6,51.5,57.3,13.0,13.0,11.2,12.1,10.8,7.8,8.1,7.3,5.1
107.4,36.8,34.2,27.8,21.0,14.8,8.1,1.0,6.7,2.8,0.0,0.0,0.0,17.0,24.0,29.1,30.3,26.5,21.1,19.0,24.8,33.2,58.3,53.9,49.7,46.7,45.5,43.7,41.3,38.2,35.8,12.8,1.0,8.2,25.0,27.5,33.3,35.4,39.1,42.7,46.9,52.0,56.4,14.3,10.8,10.8,9.9,9.2,8.9,7.1,7.1,7.6
137.2,33.1,26.6,19.9,13.3,7.3,1.4,5.1,12.4,4.1,0.0,0.0,0.0,21.0,26.0,28.2,28.4,24.2,22.0,22.1,28.2,33.1,57.0,53.9,52.0,49.6,49.6,48.8,47.2,44.8,43.4,15.3,1.0,6.4,19.1,23.4,26.9,31.8,34.8,38.8,43.4,49.0,54.5,26.9,23.7,21.4,19.8,19.7,17.1,14.9,12.4,11.0
134.4,31.3,24.7,17.5,11.4,4.5,3.0,12.4,22.8,7.6,0.0,0.0,0.0,27.7,30.5,32.4,30.0,24.4,19.3,20.0,26.0,32.9,71.4,68.6,65.3,64.4,63.5,63.8,62.4,58.4,57.3,19.8,1.0,5.4,15.8,20.5,26.2,30.0,35.8,41.4,47.8,56.7,65.1,26.5,24.0,25.1,20.0,21.4,20.1,16.1,16.1,13.3
122.1,29.4,23.1,16.2,8.9,2.2,6.3,17.0,28.7,8.9,0.0,0.0,0.0,27.3,31.6,32.5,29.1,22.7,17.5,19.0,25.7,31.3,77.7,73.5,70.1,69.6,69.5,69.6,68.7,64.3,63.6,22.0,1.0,4.5,13.0,18.4,25.7,28.6,37.9,42.8,49.5,61.2,68.0,28.4,26.7,31.4,20.6,24.3,23.3,13.6,19.6,14.1
107.4,29.0,22.6,14.9,9.4,3.0,7.1,17.8,28.6,9.2,0.0,0.0,0.0,27.2,30.1,30.8,28.5,21.8,17.0,19.2,25.5,31.1,76.7,74.0,71.4,70.3,72.2,72.3,70.3,67.1,65.1,23.3,0.0,3.2,13.2,18.4,24.3,29.6,35.2,41.8,50.7,59.4,69.6,28.6,29.0,27.6,23.4,24.8,21.9,17.7,17.7,13.0
137.2,24.7,17.7,11.7,10.0,12.7,20.6,31.4,44.0,14.3,0.0,0.0,0.0,20.6,17.2,17.1,19.0,19.0,17.0,18.4,24.0,28.4,36.9,37.2,34.9,33.6,36.7,36.7,37.2,33.0,32.2,12.2,0.0,4.5,11.4,11.0,12.0,13.0,15.6,18.1,24.2,27.5,33.4,10.6,10.0,10.0,8.0,9.2,7.1,8.2,7.8,7.6
134.4,35.1,25.0,15.0,8.9,11.3,18.4,30.0,44.7,15.0,0.0,0.0,0.0,24.1,20.1,18.8,17.7,14.3,10.8,18.4,29.2,38.1,45.2,44.4,43.4,43.0,44.6,45.0,43.9,43.2,40.3,15.3,1.0,4.2,11.4,12.1,14.3,16.1,19.8,24.3,28.6,34.5,40.3,15.1,14.1,12.0,12.2,12.0,11.4,11.0,11.4,10.2
122.1,37.0,26.0,15.1,8.6,10.8,19.2,32.2,48.1,14.3,0.0,0.0,0.0,28.0,23.3,22.4,19.8,15.7,11.7,19.0,32.0,41.0,49.6,50.0,48.6,48.1,50.1,50.3,49.8,46.2,44.3,15.7,1.4,4.2,12.1,13.3,17.0,19.1,22.8,26.4,32.2,38.2,44.2,15.1,14.8,14.3,13.4,12.6,13.4,12.4,12.1,11.2
107.4,35.6,26.4,17.0,6.4,4.1,15.5,27.1,39.2,12.4,0.0,0.0,0.0,21.6,17.1,11.0,5.0,3.2,10.8,22.0,31.1,39.1,46.6,46.2,44.8,44.2,44.6,44.6,44.4,42.4,41.0,14.9,1.0,5.4,16.1,17.7,20.8,22.5,25.5,27.3,32.2,37.5,43.0,14.3,13.3,12.2,10.8,11.0,9.8,10.0,9.0,9.4
137.2,39.4,31.1,20.6,11.7,5.0,7.2,15.2,23.5,7.0,0.0,0.0,0.0,14.6,9.8,3.6,4.1,13.0,20.6,30.1,37.7,44.2,41.0,39.8,38.5,37.0,38.1,37.2,35.0,33.3,31.0,11.0,1.0,7.1,17.5,19.2,21.0,23.3,24.2,26.5,29.8,32.8,37.6,8.9,7.0,7.6,7.8,8.2,8.1,8.5,7.6,8.1
134.4,35.0,29.0,23.4,16.3,8.6,7.1,17.7,29.1,9.5,0.0,0.0,0.0,13.3,6.1,5.8,14.2,20.6,26.2,32.0,36.1,39.1,37.0,36.1,34.9,33.1,33.3,33.2,32.0,30.5,29.8,11.7,1.4,7.1,19.2,20.2,21.3,22.8,24.2,25.2,27.5,30.5,34.7,15.8,15.6,13.4,12.4,13.0,12.1,12.0,11.2,10.0
122.1,35.1,29.0,23.3,17.3,9.0,6.1,16.6,28.2,8.5,0.0,0.0,0.0,12.5,4.5,6.1,15.1,21.4,27.1,32.0,35.4,38.6,38.5,36.1,35.4,34.5,34.0,34.5,31.1,30.5,29.0,10.4,1.4,6.4,17.5,19.2,19.2,21.5,22.7,23.9,27.5,31.3,35.1,15.1,16.1,14.8,12.2,14.4,12.6,13.2,12.6,11.7
107.4,45.3,38.0,30.0,20.6,10.6,8.6,22.8,38.5,12.5,0.0,0.0,0.0,18.2,7.3,7.1,19.2,28.2,34.7,41.1,46.7,50.2,49.0,47.0,45.9,44.9,44.0,44.9,43.0,41.2,40.3,14.3,1.0,10.0,25.0,27.2,27.8,29.4,30.0,30.8,36.2,40.8,45.0,18.6,20.6,17.7,16.3,17.1,16.1,16.3,17.1,15.0
137.2,30.6,23.3,17.9,15.3,17.0,24.2,35.2,45.0,12.8,0.0,0.0,0.0,25.7,17.7,12.1,3.6,5.4,15.0,24.8,32.5,37.5,33.3,33.3,33.8,33.1,33.2,33.8,32.2,31.0,29.3,11.2,1.0,4.1,9.8,10.0,10.6,12.2,13.4,15.8,20.2,24.0,29.4,19.1,18.0,16.5,16.0,16.5,15.8,15.8,15.3,15.3
134.4,32.0,21.6,15.1,11.4,12.1,17.7,26.4,36.1,11.4,0.0,0.0,0.0,24.8,20.5,14.1,7.3,10.0,19.3,30.1,36.8,40.3,29.1,29.0,29.0,27.7,27.2,27.3,26.0,25.0,23.1,8.0,1.0,2.0,5.0,6.7,7.6,11.2,12.5,14.8,18.9,22.5,26.6,19.2,18.0,16.6,16.1,15.7,15.2,14.6,14.1,13.0
122.1,34.1,24.0,15.0,12.0,12.6,18.9,29.0,40.3,11.3,0.0,0.0,0.0,29.5,23.7,17.0,9.0,10.8,21.0,33.1,41.1,44.1,32.2,33.0,31.1,31.4,30.0,30.0,29.7,26.9,26.0,9.1,1.4,1.0,4.5,5.8,9.2,10.6,12.8,16.3,19.1,25.5,29.8,19.7,18.8,17.9,17.5,16.1,17.1,15.3,15.3,14.0
107.4,31.8,22.0,14.4,10.0,9.5,15.0,25.0,34.8,9.5,0.0,0.0,0.0,25.3,21.1,15.1,7.8,10.4,19.7,30.4,38.9,41.6,31.1,31.6,29.4,28.6,29.2,29.0,27.7,25.8,24.6,9.5,0.0,2.8,6.4,7.2,10.3,11.7,13.9,16.1,19.2,24.2,28.2,19.1,17.0,17.0,15.6,14.9,15.0,13.9,13.4,13.6
137.2,27.7,20.6,12.6,8.2,8.0,12.2,18.7,26.2,7.3,0.0,0.0,0.0,22.8,19.7,14.4,10.0,9.2,15.8,24.7,31.4,34.0,43.9,46.7,41.1,41.0,39.8,40.2,41.3,36.7,35.2,13.6,0.0,6.3,13.3,16.2,20.5,20.6,25.3,27.3,29.5,37.5,41.2,38.3,30.0,34.9,31.1,30.0,32.2,24.7,25.2,25.3
134.4,35.4,25.5,17.2,12.1,11.4,14.3,19.6,27.2,8.2,0.0,0.0,0.0,24.8,20.5,15.8,11.0,12.8,20.0,30.0,37.6,41.8,49.4,48.7,48.3,46.7,46.6,47.1,44.3,42.2,41.2,14.6,0.0,6.1,15.0,17.1,19.8,22.5,26.0,28.1,33.1,39.6,45.7,43.0,41.1,37.9,35.8,35.4,34.1,32.0,29.4,28.0
122.1,35.0,25.1,16.2,11.2,10.0,13.0,19.0,26.0,8.0,0.0,0.0,0.0,23.8,19.7,14.4,10.3,11.7,19.4,29.2,36.9,41.2,25.0,24.0,23.0,22.8,22.8,22.6,22.0,20.4,19.9,6.3,0.0,3.6,8.1,9.2,10.3,11.4,13.0,14.9,16.4,19.4,23.1,21.1,19.1,18.4,17.0,17.2,16.6,16.5,15.0,14.0
137.2,36.1,26.9,19.0,13.0,10.6,12.8,17.8,24.2,7.1,0.0,0.0,0.0,20.6,17.5,12.2,8.5,10.8,19.2,28.2,36.7,40.3,26.9,24.7,24.2,24.0,23.1,23.1,22.4,21.0,20.1,6.7,0.0,3.6,8.6,10.0,11.2,13.6,14.1,16.1,18.4,20.8,24.2,19.1,20.0,17.9,16.8,17.1,15.0,16.3,14.6,12.4
134.4,36.1,27.3,18.7,13.4,11.4,14.2,19.2,25.5,6.4,0.0,0.0,0.0,21.6,18.2,13.0,9.2,12.2,20.1,29.1,37.0,41.0,28.9,28.0,25.7,25.3,25.6,24.4,25.5,22.7,22.6,7.8,1.0,3.2,9.5,10.4,14.0,14.3,16.8,17.5,18.4,22.8,26.0,22.8,18.4,20.0,19.0,16.8,17.9,14.3,13.5,13.6
122.1,35.3,26.4,18.0,12.0,11.2,13.6,18.0,23.8,6.7,0.0,0.0,0.0,20.8,18.4,12.6,9.2,11.7,18.7,27.2,36.1,39.0,26.2,25.5,26.0,24.2,23.5,23.8,21.5,21.0,20.6,6.7,0.0,3.6,9.8,11.2,11.0,15.0,14.3,16.2,19.8,20.8,25.0,17.5,21.5,15.8,16.0,17.0,14.1,17.1,15.5,12.1
107.4,35.2,30.4,24.7,20.1,18.0,19.2,21.3,25.0,6.7,0.0,0.0,0.0,16.1,12.6,9.1,8.5,11.4,17.1,23.3,30.6,35.9,24.4,23.8,23.2,22.5,22.0,21.2,20.0,19.6,18.9,5.8,1.0,3.2,9.1,9.4,9.4,11.2,12.6,13.5,16.2,19.0,22.4,23.4,22.5,20.4,19.4,18.9,18.6,18.0,17.0,16.5
137.2,46.8,39.6,31.9,27.2,25.1,26.4,29.2,32.6,9.4,0.0,0.0,0.0,22.2,17.7,13.0,11.4,14.9,22.2,31.4,40.6,46.9,31.0,31.4,30.4,29.1,28.2,28.3,27.8,25.6,25.2,9.1,1.0,4.2,11.4,12.6,13.2,14.2,16.6,18.0,20.1,24.4,28.6,31.0,29.4,26.9,26.4,26.0,26.0,24.4,23.4,21.5
134.4,37.0,33.0,28.0,24.2,22.4,21.8,22.8,25.5,6.7,0.0,0.0,0.0,15.7,12.2,8.2,8.1,11.0,16.0,23.0,30.1,36.1,23.0,23.1,22.8,22.7,22.8,23.2,22.8,21.3,21.0,7.6,1.0,3.6,10.3,10.0,10.8,12.8,13.2,13.6,15.6,18.2,21.2,25.2,24.4,23.3,22.1,22.7,22.4,21.1,19.6,18.0
122.1,36.2,33.1,27.3,24.7,21.8,21.4,23.1,25.0,7.0,0.0,0.0,0.0,16.0,11.4,7.8,7.1,10.8,15.7,22.8,29.2,36.4,23.0,23.2,23.4,22.7,23.1,23.1,22.4,21.2,21.0,7.6,1.0,3.6,10.3,10.0,10.8,12.0,13.3,13.6,15.6,18.2,21.2,25.2,25.0,23.3,21.8,23.4,21.5,21.2,20.4,18.4
107.4,36.9,33.3,29.1,25.0,23.0,22.8,23.8,26.2,7.3,0.0,0.0,0.0,15.8,12.2,9.4,8.1,12.2,17.0,23.4,30.6,37.0,47.4,46.4,46.7,44.9,44.7,46.5,44.1,41.8,40.8,13.5,1.0,7.3,19.7,20.6,21.4,24.0,24.8,26.7,32.0,36.4,42.0,51.0,50.7,46.0,45.1,45.5,42.2,41.6,38.6,35.1
137.2,35.7,33.0,28.6,26.7,24.0,23.3,25.8,29.1,9.2,0.0,0.0,0.0,14.2,9.8,7.1,6.4,9.5,14.9,20.6,27.7,34.0,22.4,23.0,22.8,23.0,23.2,22.8,22.2,20.6,19.2,7.1,0.0,4.5,10.0,9.8,10.0,10.8,10.8,11.4,13.6,16.0,20.1,25.2,23.9,23.1,21.5,21.3,20.9,20.1,18.4,17.0
134.4,33.2,31.0,24.5,22.6,19.9,20.6,22.7,27.6,7.1,0.0,0.0,0.0,13.9,9.2,4.5,4.2,7.6,13.4,20.6,26.4,33.1,45.9,46.9,45.3,44.9,45.3,47.3,46.3,43.0,41.8,14.9,1.0,7.1,20.2,20.1,21.2,24.2,24.0,25.3,30.6,36.4,43.2,44.9,44.2,42.4,39.2,39.4,37.6,37.1,34.1,34.5
122.1,36.7,32.3,27.5,24.4,21.6,21.0,24.0,29.5,8.5,0.0,0.0,0.0,15.2,9.5,5.1,4.1,9.2,15.1,22.1,29.0,36.1,27.0,26.9,25.0,25.0,25.7,25.1,25.2,23.3,22.7,7.8,1.0,3.6,10.8,10.8,13.0,13.0,14.4,15.3,17.5,21.0,23.8,24.5,21.0,21.3,20.8,19.0,21.0,19.0,18.0,18.0
137.2,36.2,30.0,23.6,17.8,14.4,16.0,24.4,35.1,9.8,0.0,0.0,0.0,18.4,12.6,6.4,5.4,11.4,17.8,25.5,34.0,37.5,35.8,35.4,34.1,33.8,34.1,33.4,32.8,30.5,30.3,11.0,1.4,5.0,14.0,14.3,16.5,17.5,19.4,20.9,23.8,27.9,32.0,22.6,19.8,18.6,18.4,18.4,19.3,17.3,17.0,16.3
134.4,38.1,30.7,23.8,16.8,11.7,12.4,21.1,31.4,9.1,0.0,0.0,0.0,19.7,14.4,8.5,4.5,11.7,19.9,28.6,37.1,42.1,36.4,36.1,35.5,34.1,34.2,33.2,32.2,30.1,28.4,10.0,1.0,4.2,12.8,13.9,15.2,17.7,19.2,22.0,25.1,29.4,33.5,19.7,19.0,18.2,17.0,16.3,16.8,16.6,15.6,14.8
137.2,40.6,31.1,22.6,15.6,11.2,14.0,22.4,32.4,10.0,0.0,0.0,0.0,22.4,16.0,8.2,6.1,14.9,23.3,33.3,42.2,46.6,36.5,35.8,34.7,33.8,34.2,34.1,32.2,31.1,29.7,11.0,0.0,5.7,14.4,15.5,17.0,18.2,21.0,22.0,25.6,29.1,33.7,20.0,19.2,17.5,16.1,16.3,15.7,15.6,14.9,15.0
134.4,29.7,23.3,16.4,14.3,15.3,21.1,29.1,36.5,11.4,0.0,0.0,0.0,20.2,13.0,5.8,8.6,16.2,21.9,28.3,32.8,34.7,30.1,29.1,28.8,27.8,27.6,27.5,26.9,25.3,24.1,8.5,0.0,5.0,14.3,14.6,16.3,17.0,18.0,19.0,21.1,24.3,27.7,20.8,19.1,17.7,17.2,17.0,17.1,16.3,16.0,14.6
122.1,29.4,22.8,16.3,14.4,15.2,20.9,28.5,36.4,11.2,0.0,0.0,0.0,20.6,13.4,5.4,8.1,15.5,21.8,28.2,32.6,34.1,29.5,28.6,28.3,27.6,28.3,27.9,26.3,25.1,23.4,8.6,0.0,5.0,14.3,14.6,15.3,17.0,18.0,19.2,21.4,24.7,27.5,19.8,19.8,18.0,17.0,17.7,16.3,17.0,15.5,14.8
107.4,30.8,23.5,18.1,15.3,17.7,24.4,32.0,41.0,12.2,0.0,0.0,0.0,23.0,13.9,6.3,8.2,16.6,23.3,29.1,33.8,36.4,31.9,29.7,31.0,28.4,29.1,30.6,26.4,26.9,25.6,8.5,0.0,5.1,16.1,15.5,16.2,18.9,18.9,19.1,24.1,24.8,28.6,20.6,22.6,18.0,18.0,19.6,16.2,18.8,16.4,14.4
137.2,33.8,22.5,15.3,7.8,6.1,10.8,18.4,26.9,7.3,0.0,0.0,0.0,21.0,13.0,6.7,9.2,17.5,26.0,33.5,40.0,41.0,33.3,34.4,30.0,30.7,30.6,28.2,29.7,25.9,23.4,8.9,1.0,5.0,12.2,13.3,16.3,17.1,19.1,21.4,23.1,28.2,31.8,21.4,15.0,17.1,16.8,13.3,16.6,13.6,12.8,14.6
134.4,35.3,24.7,15.5,9.1,6.4,9.1,18.1,28.0,9.1,0.0,0.0,0.0,22.7,16.3,8.5,8.9,19.2,28.9,38.3,44.0,46.2,33.5,30.4,31.8,29.5,28.6,29.7,27.2,26.0,25.5,8.0,1.0,3.6,11.7,12.5,13.0,15.5,18.7,19.1,24.0,26.1,29.1,17.0,19.2,16.2,14.4,17.7,14.1,14.1,14.3,11.4
107.4,33.7,23.1,15.7,9.4,6.1,8.6,17.0,26.2,8.5,0.0,0.0,0.0,21.2,14.3,7.3,9.1,18.4,27.9,36.4,43.0,43.7,31.2,29.2,30.0,27.5,26.3,28.0,25.1,24.2,23.6,7.8,0.0,4.1,11.0,12.0,12.2,15.2,16.6,17.5,22.5,24.7,27.6,15.0,19.2,16.6,13.6,16.1,13.5,15.0,15.3,11.7
137.2,30.6,23.0,16.3,13.0,8.2,7.8,17.0,27.0,8.0,0.0,0.0,0.0,17.0,10.6,2.2,7.0,16.0,24.1,32.6,37.3,39.6,29.0,29.7,28.3,28.4,29.1,27.6,27.8,25.8,24.6,9.2,1.0,3.2,8.2,8.2,10.8,11.7,13.0,15.6,18.4,21.9,27.0,20.1,17.1,16.0,16.1,14.0,15.0,14.3,13.2,13.6
134.4,39.4,31.0,24.2,20.0,14.1,10.0,16.1,27.2,9.2,0.0,0.0,0.0,15.6,9.2,4.1,7.6,15.5,24.7,34.0,40.8,44.4,33.2,32.8,32.6,32.2,32.2,32.4,31.8,30.1,29.2,10.3,1.0,3.2,8.5,8.9,10.0,12.0,14.2,16.6,20.1,24.4,29.1,22.8,21.9,20.1,19.7,18.9,17.5,17.5,17.0,15.7
107.4,38.0,30.1,22.4,18.0,13.0,8.6,13.0,21.4,8.1,0.0,0.0,0.0,14.4,10.3,4.5,2.8,10.4,20.6,31.4,37.4,43.8,30.0,31.0,29.1,28.3,29.6,28.5,28.2,25.8,25.5,8.1,0.0,2.2,7.3,7.3,9.5,11.4,13.6,16.5,18.7,22.6,27.5,19.4,17.5,16.6,16.6,15.2,16.2,16.3,14.1,14.0
134.4,35.7,26.3,19.0,15.5,11.4,8.5,13.4,23.5,8.2,0.0,0.0,0.0,15.6,13.0,7.6,1.0,9.2,19.6,30.1,39.4,42.5,29.8,28.2,28.8,28.0,27.6,28.7,26.2,25.1,24.2,7.6,0.0,2.8,6.4,7.2,8.6,11.2,13.0,14.6,19.2,23.1,27.0,15.7,18.0,16.0,13.0,16.1,13.6,13.9,14.2,12.0
122.1,48.5,36.4,26.3,21.0,16.0,12.2,19.6,32.0,11.0,0.0,0.0,0.0,21.9,16.8,10.2,2.2,13.0,27.3,42.2,53.6,59.2,40.2,42.0,39.2,39.1,38.6,37.4,38.2,35.2,32.6,12.0,0.0,3.6,7.8,9.2,12.0,14.9,17.8,22.2,25.6,31.4,37.3,25.5,22.2,20.8,22.4,19.3,21.6,20.1,18.1,18.4
137.2,32.8,24.2,19.1,15.8,12.0,13.0,23.4,37.6,12.1,0.0,0.0,0.0,17.7,14.8,11.2,6.3,4.2,14.1,25.0,36.0,39.0,33.5,33.4,33.6,32.6,31.8,32.0,30.9,30.0,29.2,10.8,1.0,2.2,5.8,6.3,7.3,10.0,12.0,15.2,19.2,25.2,28.9,15.6,16.2,15.0,13.9,14.2,13.4,14.0,13.4,11.7
134.4,25.0,19.2,20.1,21.1,18.0,18.6,32.2,50.5,15.8,0.0,0.0,0.0,16.8,13.6,16.1,19.0,15.5,12.2,18.1,26.0,30.6,33.2,35.5,36.4,37.0,37.4,38.2,38.2,37.0,36.1,14.3,1.0,7.1,15.2,13.4,11.0,10.3,9.2,10.8,14.0,19.3,25.6,15.6,15.1,15.2,15.3,16.0,15.8,15.3,14.8,14.6
122.1,20.1,15.6,17.7,19.1,16.8,19.4,32.8,51.2,15.8,0.0,0.0,0.0,17.8,12.4,15.8,18.8,15.0,10.4,16.1,24.1,28.0,31.3,32.2,33.6,34.0,35.5,35.7,34.5,33.8,33.5,13.0,1.0,7.3,17.1,14.9,13.2,10.8,9.9,10.3,13.3,18.2,23.4,14.8,14.8,14.1,14.2,14.9,14.6,15.0,14.1,13.6
107.4,21.2,17.7,19.2,20.0,18.1,19.1,32.3,51.3,15.7,0.0,0.0,0.0,16.2,11.7,16.1,19.6,16.2,10.8,15.5,23.7,27.9,30.8,32.9,34.2,35.1,36.2,36.8,36.7,35.2,34.7,12.7,1.0,7.1,16.8,15.3,13.0,11.2,9.2,10.3,12.4,17.1,23.9,15.3,14.8,15.0,15.0,15.2,16.3,16.3,15.0,14.9
137.2,33.1,32.9,30.1,23.6,16.1,18.4,31.1,45.0,13.5,0.0,0.0,0.0,14.9,6.1,12.0,19.3,23.3,24.2,24.8,26.9,29.4,41.1,40.1,37.6,37.5,38.5,37.1,38.3,35.8,35.1,13.0,2.2,10.0,28.2,28.8,31.3,30.4,31.9,32.2,32.2,35.9,39.4,21.1,16.2,16.3,15.8,14.0,15.7,14.8,13.0,15.3
134.4,34.4,30.8,25.7,19.0,11.4,11.2,20.4,30.1,8.5,0.0,0.0,0.0,15.0,8.1,4.5,9.8,15.3,19.1,24.0,29.1,33.0,37.2,37.6,34.7,33.6,34.0,32.7,31.9,28.9,28.5,9.2,1.0,6.4,19.4,18.7,21.4,21.5,23.2,24.5,26.4,30.4,34.9,17.0,14.8,14.1,14.6,13.6,13.0,12.2,11.2,10.6
107.4,48.3,43.9,36.7,27.5,17.2,16.2,27.7,40.8,12.0,0.0,0.0,0.0,19.3,10.0,8.0,14.2,21.3,27.0,34.8,40.6,46.9,50.4,49.4,44.8,44.0,45.0,42.5,42.2,39.3,36.4,13.5,2.2,9.2,25.2,26.4,29.2,30.8,33.1,35.3,36.1,41.7,47.4,25.8,19.0,19.2,20.2,15.8,18.0,15.0,12.4,15.6
137.2,38.0,30.1,21.4,14.0,9.5,12.5,20.9,28.5,8.5,0.0,0.0,0.0,14.1,9.1,4.5,3.6,10.4,17.0,27.1,35.4,41.2,36.2,36.9,35.2,34.1,34.5,34.4,32.8,31.4,28.9,10.8,1.0,4.0,11.0,12.5,14.2,15.8,18.1,20.6,25.0,28.9,34.0,14.0,13.0,12.0,11.7,12.2,12.2,12.1,12.0,12.2
134.4,41.3,32.0,23.0,17.0,13.6,16.3,26.2,35.4,10.8,0.0,0.0,0.0,13.9,9.9,8.1,9.4,12.5,18.0,27.7,37.6,43.7,40.2,38.9,39.0,37.2,37.1,36.2,34.1,34.0,31.8,11.4,1.0,3.6,8.6,9.2,11.2,12.8,15.7,19.0,24.2,29.4,35.1,15.7,17.0,15.7,14.9,15.3,13.6,14.9,13.0,11.7
122.1,40.2,31.2,22.7,16.3,13.0,16.0,25.5,36.1,10.0,0.0,0.0,0.0,14.8,10.0,8.6,9.5,12.4,17.7,26.4,37.6,42.9,40.0,38.9,38.6,37.2,36.6,36.8,34.5,32.5,31.4,11.7,1.0,3.2,8.5,8.5,11.0,13.4,15.6,18.7,23.5,29.2,34.4,16.3,16.2,15.0,14.3,15.0,15.1,14.9,13.6,12.0
107.4,43.7,34.1,25.0,18.1,15.2,19.8,29.0,40.6,13.0,0.0,0.0,0.0,13.9,9.2,8.0,10.3,12.5,18.0,28.2,39.6,46.5,40.4,39.8,39.8,37.5,37.3,39.6,36.4,36.0,35.0,12.5,1.4,2.0,8.0,9.5,10.0,14.3,17.0,19.3,26.9,31.4,36.9,15.8,19.2,14.9,13.9,16.0,12.8,15.3,15.5,12.8
137.2,14.8,12.8,10.0,6.1,13.4,28.2,45.9,61.4,18.8,0.0,0.0,0.0,10.2,9.2,16.5,20.4,20.2,16.0,12.1,12.2,14.3,40.2,40.5,40.0,40.0,41.4,42.8,42.1,40.5,38.9,14.4,1.4,5.4,15.0,15.0,14.4,14.8,16.0,18.4,22.7,28.9,34.2,7.6,7.1,8.1,7.2,7.6,8.1,7.1,8.6,9.0
134.4,27.8,25.2,20.0,9.4,4.5,22.6,41.8,59.7,18.6,0.0,0.0,0.0,18.6,14.6,13.2,13.0,10.6,7.0,10.0,17.1,23.4,51.1,51.6,50.1,50.1,50.8,52.0,51.5,48.8,46.3,17.2,1.0,7.2,17.7,18.2,19.7,20.8,23.3,26.2,31.8,38.6,45.3,8.5,7.1,7.6,7.6,6.1,6.4,5.1,6.3,7.3
122.1,28.0,26.1,19.7,10.8,4.1,21.9,41.6,58.9,18.0,0.0,0.0,0.0,18.8,14.9,13.9,13.0,10.4,7.2,9.5,17.0,24.1,52.2,52.2,51.6,51.2,52.4,52.2,51.2,48.3,46.5,16.0,0.0,7.2,18.0,18.2,18.4,20.2,22.8,25.7,31.3,38.1,45.5,8.1,6.4,6.1,5.4,6.7,6.1,6.4,7.0,7.2
107.4,30.5,27.8,21.4,11.4,3.2,19.7,37.6,54.1,16.2,0.0,0.0,0.0,17.8,15.3,15.5,15.1,12.0,7.2,8.2,16.4,24.8,51.0,51.4,50.8,50.5,50.7,51.4,50.2,47.9,44.8,16.0,0.0,6.3,16.4,16.6,17.0,19.9,22.0,25.1,31.1,37.3,44.6,8.2,6.4,5.4,5.1,4.5,4.1,5.0,5.0,6.4
137.2,36.6,30.5,21.0,9.1,7.0,17.0,27.7,37.7,11.4,0.0,0.0,0.0,24.3,28.2,30.0,29.0,23.0,13.0,7.3,19.7,31.6,48.7,48.2,47.1,44.7,44.7,45.5,43.2,42.0,39.6,14.2,1.0,4.2,12.5,14.6,17.0,21.2,24.0,27.8,32.0,37.6,44.3,21.2,17.0,13.5,14.4,11.2,12.2,12.5,10.3,11.4
134.4,36.9,33.2,25.6,15.7,7.0,7.6,12.0,17.3,5.1,0.0,0.0,0.0,17.5,25.7,31.8,34.7,31.6,22.8,11.4,13.9,27.6,33.2,31.8,31.1,30.4,30.6,30.0,28.6,27.0,26.6,10.0,1.0,1.4,5.1,7.1,9.8,12.2,16.4,18.4,21.2,26.5,30.0,15.3,13.4,12.4,10.0,9.0,9.5,7.2,6.4,6.3
137.2,41.9,37.6,27.3,18.0,9.5,3.0,4.1,10.2,3.6,0.0,0.0,0.0,14.6,22.8,30.6,31.6,27.5,17.7,9.8,19.7,35.0,30.6,29.2,27.7,26.4,26.1,25.3,24.1,22.4,21.0,7.6,1.4,2.2,7.2,9.1,12.2,13.9,17.1,19.6,22.2,25.8,29.1,10.0,9.1,9.5,7.8,7.2,6.3,5.1,5.8,4.5
134.4,41.4,36.9,25.6,17.5,9.8,5.4,8.9,16.8,5.4,0.0,0.0,0.0,14.6,23.8,30.8,32.4,28.3,18.7,10.4,19.7,35.0,33.0,30.7,31.1,29.7,30.0,28.4,26.5,25.9,24.1,8.1,1.0,2.2,7.6,9.1,10.6,13.4,16.1,18.7,21.6,25.6,30.0,11.7,10.4,9.1,8.5,8.6,8.6,9.2,8.2,8.1
122.1,36.4,32.0,24.2,16.6,9.4,5.4,7.6,15.2,4.5,0.0,0.0,0.0,12.8,21.3,27.6,30.4,25.5,16.3,8.1,17.5,29.8,28.3,27.5,25.0,25.0,23.8,23.6,23.0,20.6,19.4,6.7,1.0,2.2,6.0,7.8,9.8,12.0,13.9,17.0,19.0,23.0,25.7,9.8,8.5,9.2,7.6,8.2,9.2,7.2,7.8,7.3
137.2,42.0,38.1,30.3,21.4,14.9,8.9,8.2,11.0,4.0,0.0,0.0,0.0,7.3,15.8,24.0,26.9,24.0,13.9,4.1,19.1,34.0,22.7,21.1,20.0,19.4,19.7,19.9,18.8,16.6,15.3,5.4,1.0,3.0,8.6,10.0,10.6,12.4,13.9,15.7,18.7,20.6,22.8,5.7,5.1,5.0,5.0,5.0,6.1,6.7,7.6,7.6
134.4,36.9,34.4,27.0,21.2,15.8,11.7,10.8,12.8,4.2,0.0,0.0,0.0,9.0,16.0,22.0,23.0,19.0,11.2,6.1,17.8,29.7,39.5,36.6,33.5,32.8,34.0,30.9,29.5,25.7,23.3,9.0,0.0,6.4,17.3,19.8,22.4,24.6,28.6,30.4,33.6,36.1,38.6,9.2,8.2,8.9,9.1,11.4,13.3,15.0,15.3,16.3
137.2,37.9,32.7,26.4,20.2,16.3,13.6,14.4,17.0,5.0,0.0,0.0,0.0,12.8,20.0,24.7,23.9,20.0,10.8,10.6,21.2,33.0,20.4,21.1,18.7,17.5,16.5,14.2,15.0,13.6,12.1,5.8,1.4,3.2,8.5,11.7,13.0,15.6,16.0,16.3,18.1,19.4,21.4,7.2,5.1,5.8,7.3,6.3,8.1,7.6,7.6,8.6
134.4,35.9,27.1,19.1,14.9,12.5,12.6,15.1,21.0,6.1,0.0,0.0,0.0,10.8,13.4,13.6,10.0,8.5,14.0,24.4,34.5,40.9,20.9,20.1,19.2,17.7,17.5,17.7,17.0,15.3,14.8,5.7,1.0,2.8,8.1,9.1,10.2,11.7,14.1,14.4,16.2,18.2,20.0,14.6,14.9,14.3,13.0,13.0,13.5,12.8,11.7,11.7
107.4,45.1,34.1,23.8,17.9,15.3,16.2,20.1,27.0,9.0,0.0,0.0,0.0,10.8,14.1,13.6,10.4,9.9,19.1,33.2,44.6,51.5,28.0,25.2,24.7,24.0,21.9,22.5,20.6,19.2,18.4,6.3,1.0,4.0,10.2,12.5,15.0,15.6,18.4,18.8,21.8,24.5,26.2,19.0,20.0,19.0,17.0,18.0,17.0,17.0,16.1,14.3
137.2,40.2,32.8,26.0,22.1,18.1,13.0,12.0,16.8,5.1,0.0,0.0,0.0,10.0,10.4,8.9,3.6,7.0,17.5,29.5,38.9,44.3,24.3,23.3,22.7,22.0,21.6,22.0,20.6,19.2,18.6,6.4,0.0,3.2,7.3,9.2,10.0,12.0,13.6,15.3,17.7,20.1,22.6,21.0,19.7,18.4,16.6,16.0,15.5,15.3,13.5,12.5
134.4,43.0,37.7,31.1,25.1,19.2,14.8,15.7,21.1,6.0,0.0,0.0,0.0,6.0,6.1,4.1,1.0,9.5,19.3,29.1,38.9,44.8,25.5,25.3,25.1,24.2,23.3,24.2,23.1,22.4,21.0,7.2,0.0,2.2,4.1,6.0,8.2,10.8,13.0,14.2,17.1,21.0,23.4,23.3,22.2,20.2,18.4,17.7,16.0,14.8,14.9,12.6
122.1,38.3,33.3,27.2,21.9,17.2,13.3,14.3,20.2,6.4,0.0,0.0,0.0,6.3,5.8,3.6,2.0,8.1,17.0,25.6,35.3,39.4,23.1,23.0,22.8,22.2,22.6,22.0,21.2,20.5,19.2,5.8,1.4,0.0,2.0,4.0,6.1,8.1,10.6,11.7,14.0,18.0,19.8,21.0,21.2,19.2,16.5,17.5,15.3,14.2,12.6,10.4
107.4,38.3,34.4,27.1,23.1,17.1,13.4,13.4,19.1,6.1,0.0,0.0,0.0,5.0,5.1,3.2,1.0,8.5,17.1,26.4,33.1,40.3,24.2,22.8,22.1,22.1,21.0,21.2,20.1,19.2,19.1,6.3,1.0,1.0,4.0,5.1,7.0,9.1,11.7,12.8,15.8,18.7,21.1,20.5,20.2,18.0,14.8,15.8,14.3,13.3,12.5,11.4
137.2,36.1,35.5,30.2,24.8,20.6,19.3,20.4,23.5,6.3,0.0,0.0,0.0,5.1,6.1,7.0,7.1,5.8,6.1,11.2,19.8,29.1,46.4,46.8,46.6,45.5,45.7,46.5,44.7,42.0,40.0,14.0,0.0,3.6,9.2,11.2,14.3,18.0,22.1,25.2,30.5,36.2,41.6,41.6,41.0,37.9,35.2,35.5,34.0,33.2,30.3,29.0
134.4,39.1,37.2,33.3,27.8,22.7,21.5,22.5,25.6,7.2,0.0,0.0,0.0,5.1,6.0,7.1,8.0,6.1,4.5,9.8,19.8,30.0,26.2,25.1,26.0,24.3,24.3,25.7,23.8,23.5,22.4,8.1,1.0,1.4,5.4,7.2,7.8,10.6,12.8,14.2,17.0,19.9,23.1,20.9,21.8,19.2,19.0,19.0,17.1,18.4,17.3,15.3
122.1,37.1,37.1,32.1,26.5,22.5,20.8,21.9,24.8,6.4,0.0,0.0,0.0,5.8,7.6,8.5,9.8,7.2,4.1,9.2,18.0,29.6,25.1,23.7,25.6,24.0,24.0,25.5,21.6,22.1,20.9,6.7,1.4,1.4,6.0,7.3,7.3,10.4,12.1,13.0,17.7,18.6,22.7,20.2,23.0,17.5,17.7,19.3,16.5,19.2,16.8,15.3
107.4,42.1,41.1,35.7,29.8,24.1,22.4,24.0,26.9,7.1,0.0,0.0,0.0,6.4,7.6,8.9,9.4,7.8,4.0,9.2,20.0,32.6,28.6,28.4,27.6,26.9,27.6,27.6,26.2,25.5,24.4,8.9,1.0,3.0,7.0,9.1,11.2,13.3,14.6,15.8,20.1,22.5,26.1,22.0,21.6,20.6,19.1,19.8,19.1,18.4,17.0,16.3
130.0,23.0,21.6,20.8,19.2,18.4,17.7,17.7,17.0,16.3,15.6,14.9,12.7,13.5,0.0,0.0,0.0,0.0,0.0,20.5,20.6,20.8,22.2,23.0,24.2,24.2,24.2,23.3,23.3,23.0,23.0,23.9,16.0,43.0,41.1,41.1,38.2,33.7,34.5,35.4,33.2,32.0,29.1,25.0,25.3,25.0,24.5,2.2,3.0,3.6,35.2,38.5
137.2,36.8,33.5,27.7,22.1,18.0,18.8,24.2,30.5,8.6,0.0,0.0,0.0,11.4,9.0,7.6,7.8,9.2,14.0,20.1,27.5,34.5,29.0,27.7,28.2,26.9,27.8,28.7,26.6,25.7,24.2,8.1,0.0,5.0,12.2,12.8,13.0,15.3,16.0,17.1,20.6,23.0,25.6,24.4,24.3,22.0,21.2,20.6,19.2,18.4,17.2,16.6
134.4,38.0,33.1,26.1,21.0,15.8,16.3,23.3,30.5,8.9,0.0,0.0,0.0,11.4,9.1,8.5,11.7,17.1,22.1,28.2,34.1,39.1,29.7,31.3,29.3,30.0,30.1,29.2,29.8,27.0,25.8,10.0,1.0,4.2,10.8,11.2,13.0,13.6,15.3,17.5,18.2,23.1,27.7,28.6,24.6,24.8,25.0,20.9,23.1,20.0,18.0,18.0
122.1,32.6,27.2,22.2,17.0,13.4,15.0,20.9,27.5,8.5,0.0,0.0,0.0,10.8,8.1,8.1,10.8,14.9,19.8,24.8,30.4,33.9,52.0,51.5,51.6,51.4,52.0,52.0,50.8,47.5,46.1,16.6,1.4,7.0,20.4,20.1,22.7,25.1,27.1,30.4,34.2,40.8,46.9,48.1,45.4,42.4,39.8,39.1,37.8,35.3,33.0,30.1
137.2,30.4,25.6,20.2,15.0,10.0,8.5,15.6,23.9,7.8,0.0,0.0,0.0,11.4,10.0,13.9,19.8,25.6,30.5,33.9,36.1,37.5,54.6,56.9,53.2,52.0,52.6,53.0,52.6,48.8,47.3,16.3,2.0,8.2,25.0,25.0,28.3,31.3,32.2,35.1,36.8,43.0,50.0,51.3,44.0,42.5,41.4,36.4,35.7,32.0,26.9,25.9
134.4,33.6,30.2,25.8,19.4,11.2,4.2,13.0,23.6,7.8,0.0,0.0,0.0,12.8,11.0,15.2,22.2,29.2,33.3,37.1,39.0,39.4,29.1,31.4,27.3,27.2,28.8,27.0,28.6,26.0,23.2,9.1,2.2,5.1,14.0,14.3,18.6,17.9,18.4,21.8,21.2,25.6,30.0,28.7,19.9,19.2,21.6,13.9,19.0,16.0,12.0,17.0
122.1,29.8,25.8,21.6,17.2,9.9,3.6,12.0,21.6,7.3,0.0,0.0,0.0,11.2,10.2,13.5,20.0,25.0,28.4,32.5,34.0,34.0,55.9,49.2,52.2,51.3,49.2,53.5,48.3,45.1,46.1,15.8,1.0,9.1,27.5,29.7,27.2,31.4,34.1,33.5,41.4,45.3,48.7,34.5,42.4,37.6,29.1,35.8,28.4,29.5,32.2,23.3
107.4,33.1,30.0,25.6,20.1,11.7,4.2,13.0,24.1,8.5,0.0,0.0,0.0,12.8,11.4,14.6,21.5,27.8,31.3,35.5,37.9,37.9,30.0,28.9,28.3,28.3,27.8,28.8,28.1,26.7,25.9,9.4,0.0,6.1,15.8,16.4,16.6,18.4,19.2,19.4,22.0,25.0,27.9,22.1,22.6,20.2,18.4,19.2,17.1,17.0,16.3,13.9
137.2,32.8,30.7,27.5,22.8,16.0,10.6,16.1,26.0,8.1,0.0,0.0,0.0,12.0,10.8,14.9,22.1,28.0,32.0,34.1,36.1,36.0,27.9,27.2,27.5,26.4,26.2,26.9,25.8,23.9,23.1,8.2,1.0,6.0,16.0,16.6,17.7,19.0,19.1,19.4,21.0,23.1,26.1,24.7,25.0,22.8,21.0,21.9,20.5,19.3,18.0,17.1
134.4,28.8,27.3,24.7,21.0,15.3,11.7,16.5,25.0,8.0,0.0,0.0,0.0,11.0,9.9,15.1,22.0,28.1,31.0,33.0,33.0,33.1,26.0,26.4,25.6,24.5,24.5,23.3,23.4,21.2,20.0,7.0,1.0,5.1,14.9,14.2,15.7,16.0,17.0,17.2,18.0,21.0,24.4,25.6,23.6,21.4,21.4,19.2,19.2,18.1,15.8,15.8
137.2,22.5,21.2,20.0,17.3,12.5,10.2,17.5,26.9,8.5,0.0,0.0,0.0,10.0,9.1,17.0,25.6,30.0,32.6,33.2,31.8,28.4,48.5,44.7,46.3,46.1,44.9,47.0,43.0,40.0,40.2,14.3,1.0,11.2,31.4,31.4,31.0,33.1,33.8,32.8,37.0,39.7,42.5,42.6,45.7,41.8,35.5,39.6,34.4,34.1,33.5,27.7
134.4,23.0,22.8,21.4,19.1,13.4,10.8,17.5,28.3,8.1,0.0,0.0,0.0,10.2,11.7,21.4,30.7,36.1,38.3,37.9,34.5,29.8,25.5,24.5,24.4,23.4,22.4,22.8,21.9,20.6,20.0,6.3,1.4,6.1,16.2,16.3,16.5,16.5,17.0,17.3,18.4,21.0,23.1,26.5,24.7,21.9,19.9,19.6,18.4,16.8,16.3,15.8
137.2,22.0,21.9,21.2,18.6,13.0,9.4,16.8,25.0,7.1,0.0,0.0,0.0,10.0,11.7,19.1,27.0,31.1,32.1,32.0,30.0,25.0,21.5,23.3,20.4,19.8,21.6,19.6,20.6,20.2,19.0,7.1,1.0,5.4,14.1,13.3,15.6,15.0,15.2,17.0,17.1,19.2,22.6,25.6,21.1,20.5,19.9,17.1,19.2,16.8,15.8,16.4
134.4,26.4,26.4,24.6,20.9,15.0,12.8,18.0,25.7,7.3,0.0,0.0,0.0,14.8,16.1,21.6,27.0,30.0,30.0,29.0,27.0,27.3,49.4,48.0,45.8,43.9,44.4,43.4,41.6,39.1,38.1,13.5,2.0,13.0,33.4,33.6,34.9,35.4,35.4,35.9,38.5,42.1,46.4,50.7,48.3,44.4,41.1,40.0,38.0,36.7,34.7,33.1
122.1,27.3,27.1,25.2,21.6,16.4,14.1,19.7,27.7,7.8,0.0,0.0,0.0,16.1,17.5,23.4,28.0,30.5,31.6,30.8,29.2,28.2,50.2,48.8,48.7,45.5,45.5,47.1,45.2,42.4,39.8,13.2,1.4,14.2,34.9,36.1,36.6,38.9,37.0,37.2,40.8,44.9,46.2,53.5,50.2,48.3,45.2,41.6,38.4,36.4,35.4,34.4
107.4,26.6,26.2,25.0,20.1,15.1,13.5,19.4,27.0,8.1,0.0,0.0,0.0,14.4,15.7,22.2,26.0,29.2,29.2,28.2,27.3,26.2,49.2,48.1,45.8,44.8,45.4,45.6,44.3,42.0,40.2,15.0,3.0,12.0,33.5,34.2,36.4,36.7,36.8,37.9,40.7,43.4,47.2,51.5,49.0,45.3,42.9,42.5,41.0,39.8,36.6,34.4
137.2,30.1,30.1,27.7,23.0,17.9,16.3,21.9,29.2,7.2,0.0,0.0,0.0,19.0,21.0,25.5,27.7,27.8,26.4,24.7,24.8,26.9,53.3,52.5,49.2,49.2,45.5,44.4,45.2,43.3,39.6,15.0,2.2,14.1,35.8,37.0,38.2,42.5,40.7,40.0,42.5,48.1,53.3,55.5,55.9,52.6,48.1,46.1,46.1,45.3,40.7,37.7
134.4,28.0,29.0,26.1,21.8,17.0,16.3,22.1,28.2,8.1,0.0,0.0,0.0,19.1,21.6,24.6,26.4,27.0,24.1,23.3,22.0,23.8,48.8,47.4,48.0,44.8,43.7,45.9,41.1,39.6,37.5,11.7,2.2,12.0,35.0,36.1,36.7,40.5,38.0,38.0,41.5,43.0,48.0,55.9,56.0,48.8,45.9,46.0,40.0,40.9,37.5,32.6
122.1,25.3,26.5,24.1,20.2,15.7,13.9,18.2,22.8,6.3,0.0,0.0,0.0,15.1,17.9,21.4,22.6,23.4,22.2,20.2,20.2,21.1,44.6,43.6,40.2,38.5,37.2,37.8,36.8,34.5,33.0,12.0,1.0,11.2,30.8,32.0,32.6,33.4,33.5,33.5,35.5,38.9,43.1,50.6,45.3,43.2,39.8,39.3,37.4,35.4,33.0,30.8
107.4,29.0,30.0,28.1,23.8,17.8,16.5,21.8,28.2,8.1,0.0,0.0,0.0,19.0,22.1,25.9,27.2,27.7,25.5,23.4,22.8,24.7,50.6,48.8,47.9,45.4,44.0,44.3,40.8,39.1,37.7,13.2,2.0,13.3,35.8,36.6,38.1,39.4,38.9,39.3,41.7,44.1,48.0,57.6,55.3,49.7,46.6,44.9,41.1,40.4,37.9,34.7
137.2,26.4,27.7,25.6,21.2,16.5,15.0,19.2,25.1,8.1,0.0,0.0,0.0,17.5,19.7,23.3,24.2,24.4,22.5,20.6,19.2,21.4,44.8,42.5,41.1,39.6,40.4,39.9,38.3,34.5,33.5,12.5,2.8,10.6,31.4,31.3,34.0,34.1,36.1,37.6,38.1,40.7,43.4,52.0,49.6,46.6,42.7,42.2,40.1,38.5,33.8,32.1
134.4,31.8,33.0,31.4,26.0,19.7,17.0,21.1,28.2,8.9,0.0,0.0,0.0,20.1,22.8,26.6,28.3,29.0,26.2,24.4,23.8,26.0,25.1,25.0,23.6,23.0,23.6,23.4,22.4,20.5,19.0,6.1,2.2,5.4,18.1,18.8,19.7,21.0,21.4,20.9,22.5,23.3,24.7,30.6,29.3,27.7,24.6,24.2,22.7,20.9,19.6,17.7
122.1,31.9,34.1,31.3,26.9,20.0,17.0,21.4,28.0,8.0,0.0,0.0,0.0,20.2,22.7,26.9,29.4,29.1,27.2,25.7,24.0,26.9,51.7,48.7,50.6,45.2,47.1,46.9,40.6,40.9,39.7,11.4,2.2,12.7,38.6,38.0,39.1,41.6,40.8,40.4,45.0,43.8,48.7,59.9,61.4,51.0,47.4,50.0,41.4,44.4,40.4,34.5
107.4,32.1,34.0,31.3,26.2,19.2,15.5,20.1,27.7,8.5,0.0,0.0,0.0,18.4,22.1,25.3,27.7,27.8,25.2,24.1,23.6,25.3,26.2,24.4,23.1,22.8,23.3,23.0,22.0,20.6,20.0,7.1,2.2,6.0,17.7,17.7,19.2,20.1,21.0,21.2,21.9,24.1,25.8,29.7,27.7,26.9,25.2,24.2,24.2,22.0,19.7,18.4
137.2,29.1,30.1,28.0,23.2,14.8,11.0,19.1,29.4,9.4,0.0,0.0,0.0,18.0,18.8,22.7,25.6,26.6,26.1,26.1,25.1,25.7,54.1,51.9,50.2,48.5,48.8,49.6,46.9,45.1,43.4,15.5,3.2,12.2,37.0,37.3,39.6,40.5,41.3,41.6,43.9,47.4,52.0,51.0,50.0,45.6,42.4,42.7,40.0,39.4,36.1,33.8
134.4,24.8,25.5,24.8,19.7,13.3,10.6,19.0,28.9,9.2,0.0,0.0,0.0,17.2,17.0,20.2,23.0,24.2,24.3,24.3,23.5,23.8,50.9,50.3,48.1,47.0,48.2,47.5,46.2,43.0,42.0,15.3,2.0,13.0,36.3,36.2,37.5,38.9,39.1,39.6,41.0,43.4,47.9,46.2,44.7,41.6,39.1,38.6,37.8,35.2,32.3,31.0
122.1,25.5,26.7,24.3,20.0,13.0,10.0,19.2,27.8,8.6,0.0,0.0,0.0,16.3,17.2,19.4,22.4,24.7,24.4,24.7,23.1,24.2,50.2,47.8,48.8,46.5,46.0,47.9,43.9,43.0,42.0,14.0,2.0,12.1,35.4,35.6,36.1,39.0,38.0,38.4,42.8,43.7,48.1,42.9,45.9,39.5,37.5,39.4,33.5,35.4,34.0,29.2
107.4,25.5,26.2,24.0,20.0,13.3,9.9,18.0,27.9,8.5,0.0,0.0,0.0,16.3,17.1,19.0,22.6,24.0,24.0,24.0,23.4,23.3,24.6,23.4,23.8,22.4,22.0,23.6,20.9,21.0,19.9,6.7,1.4,5.4,16.2,17.0,17.1,19.8,18.8,19.0,21.5,22.5,24.5,21.0,22.8,19.2,17.7,18.0,16.2,17.0,16.1,14.1
137.2,29.2,29.7,27.8,22.8,17.0,14.2,19.6,27.0,8.0,0.0,0.0,0.0,18.9,18.6,20.6,22.2,23.0,24.0,24.0,25.3,27.5,26.6,25.0,24.1,22.8,23.3,23.0,22.5,21.3,21.2,8.1,2.0,5.4,17.0,16.2,17.2,18.1,18.8,19.7,21.0,23.0,25.6,26.1,24.2,23.7,22.0,21.6,21.5,21.0,19.7,19.8
134.4,26.7,27.3,26.5,23.4,18.6,14.9,17.7,24.4,7.8,0.0,0.0,0.0,16.5,17.3,19.2,22.0,23.3,23.3,23.3,24.2,25.1,43.0,42.6,43.0,42.0,41.3,42.0,40.0,37.6,36.0,12.4,2.0,10.0,30.1,30.5,31.4,33.1,33.1,33.2,34.7,37.0,40.5,50.2,49.3,44.8,42.2,42.4,39.2,38.1,35.3,32.4
122.1,27.0,28.0,26.0,23.2,17.5,14.4,17.3,23.3,7.2,0.0,0.0,0.0,15.3,15.5,18.0,21.3,22.2,22.2,23.0,23.3,24.4,42.5,43.4,38.6,40.0,40.6,39.4,41.2,38.4,36.2,14.6,2.0,10.8,28.2,29.2,31.4,31.1,32.0,33.4,33.5,38.5,42.4,52.2,44.0,46.5,43.9,39.0,43.9,38.0,34.1,36.2
107.4,30.4,31.4,30.5,26.9,21.2,17.3,19.7,27.6,9.2,0.0,0.0,0.0,18.4,19.1,22.4,24.2,26.4,26.9,26.9,27.8,28.3,48.4,46.2,49.0,46.6,44.8,48.1,42.4,41.8,39.8,13.4,2.0,11.4,33.1,34.4,34.2,38.6,36.7,36.1,40.2,40.8,46.0,52.8,58.2,49.5,47.0,48.8,41.7,43.7,43.6,35.3
137.2,27.5,26.2,23.1,20.6,15.0,12.0,17.1,24.3,8.2,0.0,0.0,0.0,14.3,13.5,15.8,21.0,25.0,27.0,30.1,30.1,31.0,47.0,46.0,46.5,46.6,46.7,45.6,44.3,39.4,39.0,13.3,2.0,10.3,27.7,27.3,29.1,30.8,32.0,32.3,35.5,37.2,43.8,46.8,50.0,45.4,42.0,42.0,39.8,40.0,35.5,33.6
134.4,30.6,28.3,26.1,22.0,17.2,14.0,17.0,25.2,6.7,0.0,0.0,0.0,14.9,14.1,18.0,22.5,26.4,29.2,30.8,32.2,31.9,51.0,48.2,49.2,47.1,46.9,48.9,45.7,44.0,43.8,15.6,2.2,10.2,30.5,30.8,31.1,34.0,34.1,35.0,40.0,42.4,47.8,50.1,51.6,46.5,43.4,45.8,41.1,42.5,41.0,36.1
122.1,29.4,28.2,26.0,21.8,17.0,14.2,18.4,26.0,7.1,0.0,0.0,0.0,15.3,14.1,18.0,23.1,26.0,29.0,31.0,32.0,31.1,25.0,26.0,23.0,23.3,24.3,23.0,24.2,23.0,21.2,8.9,1.4,5.1,14.9,14.9,16.3,17.1,17.8,19.0,18.9,22.8,24.7,27.2,23.3,24.2,23.4,21.1,23.1,21.8,19.8,20.2
137.2,30.1,29.5,26.8,22.1,16.0,14.1,19.1,27.2,8.1,0.0,0.0,0.0,12.2,12.0,17.7,23.0,27.0,29.0,31.0,30.0,30.6,53.1,55.1,48.5,48.1,50.3,48.1,49.2,44.7,42.7,15.1,1.4,12.1,30.6,30.5,34.0,33.6,35.8,38.0,38.6,45.7,50.6,57.4,46.3,48.5,45.0,41.0,43.8,37.7,34.9,37.5
134.4,31.1,30.4,28.4,24.0,16.8,13.0,19.9,28.7,8.1,0.0,0.0,0.0,10.3,9.8,15.6,22.8,26.8,29.1,30.0,30.1,30.8,57.5,55.9,54.9,53.5,53.4,53.2,50.2,47.5,46.0,14.8,2.2,10.3,30.0,30.2,31.6,34.7,36.6,38.6,43.1,47.9,53.8,50.4,49.4,45.7,41.5,41.4,40.0,38.6,37.2,34.9
122.1,31.2,31.1,28.8,23.3,16.1,13.0,20.1,29.1,8.2,0.0,0.0,0.0,10.4,9.8,16.1,21.8,26.6,28.8,29.7,30.5,31.1,29.2,28.6,27.7,26.3,26.4,26.9,26.0,24.2,23.1,8.2,1.4,5.1,15.0,15.5,17.0,18.4,19.2,20.6,21.3,25.1,28.0,26.2,23.3,22.8,21.1,20.2,20.6,18.4,18.4,18.8
137.2,32.2,33.0,29.7,24.2,16.0,12.8,20.0,29.8,8.5,0.0,0.0,0.0,11.2,10.0,15.2,21.4,25.3,26.3,27.2,28.0,28.9,29.4,29.4,25.7,25.8,27.8,23.4,25.2,23.1,21.9,8.1,1.0,6.4,16.4,15.3,19.2,17.7,20.2,22.2,21.6,25.2,28.4,27.9,20.5,21.8,21.2,18.4,22.6,18.4,17.3,20.0
134.4,33.1,33.1,31.1,25.3,17.9,13.6,20.9,27.8,8.6,0.0,0.0,0.0,9.2,8.1,15.6,19.8,27.6,28.3,29.2,28.0,32.2,30.2,28.6,28.9,28.0,27.5,26.3,23.8,22.4,21.9,7.8,1.0,5.1,14.0,13.9,14.1,15.2,17.0,18.4,22.4,25.0,27.9,26.0,26.1,22.5,20.2,20.4,20.6,20.9,20.1,18.2
107.4,32.4,31.8,28.7,24.2,17.2,15.3,22.7,30.0,10.0,0.0,0.0,0.0,9.5,8.5,14.1,19.9,24.7,27.3,30.0,30.9,32.8,58.8,58.2,56.1,55.0,55.9,54.6,52.8,48.5,47.2,17.5,1.4,10.0,27.7,28.7,31.4,32.3,34.4,38.3,41.7,47.3,54.4,54.5,50.5,47.5,45.5,43.1,43.0,41.8,38.1,37.1
137.2,34.0,33.1,29.1,24.1,17.5,15.7,22.2,30.4,9.2,0.0,0.0,0.0,9.2,9.2,14.1,20.8,24.7,28.3,30.5,32.2,33.5,29.3,30.0,27.2,27.9,28.2,26.4,27.0,23.9,23.4,7.6,1.0,5.0,13.4,13.3,15.3,15.0,17.5,19.1,20.2,24.0,27.5,28.8,24.7,24.5,22.8,20.8,21.6,20.0,17.5,18.6
134.4,31.1,29.5,26.4,22.2,16.4,14.0,17.9,24.2,7.1,0.0,0.0,0.0,8.5,8.1,10.0,14.9,17.9,21.5,24.7,28.6,30.4,49.7,48.5,47.2,47.0,47.0,47.5,45.3,42.5,41.9,14.4,2.0,6.7,21.1,23.3,25.1,27.9,30.6,32.6,36.4,40.6,45.4,49.8,49.2,44.8,41.8,42.2,39.8,38.6,35.2,32.4
122.1,37.2,34.5,31.4,25.3,20.1,16.6,21.6,28.5,8.2,0.0,0.0,0.0,10.4,9.8,13.0,17.1,21.6,25.2,29.0,33.0,36.2,27.0,29.7,26.5,26.6,27.7,27.1,27.9,24.8,23.9,9.4,1.0,4.2,12.2,12.6,16.3,16.3,17.9,20.1,20.0,24.2,27.2,31.0,26.9,26.6,25.7,22.1,24.8,21.6,19.0,20.6
137.2,35.4,32.6,28.3,23.3,18.4,15.0,19.8,26.2,8.1,0.0,0.0,0.0,9.4,9.5,13.2,19.2,24.2,29.1,33.1,36.2,37.4,27.6,24.3,26.8,25.6,26.5,27.6,24.7,23.5,24.0,7.2,1.4,3.2,10.0,11.0,11.7,14.3,15.8,16.4,20.0,21.2,23.3,27.0,30.9,26.9,23.5,27.6,22.1,21.9,20.5,16.1
134.4,36.0,31.1,27.2,22.1,16.3,13.5,18.4,26.0,7.0,0.0,0.0,0.0,9.5,7.6,11.2,17.5,23.2,28.6,33.0,37.9,39.6,28.9,24.7,26.9,26.7,26.0,27.6,25.3,24.0,24.6,9.2,1.4,3.2,9.4,10.4,10.4,13.5,15.3,16.2,20.8,24.0,24.6,24.2,28.4,25.3,21.9,23.4,20.9,22.1,21.6,16.6
122.1,36.2,31.9,27.3,22.5,17.0,13.6,18.0,24.7,7.2,0.0,0.0,0.0,9.4,7.3,11.7,17.8,24.1,29.1,33.4,37.8,39.7,53.0,57.3,51.2,51.7,52.4,50.0,51.4,48.0,44.7,16.6,2.0,7.8,19.3,20.0,24.1,25.7,27.9,34.4,36.0,43.8,51.9,60.3,51.9,49.4,49.5,41.4,45.3,41.1,36.4,38.1
107.4,35.9,30.7,26.0,21.2,16.1,13.4,17.5,24.4,7.3,0.0,0.0,0.0,9.1,7.2,10.2,16.0,22.1,27.1,32.0,37.0,39.1,26.1,28.0,24.4,24.2,26.2,25.1,25.6,24.3,23.3,8.5,1.4,3.2,8.6,8.9,12.2,13.5,14.6,17.7,17.7,21.8,25.5,30.4,24.4,24.0,24.2,21.3,23.4,20.1,17.0,18.4
137.2,40.5,35.1,26.2,17.0,11.7,16.8,26.2,35.2,11.2,0.0,0.0,0.0,17.1,15.3,12.1,9.2,11.0,17.5,25.3,33.8,41.8,40.3,38.6,39.1,36.2,36.1,38.0,34.0,33.0,31.1,11.0,1.0,6.1,17.0,19.1,19.4,22.1,23.1,25.1,30.5,33.6,36.7,22.0,24.8,20.6,19.2,21.0,19.0,19.9,18.0,17.0
134.4,44.9,38.9,29.2,20.2,13.4,16.5,24.7,32.0,9.2,0.0,0.0,0.0,14.4,15.0,13.5,10.6,7.0,11.3,20.1,32.3,42.4,40.5,39.7,38.2,36.4,36.4,36.0,34.2,32.0,29.5,10.2,1.0,5.1,14.0,16.3,18.4,21.4,22.7,25.1,29.7,33.5,37.1,20.1,20.6,19.2,19.2,18.4,17.0,17.7,16.4,15.0
107.4,43.7,38.5,29.2,20.1,12.8,16.5,24.1,31.3,9.2,0.0,0.0,0.0,14.3,15.2,13.9,11.4,7.6,10.8,20.0,31.1,41.4,40.0,38.1,37.7,36.0,35.7,35.2,33.0,32.3,30.1,10.3,0.0,5.4,14.8,16.3,18.6,20.6,22.4,25.0,28.6,32.3,36.6,20.2,20.2,19.1,18.0,18.0,16.6,17.0,15.8,14.0
137.2,40.2,37.1,30.0,22.2,16.6,15.8,19.9,24.0,7.3,0.0,0.0,0.0,10.6,12.7,13.5,13.0,10.2,9.4,15.2,25.2,35.0,30.4,29.1,29.2,27.2,27.8,27.3,26.0,24.2,23.1,8.5,1.4,2.0,7.3,8.5,11.2,12.5,15.3,17.2,20.0,24.2,27.7,20.2,19.7,17.9,16.6,17.1,16.8,16.1,15.0,14.1
134.4,42.0,39.2,31.9,24.8,18.8,16.0,19.3,22.8,6.7,0.0,0.0,0.0,10.2,11.4,13.0,13.0,11.7,13.0,18.8,27.7,38.2,28.9,27.2,27.0,25.7,26.6,26.8,24.2,23.9,22.2,7.2,1.0,1.4,5.1,7.0,9.2,11.4,13.4,15.8,19.1,22.5,25.9,21.6,22.0,19.3,19.1,20.0,17.0,17.5,16.5,14.9
122.1,40.8,37.4,31.6,24.1,18.2,15.6,18.4,21.5,6.3,0.0,0.0,0.0,9.8,10.8,12.4,13.0,11.7,12.2,18.2,27.1,36.7,27.5,26.5,27.0,25.5,26.2,26.4,24.2,23.9,22.2,7.2,1.0,1.4,5.8,7.3,9.0,12.0,13.6,15.2,18.6,22.0,25.2,21.3,22.2,19.2,18.4,19.1,17.0,17.5,16.5,14.9
107.4,39.4,36.8,29.7,23.3,17.0,15.3,17.2,21.1,5.8,0.0,0.0,0.0,9.5,10.4,12.2,12.0,10.3,11.2,18.0,26.5,35.7,26.6,25.5,24.7,25.1,25.7,23.2,23.0,21.1,20.1,7.1,1.0,2.0,5.8,6.4,9.2,9.8,12.6,16.3,18.0,21.6,24.6,21.4,19.3,18.6,17.0,16.4,17.5,16.2,15.3,15.1
137.2,44.4,39.5,32.6,26.9,20.6,16.4,15.3,19.0,6.3,0.0,0.0,0.0,7.3,9.8,11.7,11.2,10.8,14.2,21.5,32.0,40.6,23.0,21.9,22.0,21.6,21.4,20.2,19.4,18.4,17.1,5.1,1.0,1.4,4.5,6.1,7.1,8.9,10.6,12.6,15.1,18.9,21.6,21.3,20.6,19.0,17.5,16.1,16.0,13.9,13.5,12.4
134.4,44.6,40.4,34.1,27.2,21.6,16.6,15.0,17.3,5.1,0.0,0.0,0.0,5.8,9.2,11.2,11.7,9.2,10.0,18.4,30.0,39.7,22.4,21.3,19.9,20.1,20.1,19.8,17.9,17.3,16.1,5.1,1.4,1.4,4.2,6.4,7.6,9.1,11.2,13.4,14.9,18.0,20.0,20.1,19.1,18.0,17.0,15.8,14.0,13.4,12.8,11.4
137.2,42.8,39.3,33.5,26.6,20.6,15.8,13.6,15.5,4.1,0.0,0.0,0.0,6.4,10.6,14.2,13.9,11.4,10.3,17.0,28.2,39.1,19.3,19.2,18.2,18.0,18.4,18.0,18.0,17.0,17.0,6.4,1.0,2.0,7.1,9.1,10.8,12.0,13.4,15.0,15.2,17.7,19.4,20.0,18.2,17.9,17.8,16.1,17.1,15.6,13.6,14.0
134.4,40.8,36.7,31.0,25.3,20.6,17.2,16.6,18.7,6.1,0.0,0.0,0.0,6.4,11.2,13.4,13.3,13.2,14.2,20.6,29.4,38.1,17.5,19.2,18.0,17.0,18.4,16.8,16.3,15.0,13.4,4.2,1.0,2.2,6.7,8.0,9.8,10.8,12.0,13.4,13.9,15.3,18.0,22.0,19.9,19.7,18.8,17.5,18.0,15.0,13.5,14.1
122.1,41.4,37.0,31.9,26.2,21.3,17.0,16.1,17.3,5.1,0.0,0.0,0.0,5.4,8.9,12.2,12.8,11.4,13.6,20.8,29.7,38.3,19.4,18.0,17.1,16.1,17.3,17.0,16.3,15.2,15.6,5.8,1.0,1.4,6.3,6.3,7.8,9.1,11.2,13.0,15.1,17.0,19.6,21.1,19.0,17.7,17.0,17.0,18.2,17.0,15.7,15.1
107.4,38.9,35.4,29.8,25.0,20.2,16.8,16.0,18.4,5.0,0.0,0.0,0.0,6.1,9.5,12.5,12.8,11.2,13.0,20.1,28.6,36.9,36.2,35.0,34.1,33.4,33.6,34.0,32.6,29.7,28.4,9.1,1.4,3.2,11.2,13.9,16.4,20.1,22.4,25.1,28.4,31.9,34.1,40.5,39.9,36.7,34.8,36.2,34.5,31.9,29.0,27.0
137.2,37.1,31.8,26.5,23.5,20.9,18.0,17.5,21.2,7.0,0.0,0.0,0.0,13.9,19.7,21.9,20.2,15.0,13.0,20.1,29.4,37.4,21.9,21.0,18.4,17.9,17.9,16.6,16.4,14.9,14.4,5.0,0.0,3.6,9.5,10.2,12.0,13.0,15.3,16.5,17.5,18.7,21.2,14.0,12.0,12.0,13.0,12.2,12.2,12.2,11.2,11.0
134.4,33.5,29.2,23.9,18.6,13.6,8.5,3.6,10.0,4.1,0.0,0.0,0.0,18.4,24.0,28.6,28.3,24.2,19.3,19.1,26.1,32.6,55.6,52.4,48.6,45.2,44.0,43.1,40.0,37.1,33.2,11.7,2.0,6.7,21.1,24.7,29.2,33.2,36.4,39.8,43.3,49.1,53.9,9.4,13.9,10.8,10.0,11.4,7.0,8.5,8.6,6.3
122.1,30.8,26.0,21.2,17.1,13.0,7.2,4.1,9.2,4.1,0.0,0.0,0.0,17.7,22.8,26.1,25.6,22.8,17.8,17.5,22.8,29.4,50.3,45.6,43.9,40.5,38.6,38.0,35.4,33.1,30.4,10.3,1.4,7.0,19.7,23.6,25.6,31.8,33.5,36.0,39.3,44.9,49.2,9.5,13.5,8.5,9.2,10.0,5.1,8.1,7.8,5.7
107.4,36.1,31.1,24.8,20.6,15.0,9.4,2.8,9.4,3.6,0.0,0.0,0.0,21.5,27.2,30.4,30.1,27.2,22.8,22.5,28.3,36.1,60.0,56.4,52.2,49.0,46.6,45.8,43.2,38.4,35.3,12.4,1.0,8.1,22.8,27.3,32.0,36.1,39.7,43.4,48.7,53.9,59.7,16.0,14.0,13.2,12.4,11.7,11.2,10.6,10.6,9.8
137.2,31.1,24.3,17.5,12.2,9.1,6.4,5.0,9.2,2.8,0.0,0.0,0.0,15.0,20.6,23.8,23.7,22.4,19.0,21.1,27.0,33.0,27.2,26.1,24.6,23.4,23.1,21.8,20.6,19.4,18.7,6.3,1.0,3.2,8.6,10.6,12.7,14.9,17.0,18.4,21.2,24.1,27.0,9.8,9.2,8.1,7.0,6.1,6.3,5.4,5.4,4.5
134.4,33.0,24.1,14.9,7.2,5.0,8.1,14.3,20.2,6.7,0.0,0.0,0.0,20.6,26.2,30.5,30.4,26.8,22.5,24.1,29.2,35.4,70.5,66.9,63.1,59.4,59.5,57.7,55.0,51.0,48.5,16.6,0.0,6.7,20.1,25.6,29.8,36.1,40.3,45.5,53.0,59.7,67.1,35.2,31.1,27.5,27.1,25.3,24.2,22.8,20.1,19.4
107.4,32.8,24.8,14.9,7.1,3.6,9.1,13.9,20.6,6.4,0.0,0.0,0.0,22.0,27.8,31.4,31.3,28.2,23.3,24.1,29.4,36.1,72.0,67.7,63.3,61.8,60.9,60.0,58.1,52.9,51.9,18.4,1.0,5.4,19.0,22.1,30.3,34.1,40.3,45.6,51.1,59.6,67.1,35.5,32.8,34.0,27.0,28.7,27.0,21.1,22.8,18.2
137.2,33.4,26.9,17.8,7.6,4.1,12.1,19.7,27.2,8.2,0.0,0.0,0.0,21.2,26.0,28.6,27.3,22.4,15.5,15.2,22.7,32.2,75.6,71.2,68.4,67.5,67.9,68.9,66.8,60.7,62.6,20.6,1.0,5.0,13.5,17.5,25.0,27.8,36.8,42.5,48.4,58.3,66.1,39.2,34.0,37.5,27.0,30.5,29.1,21.4,25.2,20.6
134.4,31.0,22.5,11.7,3.2,8.2,17.7,27.3,37.6,11.3,0.0,0.0,0.0,25.2,26.2,25.6,21.5,13.9,6.3,13.6,25.2,33.2,42.2,40.8,40.8,39.9,40.7,41.2,39.7,38.1,36.4,13.0,1.4,1.4,5.8,8.1,11.2,13.4,17.1,19.9,24.7,30.4,37.1,17.8,17.0,16.3,15.0,14.4,13.9,12.2,11.0,10.4
122.1,36.3,25.5,13.6,2.8,7.6,18.4,29.7,40.4,12.0,0.0,0.0,0.0,28.3,28.0,26.9,22.5,13.9,7.2,16.1,30.0,39.1,48.3,48.3,47.2,45.6,46.4,46.1,45.6,42.5,41.1,15.0,0.0,3.2,8.2,10.4,13.6,17.1,21.0,24.2,30.2,36.2,43.1,20.0,19.2,17.5,16.2,16.1,15.6,15.0,13.4,12.2
107.4,32.0,22.8,12.2,3.6,8.9,17.9,28.2,38.2,12.0,0.0,0.0,0.0,26.1,26.6,24.3,21.0,13.0,6.4,13.9,26.4,34.9,42.6,41.0,39.3,40.3,39.4,39.8,39.7,36.7,36.3,13.2,1.0,3.0,7.3,8.9,12.1,13.9,17.8,20.5,25.0,31.9,36.7,17.2,17.0,19.1,14.4,16.4,16.5,12.0,14.0,10.8
137.2,48.1,36.1,21.2,11.2,4.1,8.5,21.1,36.1,12.0,0.0,0.0,0.0,21.6,17.2,18.4,20.2,20.1,18.0,26.0,37.9,51.3,48.3,51.5,51.0,49.5,49.5,50.4,49.0,46.7,44.6,18.0,1.0,4.5,11.0,11.4,14.1,16.4,20.4,23.9,30.8,36.7,43.9,5.0,7.2,5.1,7.2,8.1,8.2,7.8,7.6,7.0
134.4,45.4,33.7,21.4,11.2,4.2,10.0,21.0,33.5,10.8,0.0,0.0,0.0,22.5,15.7,9.1,4.2,7.8,16.5,27.1,40.0,48.8,48.3,47.0,45.7,44.1,45.0,44.8,43.0,41.6,40.2,15.0,1.0,5.4,15.0,16.0,16.6,18.6,21.4,25.3,29.7,35.4,42.0,13.0,15.0,12.5,12.0,14.0,12.1,14.3,12.6,10.3
107.4,46.3,34.4,22.2,10.8,5.1,12.2,23.3,35.0,11.2,0.0,0.0,0.0,25.0,19.0,11.0,2.0,8.1,18.4,31.2,43.3,51.6,47.4,45.6,46.1,45.0,45.5,46.5,43.6,43.2,40.0,15.3,1.0,5.4,16.4,17.5,19.0,22.8,24.8,26.9,32.4,36.4,43.0,16.0,17.5,12.6,13.2,14.4,11.2,14.0,14.2,12.4
137.2,36.9,27.7,18.4,8.5,2.0,12.6,23.8,33.5,10.0,0.0,0.0,0.0,21.9,16.3,11.4,6.1,10.3,18.8,27.8,36.6,41.2,44.7,43.2,40.9,40.0,39.4,38.1,37.3,36.2,34.4,12.4,1.0,7.1,18.4,19.8,22.5,25.0,27.0,28.9,31.3,36.9,41.6,14.0,12.4,12.1,11.3,10.8,11.4,10.2,9.4,9.4
134.4,38.3,32.8,23.5,13.6,3.6,10.4,20.2,28.1,9.0,0.0,0.0,0.0,12.0,8.2,5.0,7.3,13.0,18.9,26.4,33.8,39.6,44.2,43.0,40.5,38.1,37.1,36.1,33.6,31.0,28.3,9.8,1.0,6.4,18.8,20.1,22.6,24.7,26.2,28.2,32.0,36.0,41.5,10.2,9.0,8.5,8.1,8.5,7.6,7.1,7.1,6.7
122.1,37.9,32.6,23.4,13.0,3.2,9.9,20.8,28.0,9.4,0.0,0.0,0.0,12.2,8.5,5.4,7.3,13.0,19.0,26.2,33.0,39.8,42.4,40.7,39.8,37.1,35.8,35.4,33.1,30.1,28.5,10.6,0.0,7.2,19.0,21.0,22.1,25.0,26.4,27.9,32.2,36.1,39.9,7.3,10.0,8.1,6.7,8.6,6.1,7.1,7.2,5.7
107.4,38.0,32.4,23.9,14.4,4.1,10.0,20.4,27.2,8.5,0.0,0.0,0.0,12.1,7.8,5.1,7.1,13.0,20.0,27.6,33.3,39.8,43.3,41.9,40.7,37.7,36.3,36.7,33.2,30.5,28.0,10.4,1.0,6.4,18.4,20.0,21.6,23.9,25.5,27.3,32.0,36.1,40.8,7.6,10.0,8.9,6.7,8.5,6.7,7.6,8.1,6.3
137.2,32.8,22.8,16.1,11.2,8.5,10.8,21.4,35.8,11.2,0.0,0.0,0.0,25.3,17.0,13.0,13.9,18.1,22.8,30.4,38.2,41.0,38.9,38.9,38.5,39.0,39.2,38.6,37.2,34.7,33.2,13.0,1.0,3.6,10.0,10.8,12.2,14.9,18.0,20.5,25.1,29.2,34.1,9.8,9.8,9.8,10.8,11.7,12.1,10.8,10.4,10.0
134.4,32.1,22.6,15.8,11.7,11.2,15.1,24.5,34.0,11.2,0.0,0.0,0.0,27.0,20.6,13.6,5.0,6.1,16.1,25.1,34.0,38.0,29.8,31.4,27.7,28.4,29.3,29.2,30.8,27.3,27.3,10.6,0.0,3.2,8.9,9.9,11.4,12.6,15.0,16.8,19.4,23.6,27.9,17.1,13.9,15.6,14.6,13.0,13.9,10.8,10.4,11.7
122.1,31.0,22.4,15.0,11.0,10.2,14.8,23.0,33.6,10.0,0.0,0.0,0.0,27.2,20.9,14.6,6.1,4.1,14.3,25.0,33.2,38.1,30.1,30.8,28.6,30.0,29.6,29.1,30.5,26.8,26.3,10.3,0.0,3.6,8.1,9.2,11.2,11.3,13.9,16.1,17.5,23.9,27.0,16.0,12.2,13.9,13.0,11.4,14.6,12.8,12.1,13.3
107.4,31.8,22.8,15.8,11.7,11.3,15.3,24.2,34.0,9.8,0.0,0.0,0.0,28.0,21.0,15.0,6.1,5.0,14.9,26.2,34.0,38.9,30.0,30.2,29.4,28.0,28.5,29.8,28.7,27.2,26.2,10.0,0.0,3.2,8.2,9.0,11.2,12.5,14.2,16.6,19.9,22.1,26.7,15.6,15.8,13.9,13.0,13.9,12.8,13.0,12.0,11.2
137.2,30.4,23.3,15.0,11.7,10.4,14.0,19.0,25.0,8.1,0.0,0.0,0.0,22.0,18.6,13.4,10.2,13.5,19.2,27.8,32.6,36.9,49.0,45.6,45.3,44.0,44.8,43.0,40.0,38.6,37.3,12.6,1.4,5.1,16.5,17.5,19.8,23.3,25.1,28.9,32.8,38.3,44.0,39.5,38.2,34.8,31.4,31.4,29.7,28.4,25.0,23.8
134.4,32.6,24.8,18.0,13.9,12.6,16.1,21.0,27.0,8.1,0.0,0.0,0.0,19.8,16.6,12.6,11.4,14.1,20.6,27.7,33.9,36.8,47.1,47.9,43.9,43.7,45.5,41.6,41.9,37.0,36.2,13.0,1.4,6.1,16.5,16.6,20.1,19.0,24.2,26.9,29.0,36.7,42.5,47.8,39.1,39.4,35.6,33.4,36.1,30.2,30.0,30.4
122.1,35.7,26.6,19.7,15.3,13.5,17.8,23.0,29.7,8.6,0.0,0.0,0.0,22.6,18.1,13.2,10.6,14.9,21.2,29.4,37.1,41.5,24.0,25.7,23.5,23.9,24.2,23.3,24.3,22.0,21.2,8.6,1.0,3.2,8.5,10.0,12.5,12.2,13.3,14.9,16.3,20.6,22.8,25.1,22.2,23.1,21.6,19.8,21.5,18.4,17.7,17.0
107.4,34.0,25.9,19.2,15.3,15.0,17.0,21.3,27.7,7.8,0.0,0.0,0.0,16.1,12.6,9.2,10.6,14.9,21.2,29.2,35.3,38.5,22.0,21.5,21.1,20.0,20.6,20.2,20.1,19.0,19.1,7.2,1.0,3.2,7.2,6.7,7.3,8.6,10.0,11.4,13.6,16.8,19.8,23.3,21.0,19.7,18.4,19.0,18.9,17.5,17.1,16.8
137.2,33.0,25.8,20.0,15.0,14.4,16.6,20.2,26.9,6.7,0.0,0.0,0.0,13.6,10.0,7.0,10.0,14.2,19.8,26.9,34.2,36.4,38.1,37.1,38.9,37.9,37.5,41.0,37.6,37.5,36.1,13.0,1.0,4.5,12.5,12.4,11.7,15.1,16.6,18.0,24.8,28.0,32.2,41.9,43.7,39.0,37.2,39.3,35.6,37.1,34.4,29.7
130.0,25.1,24.2,23.0,22.8,21.4,21.4,21.3,21.3,19.8,18.4,18.4,17.8,17.2,0.0,0.0,0.0,0.0,0.0,25.0,25.2,25.6,26.4,27.3,26.9,27.5,26.9,27.3,26.8,25.9,25.9,26.4,17.3,46.7,45.1,43.7,42.1,40.2,39.9,41.2,39.0,36.8,35.8,34.4,34.0,33.2,33.2,4.1,2.2,5.7,47.2,48.8
134.4,34.1,27.0,21.0,17.0,16.0,17.1,21.6,27.9,7.3,0.0,0.0,0.0,10.8,6.0,5.8,10.0,15.1,21.0,27.2,33.5,37.7,20.6,21.1,21.8,22.0,22.0,23.3,22.1,21.5,20.8,7.8,1.0,3.2,7.1,7.3,7.8,8.5,10.0,10.8,13.0,15.0,18.4,21.8,20.8,20.6,20.0,21.2,20.6,20.2,18.7,18.0
137.2,33.1,28.7,23.0,20.0,19.2,20.2,22.4,26.4,7.2,0.0,0.0,0.0,8.0,3.6,5.8,11.3,15.6,19.4,25.5,31.0,35.1,19.8,19.0,19.4,19.1,19.9,19.4,20.0,19.2,18.2,7.0,1.0,2.2,5.8,5.1,5.8,6.1,7.1,9.2,11.2,14.8,17.0,22.4,19.9,19.2,19.1,19.7,20.8,20.2,19.6,19.8
134.4,34.5,30.4,26.6,22.8,22.0,22.2,22.8,25.5,6.7,0.0,0.0,0.0,7.1,2.2,5.8,11.3,14.9,18.9,24.7,31.3,35.4,18.4,19.4,18.8,18.9,19.0,19.4,20.1,20.1,18.8,7.8,1.0,3.0,6.3,5.0,5.4,5.4,6.3,8.9,10.4,14.2,17.0,24.0,21.6,20.8,21.0,20.0,22.1,21.1,20.0,20.6
107.4,32.7,28.5,24.7,22.2,21.2,20.4,22.1,24.2,6.3,0.0,0.0,0.0,7.2,3.0,6.1,10.0,15.0,18.4,24.2,29.5,34.5,35.5,35.5,36.7,37.4,38.0,40.0,37.6,36.1,35.2,12.0,1.0,4.2,11.4,10.3,10.2,12.2,14.1,16.4,20.4,25.2,29.7,43.4,44.2,42.4,40.3,43.0,41.6,41.4,39.8,35.7
137.2,30.1,28.3,24.0,23.0,22.0,21.0,20.2,22.1,5.4,0.0,0.0,0.0,7.2,3.0,5.0,10.0,14.0,17.1,21.8,27.3,30.5,27.0,36.1,30.1,31.4,34.5,31.4,36.4,35.0,27.9,11.4,1.4,6.0,9.5,8.9,13.0,13.0,13.0,18.0,16.4,23.5,28.6,47.0,38.0,39.4,43.6,33.1,41.9,38.3,30.9,34.7
134.4,32.3,29.8,27.2,26.0,25.0,23.0,21.4,22.8,5.8,0.0,0.0,0.0,8.6,3.2,5.1,9.0,13.0,16.5,21.9,27.8,32.2,32.0,32.8,34.0,34.1,34.5,34.1,33.0,29.8,29.6,10.2,1.0,4.2,10.4,9.4,9.0,10.8,12.6,14.9,18.0,21.1,26.2,46.9,45.2,42.5,39.6,40.7,39.6,36.4,35.4,33.7
122.1,37.2,34.0,31.0,30.4,29.3,27.5,25.3,25.6,7.2,0.0,0.0,0.0,7.6,2.0,6.1,11.0,16.3,19.7,25.2,31.2,36.9,38.3,34.0,36.7,36.9,36.2,39.9,36.4,34.8,37.0,12.1,1.0,4.1,14.0,13.0,10.2,11.7,13.5,13.0,20.8,25.6,29.2,47.6,51.0,47.5,41.0,47.4,42.3,43.1,44.6,35.5
107.4,30.8,27.6,25.6,24.4,23.3,21.6,19.8,21.1,5.4,0.0,0.0,0.0,7.0,2.2,4.5,8.9,12.2,15.6,20.2,25.9,30.4,29.2,30.3,30.8,32.4,32.8,33.1,31.1,29.2,28.0,10.0,0.0,4.1,11.2,9.4,8.5,9.1,11.4,13.6,17.1,21.1,25.5,43.3,41.8,40.3,38.5,38.3,37.7,36.2,33.2,31.4
137.2,39.1,35.4,32.2,29.7,27.5,25.0,20.8,23.3,7.1,0.0,0.0,0.0,7.1,3.0,2.8,9.2,14.2,21.1,29.5,37.3,40.3,22.8,22.1,22.8,22.0,20.0,22.5,19.7,18.0,19.4,7.2,0.0,2.0,5.1,5.8,5.1,6.4,8.1,8.6,13.0,16.3,19.4,24.8,24.7,23.4,20.6,21.2,20.6,20.1,20.6,18.4
134.4,36.4,32.2,28.0,26.2,23.2,20.0,17.5,19.8,5.7,0.0,0.0,0.0,8.6,3.6,2.0,7.1,13.0,19.6,26.9,33.5,38.5,22.0,22.0,21.5,21.0,20.6,20.8,20.2,18.7,18.6,6.4,1.0,2.2,5.0,5.1,5.0,7.3,8.5,10.8,13.0,16.6,19.4,23.1,21.3,19.9,18.4,18.4,18.7,17.3,17.2,16.6
122.1,35.8,31.1,27.2,25.2,22.8,19.2,17.5,20.1,6.1,0.0,0.0,0.0,9.0,4.1,2.0,7.1,12.7,18.6,26.4,34.0,38.0,22.8,21.0,21.5,22.2,23.5,21.6,20.5,18.8,18.1,6.0,0.0,2.2,6.7,6.4,7.0,6.4,8.5,10.2,12.0,16.1,19.2,23.5,21.4,19.8,19.7,19.0,18.9,17.5,17.1,16.8
107.4,35.8,31.1,27.6,25.5,22.7,19.8,18.0,20.0,6.1,0.0,0.0,0.0,9.1,5.0,2.0,6.4,12.2,18.8,26.2,34.2,38.6,21.9,22.1,22.5,21.5,21.0,22.5,19.8,18.4,18.0,6.1,0.0,2.2,5.4,5.8,7.0,7.2,8.2,9.5,12.2,15.0,17.9,22.4,21.8,21.2,19.6,19.4,18.6,17.5,17.0,14.9
137.2,37.5,31.8,24.8,19.2,16.3,14.8,17.1,23.0,7.1,0.0,0.0,0.0,15.8,12.5,7.1,6.7,11.4,17.7,26.2,35.4,38.9,54.1,51.9,51.3,49.6,49.4,51.0,48.8,46.0,43.8,15.3,2.0,6.7,20.6,21.1,22.8,26.9,27.8,30.9,35.1,41.4,47.0,38.6,39.8,37.7,34.7,33.4,30.3,30.1,29.1,27.0
134.4,43.3,36.4,29.5,23.7,20.6,18.8,20.9,25.5,7.3,0.0,0.0,0.0,18.0,12.6,7.1,3.2,9.4,17.0,26.9,36.7,43.7,24.6,26.2,23.6,23.3,24.5,23.3,24.1,22.2,20.2,7.0,1.0,3.0,8.1,8.0,11.4,11.4,12.7,14.8,15.3,19.0,23.1,24.4,19.2,19.2,18.7,16.6,18.4,15.6,13.9,14.8
137.2,37.7,31.8,25.5,20.6,17.5,17.0,17.1,20.4,5.1,0.0,0.0,0.0,16.0,12.2,7.3,4.5,7.6,14.8,23.3,32.3,38.6,19.2,19.6,19.4,19.2,19.7,19.2,19.1,17.9,17.7,7.1,1.0,2.0,6.1,6.1,7.2,8.1,10.0,11.2,12.2,14.1,17.1,20.0,18.4,17.7,16.8,16.1,16.1,16.3,13.9,14.0
134.4,32.2,25.6,20.2,17.8,19.1,21.9,27.7,33.3,9.2,0.0,0.0,0.0,18.6,12.0,7.0,8.6,14.6,20.6,26.6,32.2,35.8,48.3,48.4,46.9,45.8,46.8,45.2,44.4,41.0,39.8,13.3,2.2,7.8,21.2,21.5,23.2,24.7,26.4,29.2,33.2,38.6,44.0,46.8,44.1,41.2,38.2,38.1,38.3,36.1,33.2,32.4
107.4,34.1,27.1,21.2,18.4,19.0,22.5,26.9,32.3,8.5,0.0,0.0,0.0,18.0,13.0,8.1,8.5,14.0,20.2,28.0,34.0,38.1,25.5,26.2,24.2,24.5,24.1,22.8,21.5,19.8,18.4,6.4,0.0,4.5,10.8,11.3,12.5,13.2,14.3,16.1,17.2,20.9,23.1,25.3,22.8,22.7,20.8,19.9,20.0,18.1,17.1,16.1
137.2,38.6,28.3,19.7,13.6,10.6,12.8,18.9,25.1,7.8,0.0,0.0,0.0,20.1,14.3,8.1,5.4,13.9,22.8,33.3,40.6,46.1,30.9,32.8,29.2,29.7,28.6,26.9,27.3,24.0,21.2,8.1,1.0,3.6,8.6,9.8,13.0,13.6,16.1,19.1,20.0,25.2,30.4,22.5,17.9,17.9,18.2,15.1,17.0,15.2,13.0,14.1
134.4,33.6,24.2,15.3,10.8,8.5,11.0,17.0,24.0,8.1,0.0,0.0,0.0,18.1,14.0,7.1,5.1,12.0,21.3,29.4,36.4,40.3,28.0,26.9,25.5,25.6,25.1,22.2,22.1,19.9,17.8,5.8,0.0,4.2,8.6,9.8,11.7,12.4,15.0,17.0,18.1,22.8,26.2,19.2,14.9,15.8,15.0,13.0,14.1,11.7,10.8,11.4
122.1,36.1,25.7,16.5,10.4,9.0,12.4,19.0,25.7,7.3,0.0,0.0,0.0,22.4,17.1,9.2,4.5,12.1,21.9,32.6,39.3,44.4,31.1,30.3,29.4,28.6,27.8,27.7,25.1,23.5,22.0,8.5,1.4,2.0,8.2,9.8,10.8,12.8,15.6,17.2,21.1,24.2,28.2,18.0,17.5,15.6,13.5,14.8,13.6,13.0,12.2,11.2
107.4,29.0,21.1,13.3,8.2,6.1,10.6,18.9,26.9,8.6,0.0,0.0,0.0,18.4,12.2,6.0,8.1,17.1,25.1,32.0,37.1,39.2,32.0,29.6,30.0,28.0,26.9,25.9,23.5,22.1,21.0,6.4,1.0,4.0,10.0,11.2,12.1,14.4,15.6,18.4,21.6,25.9,28.9,16.1,17.0,14.8,14.3,14.3,13.0,13.3,12.2,9.9
137.2,32.0,21.6,14.0,8.0,5.8,10.4,20.1,29.3,9.1,0.0,0.0,0.0,20.2,14.2,6.7,7.6,17.1,26.5,34.5,40.9,42.2,32.6,34.1,30.0,29.8,31.1,26.7,28.2,24.8,22.8,9.1,1.0,4.1,10.8,10.6,14.4,14.3,17.1,20.0,21.0,26.9,31.0,21.8,14.0,16.1,15.8,11.2,15.3,12.1,10.3,13.0
134.4,37.7,28.4,21.2,14.9,10.0,9.1,15.6,23.4,7.8,0.0,0.0,0.0,15.2,11.7,7.6,9.8,17.8,26.4,35.5,42.1,45.2,31.8,30.8,30.4,28.6,28.7,27.7,26.0,24.0,21.8,8.2,1.4,2.0,8.2,8.9,10.6,12.0,14.3,16.5,20.0,24.3,28.5,22.8,22.4,21.0,19.2,19.6,18.0,17.9,15.7,14.4
137.2,35.0,27.1,19.4,13.3,9.0,8.5,14.6,21.2,7.1,0.0,0.0,0.0,14.3,11.0,7.3,7.6,14.0,22.0,31.0,39.1,42.2,28.4,27.8,26.9,25.7,25.2,25.0,24.0,21.2,20.2,6.1,1.0,2.2,7.2,8.5,9.4,11.7,13.0,15.1,18.0,21.1,26.2,21.4,20.2,18.4,17.8,17.7,16.4,15.3,13.4,12.5
134.4,39.1,29.4,20.6,13.9,8.5,7.2,15.2,23.1,7.3,0.0,0.0,0.0,18.1,14.0,9.2,6.7,12.4,22.1,33.0,42.6,46.5,33.0,32.2,30.6,30.0,29.8,28.0,26.9,24.2,22.5,7.1,1.4,2.0,7.0,8.1,10.4,12.6,13.9,17.0,20.2,25.2,30.0,21.0,18.0,19.1,18.0,16.0,17.0,14.0,13.0,13.0
107.4,49.6,36.2,25.2,17.7,10.6,8.5,20.2,34.9,11.2,0.0,0.0,0.0,28.3,22.0,14.0,5.8,12.1,25.9,41.4,54.1,59.9,44.3,43.7,42.0,41.3,43.7,41.2,41.1,38.6,36.7,13.0,1.4,3.0,10.2,11.7,14.3,15.7,19.4,23.4,26.9,33.4,39.7,24.7,20.6,20.1,19.1,18.4,20.0,19.0,18.2,20.2
137.2,50.3,37.0,26.5,18.2,12.0,8.1,18.7,33.7,10.2,0.0,0.0,0.0,26.6,21.5,13.0,4.5,14.0,26.3,41.4,55.0,60.1,45.1,42.2,45.1,42.7,40.7,44.4,39.6,38.9,37.9,13.2,1.0,3.6,11.4,12.8,13.6,17.9,20.6,21.5,29.7,34.2,39.5,17.9,25.0,21.1,17.7,22.8,17.5,20.2,21.2,16.3
134.4,36.1,22.8,16.5,17.5,14.2,10.4,23.9,41.2,13.9,0.0,0.0,0.0,26.4,22.6,20.0,15.7,10.8,14.1,29.5,40.3,49.7,43.3,45.3,43.0,42.4,42.0,41.1,41.2,37.2,34.5,14.2,1.0,3.0,8.5,8.1,9.2,10.4,12.8,17.0,22.0,28.3,36.1,12.8,9.0,10.8,11.4,9.5,9.5,8.6,7.3,9.2
122.1,32.0,18.4,15.1,16.1,13.0,9.4,23.3,41.8,13.4,0.0,0.0,0.0,25.5,22.1,19.3,16.3,11.0,13.9,26.2,40.0,44.0,40.7,41.8,39.4,38.9,39.8,37.6,37.4,34.7,32.1,11.7,0.0,3.6,8.9,8.1,8.6,8.9,12.4,15.8,20.1,27.6,34.0,12.4,9.2,10.0,9.2,8.0,9.2,9.2,8.6,9.5
107.4,31.8,18.4,13.3,14.2,11.4,9.4,24.2,42.5,13.9,0.0,0.0,0.0,25.3,21.0,18.7,15.0,9.2,13.0,27.3,40.1,45.4,38.5,40.2,39.4,38.9,40.2,38.8,36.6,33.1,29.8,12.0,1.0,3.2,7.3,6.3,8.1,8.6,12.6,16.8,21.6,27.1,34.0,10.3,7.3,7.8,8.2,8.1,10.2,10.8,9.2,8.9
137.2,28.0,29.1,25.5,18.0,7.1,11.4,28.2,41.1,11.7,0.0,0.0,0.0,13.2,3.6,7.6,14.6,19.4,20.2,21.1,22.1,23.8,42.4,42.4,38.3,38.0,37.1,34.1,34.2,31.0,28.3,11.0,1.4,8.5,21.5,21.5,23.4,24.5,25.3,28.3,29.2,35.1,40.7,17.0,8.1,9.4,11.7,6.4,10.8,8.1,5.8,10.2
134.4,36.4,32.6,27.2,18.4,7.2,7.0,21.4,32.8,10.0,0.0,0.0,0.0,14.0,7.0,1.0,8.0,15.3,20.2,25.9,31.1,35.4,43.0,43.3,40.5,38.1,36.3,36.9,35.0,32.1,29.2,10.6,1.4,7.1,18.2,20.2,22.8,24.0,25.0,26.2,32.2,36.6,40.8,8.5,10.2,8.5,6.4,7.3,7.1,6.3,6.4,7.1
122.1,40.5,37.3,30.1,21.4,8.1,8.2,24.2,38.1,11.4,0.0,0.0,0.0,16.5,8.1,1.4,10.4,17.0,22.6,29.1,35.3,39.6,49.2,48.4,46.0,43.0,41.2,41.7,39.5,35.4,33.4,12.2,0.0,7.8,20.9,23.0,24.4,26.2,29.4,28.8,35.1,40.4,45.2,8.6,12.2,10.4,6.7,10.0,7.1,6.7,8.9,6.1
107.4,38.0,34.1,28.2,20.1,9.1,5.4,19.4,31.8,9.2,0.0,0.0,0.0,13.6,6.1,2.8,9.5,16.3,22.0,27.3,32.8,37.7,46.1,43.8,41.6,40.0,37.7,36.8,34.2,31.3,29.2,10.3,2.0,6.1,17.5,18.6,20.2,22.2,24.7,26.4,31.1,37.1,42.0,10.4,11.7,11.4,7.2,9.5,7.1,8.1,8.5,5.4
137.2,43.4,31.3,22.0,14.1,8.2,7.1,17.5,30.5,9.4,0.0,0.0,0.0,17.0,14.9,14.9,13.2,11.3,15.3,26.9,42.0,49.0,42.5,42.6,40.3,39.3,39.4,37.3,35.5,32.2,29.7,10.8,0.0,2.2,5.8,6.4,9.5,12.2,15.6,19.4,24.2,30.4,35.7,13.3,11.4,12.1,12.4,11.3,12.2,10.8,9.8,9.8
134.4,41.0,29.1,17.0,9.4,5.0,10.0,21.0,33.4,10.4,0.0,0.0,0.0,17.7,16.6,16.1,14.1,8.5,10.8,24.7,38.9,47.4,39.6,38.9,39.4,38.1,37.8,38.1,34.7,32.1,29.0,10.2,1.0,1.0,3.2,3.2,6.1,9.5,13.6,17.0,23.0,28.2,34.0,11.4,11.2,9.8,10.0,12.0,12.0,12.2,11.2,10.3
107.4,39.1,27.1,16.5,9.5,6.0,10.8,22.0,33.5,10.4,0.0,0.0,0.0,17.0,15.8,15.8,14.4,9.1,10.8,23.2,37.1,45.4,37.6,38.3,39.1,37.0,36.9,35.8,32.3,31.0,27.3,10.2,0.0,2.2,4.1,3.2,5.8,9.4,13.0,15.3,21.5,26.9,32.4,11.2,12.0,11.0,10.3,12.6,11.7,12.8,11.2,9.9
137.2,2.8,6.7,9.4,7.8,5.4,17.1,31.8,45.9,13.2,0.0,0.0,0.0,13.6,13.6,15.3,16.0,12.2,5.8,2.0,7.3,8.5,34.7,35.5,34.2,33.5,34.1,33.1,32.4,30.4,28.8,9.9,1.0,4.5,10.8,11.0,10.2,10.8,12.1,14.4,18.4,23.9,30.4,8.1,8.1,8.5,9.5,9.1,8.9,9.4,8.1,7.6
134.4,20.2,18.1,15.0,9.8,10.2,20.2,31.3,41.2,12.5,0.0,0.0,0.0,13.5,13.6,14.0,13.9,10.0,5.4,5.4,11.0,17.5,45.4,43.9,43.3,41.7,41.6,40.9,38.6,35.2,33.1,10.8,1.0,3.2,9.8,9.8,10.3,13.4,16.2,19.3,25.0,32.6,39.0,7.3,10.0,9.5,6.7,9.9,8.1,6.3,7.0,5.4
107.4,25.3,22.5,17.0,11.4,12.1,24.2,39.4,50.6,14.8,0.0,0.0,0.0,18.7,18.4,19.7,17.7,14.0,7.6,5.0,13.9,21.6,55.9,54.1,53.3,51.7,50.0,50.2,47.4,43.3,41.3,14.6,1.0,4.1,11.0,12.0,13.0,16.0,20.0,23.2,31.0,40.2,47.9,9.4,14.8,14.4,9.4,13.0,10.0,8.1,11.2,6.4
137.2,33.4,27.2,18.9,8.9,3.2,16.2,27.5,38.3,11.4,0.0,0.0,0.0,20.0,21.6,21.5,19.7,16.8,15.0,18.4,26.6,33.4,51.0,49.3,46.4,46.5,44.9,43.7,41.8,37.3,35.0,12.0,1.0,3.6,8.6,10.6,12.5,15.7,20.6,24.5,30.3,39.0,45.0,18.9,14.9,18.4,13.5,12.2,13.5,8.5,10.0,10.3
134.4,35.6,32.6,24.2,15.7,6.3,9.2,16.6,22.5,6.7,0.0,0.0,0.0,17.3,22.6,28.9,32.6,32.0,27.9,23.1,21.5,29.0,73.0,73.8,69.6,66.9,66.7,64.3,60.7,55.5,51.9,17.8,1.0,3.0,10.0,13.9,19.1,24.6,31.1,36.7,46.3,55.4,66.1,45.7,41.9,34.5,31.3,29.2,26.9,25.0,22.6,20.2
122.1,30.9,28.3,21.3,13.6,6.0,7.1,13.3,18.4,6.1,0.0,0.0,0.0,15.0,20.0,25.1,28.2,28.2,25.1,20.1,18.9,25.2,62.0,60.8,60.1,57.3,56.5,56.0,52.4,47.9,45.0,15.6,0.0,3.2,8.2,10.6,14.8,20.2,24.3,29.5,38.2,46.1,57.3,38.4,36.8,29.5,29.0,25.2,21.0,22.0,17.7,15.7
107.4,36.1,32.8,24.2,17.3,10.0,7.8,13.0,18.4,6.3,0.0,0.0,0.0,12.7,20.8,28.3,32.6,30.9,24.2,16.4,18.2,28.7,60.0,57.1,55.9,53.8,53.6,51.0,49.0,45.1,42.0,15.0,1.0,1.0,2.2,6.1,11.4,16.1,22.0,27.7,35.6,44.3,53.8,39.4,35.5,30.6,28.2,25.7,23.0,20.1,17.5,15.2
137.2,40.3,35.7,26.2,17.9,9.9,9.0,13.4,20.6,6.7,0.0,0.0,0.0,13.2,22.0,30.1,34.4,31.6,25.2,17.7,21.0,33.4,34.4,34.0,33.0,32.2,31.6,30.4,28.4,26.9,24.6,8.9,0.0,1.4,2.2,4.2,5.8,9.4,12.8,16.3,20.8,24.6,30.7,21.5,20.1,15.6,15.0,13.6,10.8,11.4,9.5,9.1
134.4,41.8,36.1,27.5,17.5,11.3,6.7,3.6,5.0,2.0,0.0,0.0,0.0,7.1,16.1,24.1,27.0,25.0,15.5,5.1,18.0,33.0,23.8,22.8,23.5,22.0,20.4,20.2,17.0,16.4,13.3,5.0,0.0,3.0,5.8,7.0,8.5,12.5,13.2,16.4,18.2,21.2,23.0,5.8,4.0,1.4,2.2,4.0,2.2,4.1,3.6,2.2
107.4,51.0,45.0,34.1,23.2,14.3,7.8,5.4,7.6,3.6,0.0,0.0,0.0,7.1,18.4,28.4,32.8,28.9,17.7,4.1,22.0,41.0,29.2,28.1,26.9,25.0,24.8,24.1,22.2,19.6,16.6,5.1,1.0,3.0,8.5,9.5,11.4,14.0,15.8,18.7,22.8,25.3,30.0,4.5,4.5,2.2,1.4,3.2,2.2,4.2,4.5,4.5
137.2,43.3,38.1,31.0,25.1,22.0,19.8,19.8,21.6,5.0,0.0,0.0,0.0,8.1,14.2,19.8,20.5,15.8,10.0,13.4,27.1,40.0,20.2,18.1,16.6,15.8,13.6,14.9,12.0,11.2,10.6,3.2,1.0,3.0,7.3,8.6,10.8,11.7,13.0,14.3,16.1,18.4,18.9,11.4,12.4,13.0,11.0,12.2,11.7,11.4,10.8,9.8
134.4,41.2,35.8,29.7,26.2,24.2,23.4,24.1,27.2,7.8,0.0,0.0,0.0,5.1,8.2,11.2,10.6,8.5,11.4,20.6,32.3,40.9,20.5,19.7,19.0,17.0,15.5,16.6,15.0,13.5,11.7,3.6,1.0,1.4,3.6,5.8,7.1,8.5,10.3,12.4,14.0,16.5,17.9,19.2,19.4,19.1,17.2,17.2,15.8,15.0,13.6,12.2
122.1,47.4,41.1,34.7,30.2,28.7,28.3,31.2,36.1,9.2,0.0,0.0,0.0,9.2,12.2,15.8,13.9,10.8,12.5,23.9,37.1,47.4,22.6,21.5,20.5,20.6,20.4,19.0,18.2,17.1,17.0,5.8,0.0,2.2,7.1,8.0,9.1,11.4,12.5,14.2,16.4,19.3,21.1,22.5,21.3,20.2,20.0,20.1,21.2,20.2,19.6,20.0
107.4,36.1,32.0,27.2,24.0,22.0,22.0,24.2,27.5,8.2,0.0,0.0,0.0,5.0,8.1,10.2,10.0,7.2,10.0,19.3,29.1,36.7,18.4,17.0,16.8,16.0,15.5,16.1,14.2,13.5,12.5,3.6,1.0,1.4,4.2,5.0,6.4,8.1,9.8,10.0,13.0,15.5,16.1,15.7,18.1,17.1,15.0,15.8,14.9,15.0,14.3,12.8
137.2,31.8,27.2,22.5,18.6,14.1,12.0,17.2,25.5,8.5,0.0,0.0,0.0,7.2,5.0,6.1,11.2,18.9,25.6,32.6,37.6,38.6,22.0,22.5,23.1,22.5,23.1,22.7,21.4,20.1,19.7,6.1,1.0,1.0,1.4,2.0,4.5,6.4,8.1,9.4,12.4,15.7,18.4,25.1,24.2,21.3,19.0,18.4,16.1,15.0,13.3,12.5
134.4,31.1,27.7,22.0,17.7,13.4,13.2,18.6,24.8,8.5,0.0,0.0,0.0,6.7,6.1,8.1,12.4,17.1,22.5,28.2,32.2,35.0,37.6,44.0,40.3,41.0,40.8,41.2,41.6,38.6,36.3,13.9,1.0,1.4,3.2,1.4,7.0,10.8,12.6,19.4,19.2,28.2,35.4,54.1,40.3,42.0,40.8,30.1,36.1,26.0,25.6,26.9
107.4,34.2,29.8,23.8,18.4,13.5,13.6,18.0,23.5,6.1,0.0,0.0,0.0,6.1,6.3,6.7,10.0,13.5,17.8,23.9,30.0,34.0,20.6,22.2,19.4,20.4,22.0,21.0,22.2,20.5,20.4,8.0,0.0,1.4,1.0,1.4,3.0,5.1,6.3,10.8,12.0,15.8,19.0,27.0,19.8,21.0,19.4,17.0,18.6,14.8,12.5,13.0
137.2,34.0,30.4,24.0,18.4,13.6,13.3,17.0,21.3,6.4,0.0,0.0,0.0,6.7,6.3,7.1,10.0,14.1,18.7,24.2,30.4,35.0,44.0,41.3,44.4,43.2,41.4,40.5,35.0,32.8,30.8,10.0,1.0,2.0,1.4,3.0,5.0,9.4,13.6,16.4,25.1,29.8,36.1,47.7,48.8,38.6,32.8,34.2,26.4,28.5,23.3,20.1
134.4,44.9,40.5,32.3,25.1,18.6,16.4,16.6,18.4,5.8,0.0,0.0,0.0,6.3,6.3,5.8,6.1,7.3,11.4,19.2,30.5,40.2,26.6,24.8,25.6,24.0,23.1,23.0,21.3,19.7,18.2,6.1,1.0,1.0,2.2,3.6,4.5,7.1,9.5,11.4,15.8,19.2,22.1,24.0,23.8,20.2,18.4,18.4,15.1,13.9,12.0,9.8
122.1,39.2,35.6,28.6,22.0,15.8,13.0,14.3,15.3,4.1,0.0,0.0,0.0,6.7,5.4,5.4,5.8,5.8,9.1,16.8,26.8,35.0,22.8,21.6,22.6,21.4,21.1,20.5,19.2,18.4,17.0,6.1,1.0,1.0,3.2,4.2,5.8,7.1,9.5,10.8,13.9,17.1,19.4,21.2,20.6,19.1,17.1,16.0,15.8,15.0,12.8,11.4
107.4,39.7,36.1,29.7,21.9,17.0,14.3,15.0,17.0,5.0,0.0,0.0,0.0,7.2,6.4,5.7,5.8,7.0,9.5,18.0,26.9,36.1,46.1,45.3,46.0,44.0,43.3,43.9,39.1,37.0,33.8,10.8,0.0,1.4,5.1,8.1,9.4,14.1,18.0,20.6,27.7,34.0,40.8,44.6,44.9,38.4,34.4,33.5,27.8,28.0,25.1,20.0
137.2,38.4,34.4,28.6,20.5,15.0,12.4,14.1,17.7,4.5,0.0,0.0,0.0,5.8,5.8,6.4,6.4,6.1,10.8,17.8,28.3,34.7,52.0,51.7,47.4,47.2,48.1,43.1,41.9,36.2,35.0,11.7,1.0,2.8,10.6,11.7,16.3,18.4,23.3,29.0,31.8,39.5,47.1,48.1,39.1,38.3,33.9,29.7,32.0,28.2,23.7,25.0
134.4,40.6,36.8,30.4,24.2,18.4,15.1,17.5,21.5,6.3,0.0,0.0,0.0,6.7,5.8,5.0,6.3,9.1,14.6,21.5,30.0,38.1,26.9,25.2,25.2,24.2,24.2,24.0,22.0,20.2,19.4,7.0,1.4,1.4,6.1,6.7,8.1,10.2,11.7,13.5,17.7,19.6,22.8,24.8,25.6,22.4,20.6,19.8,17.5,18.0,15.8,13.5
137.2,40.8,36.7,30.9,25.6,20.5,17.5,21.0,26.1,8.0,0.0,0.0,0.0,9.4,7.1,7.1,8.6,13.5,19.1,26.2,34.7,40.6,27.6,28.2,26.9,26.9,26.9,25.5,23.6,21.5,20.0,6.1,1.0,3.2,8.1,8.5,10.3,11.0,12.8,14.6,16.2,20.2,24.0,31.1,28.2,26.4,24.0,22.8,21.6,19.1,16.2,14.9
134.4,39.1,32.2,25.6,20.0,14.3,13.2,16.6,21.9,6.4,0.0,0.0,0.0,8.9,8.1,9.1,14.3,19.7,25.6,32.2,37.6,41.6,29.2,28.6,27.5,26.9,25.6,25.1,23.2,21.6,19.7,6.4,1.0,3.2,9.4,9.4,10.0,11.7,12.5,15.0,18.9,22.0,26.0,28.2,26.1,23.7,22.8,20.6,18.4,16.6,15.0,13.3
122.1,37.0,31.0,24.7,18.7,13.9,12.5,17.0,22.1,7.1,0.0,0.0,0.0,10.3,8.0,8.6,13.4,19.3,24.7,31.8,36.7,41.6,28.2,27.6,28.5,27.3,26.4,27.0,24.4,22.0,21.2,6.7,0.0,3.2,9.8,10.8,11.2,12.6,13.5,14.6,19.0,21.4,25.0,26.0,28.1,25.0,21.9,22.8,19.1,17.5,16.4,12.5
107.4,37.1,31.9,25.2,19.7,13.6,12.4,17.0,22.7,7.1,0.0,0.0,0.0,10.8,8.5,10.0,13.6,19.7,25.1,32.3,38.6,41.8,28.3,27.9,28.1,26.9,25.0,26.9,24.0,22.8,20.5,6.4,0.0,3.6,9.2,10.2,11.2,12.8,13.6,14.3,18.4,20.9,24.2,27.0,27.5,25.0,22.5,22.0,19.0,17.7,16.1,12.0
137.2,36.7,32.2,27.8,21.6,13.9,7.2,14.0,22.1,7.3,0.0,0.0,0.0,10.6,9.5,14.6,21.0,29.1,33.6,37.3,40.2,41.4,31.8,32.1,30.7,30.5,28.6,29.1,26.0,23.9,22.7,7.8,0.0,5.4,13.2,13.6,14.9,16.6,17.0,18.0,22.4,25.0,28.6,27.0,26.2,24.1,21.5,20.0,18.0,17.0,15.7,12.2
134.4,37.0,32.0,31.0,24.7,16.1,8.2,13.0,23.1,6.1,0.0,0.0,0.0,9.1,9.2,14.8,23.8,29.4,34.4,36.9,42.2,39.4,31.3,31.9,29.4,26.9,27.2,26.3,24.7,22.7,21.6,8.1,1.0,3.6,12.8,12.4,14.9,15.3,17.3,19.1,22.6,24.7,28.7,31.1,26.8,24.1,22.0,20.4,19.0,18.4,15.5,15.3
122.1,36.3,33.2,29.4,23.5,16.0,9.2,14.9,23.6,7.8,0.0,0.0,0.0,10.0,9.2,15.3,22.0,29.0,33.1,37.5,39.6,40.2,30.8,30.1,29.7,28.6,28.6,28.6,25.6,23.1,22.1,7.6,1.0,4.5,13.4,14.0,15.2,16.4,18.0,18.8,22.0,24.1,27.7,28.6,27.7,25.1,22.1,22.8,19.7,19.0,17.1,14.1
107.4,32.6,29.4,26.4,21.6,15.2,8.5,12.0,19.4,5.1,0.0,0.0,0.0,8.1,8.2,14.1,20.9,26.2,30.1,33.5,35.5,35.2,27.9,24.7,25.5,24.5,21.8,23.3,19.9,19.1,18.9,6.4,1.0,4.1,10.8,12.1,11.2,13.6,14.3,14.9,18.6,22.0,24.2,23.3,25.0,22.5,17.3,19.2,15.7,14.6,15.3,11.2
137.2,31.4,30.4,28.9,26.0,20.2,16.6,20.2,26.4,8.1,0.0,0.0,0.0,8.1,9.0,16.6,24.4,30.0,33.8,36.1,35.5,35.6,51.6,52.5,50.2,47.8,45.5,45.8,43.2,39.8,38.1,13.3,1.0,9.2,25.1,25.9,28.4,30.5,31.0,33.2,36.0,40.5,46.7,64.0,60.1,54.9,51.2,47.4,45.4,43.4,37.1,34.1
134.4,25.2,25.3,24.7,22.4,18.0,15.0,19.0,26.0,7.0,0.0,0.0,0.0,7.8,9.5,17.7,25.0,30.8,32.8,34.1,32.0,29.7,46.5,43.5,44.3,43.1,42.5,43.4,39.6,36.5,34.9,11.3,1.0,9.2,24.5,25.0,25.1,26.9,27.1,29.1,33.2,36.9,40.3,60.7,58.4,54.0,48.1,48.0,43.3,41.0,37.3,30.9
107.4,22.7,23.7,22.8,20.2,15.6,13.0,15.8,22.0,6.7,0.0,0.0,0.0,8.9,10.8,16.0,21.4,25.5,26.5,27.3,25.5,24.7,40.0,39.1,37.7,37.1,38.0,36.2,33.7,29.8,28.1,9.2,2.0,8.5,22.8,22.8,23.9,25.5,27.5,28.6,30.0,34.2,37.1,53.6,50.5,46.2,41.8,40.2,38.1,33.4,30.0,27.0
137.2,24.8,26.4,25.1,22.8,17.8,15.0,17.5,22.8,6.4,0.0,0.0,0.0,9.2,12.2,18.1,24.7,27.9,29.8,29.6,27.9,26.4,41.3,44.4,39.6,38.3,38.2,35.4,35.2,32.2,30.1,12.0,2.0,8.9,23.3,24.5,28.3,27.2,28.2,29.8,28.8,35.5,40.4,59.9,50.0,48.3,46.1,37.5,40.0,35.0,31.6,32.0
134.4,30.9,31.6,28.8,26.1,19.1,15.1,17.0,21.3,6.4,0.0,0.0,0.0,13.0,16.0,19.9,23.4,26.4,27.3,27.3,26.6,28.3,47.4,43.0,44.7,40.8,38.3,41.0,35.5,34.5,32.7,11.3,1.4,9.0,26.0,28.3,28.1,32.6,30.0,31.1,38.0,39.2,44.0,52.4,56.9,48.1,42.5,44.9,36.1,39.1,36.4,28.9
107.4,31.4,32.4,30.2,26.2,19.7,15.0,17.0,22.4,6.3,0.0,0.0,0.0,13.5,14.9,20.0,24.1,26.3,26.5,27.5,27.5,28.3,49.2,48.5,45.5,43.4,43.2,42.0,39.1,36.1,33.6,12.0,1.0,10.3,28.2,28.7,31.0,32.0,33.5,34.5,38.0,43.0,47.5,59.0,55.8,50.6,46.5,45.2,43.2,41.2,36.1,32.8
137.2,33.5,34.4,31.4,27.0,18.9,14.1,17.7,22.8,7.6,0.0,0.0,0.0,17.0,19.4,24.0,26.1,28.3,27.5,26.9,25.1,29.7,25.6,25.3,24.2,23.4,23.1,22.7,21.4,18.8,16.6,5.4,1.4,4.5,13.5,15.5,17.5,18.4,19.2,20.5,22.1,23.0,25.7,29.7,28.4,27.0,25.0,23.8,21.8,19.1,17.0,14.8
134.4,33.8,34.0,31.1,24.8,17.5,12.6,16.6,23.3,7.1,0.0,0.0,0.0,15.6,18.4,23.2,26.2,26.1,26.0,24.5,26.0,27.2,53.9,50.4,52.4,48.8,46.6,46.0,37.7,35.2,33.0,11.4,2.0,9.5,31.1,32.3,33.2,38.0,38.9,39.8,45.6,44.4,51.6,55.6,60.9,46.7,43.0,45.9,37.4,39.6,35.8,29.1
122.1,32.2,33.4,30.1,24.5,17.0,12.6,17.1,21.9,7.1,0.0,0.0,0.0,15.1,18.8,22.2,25.0,26.2,26.2,25.0,23.7,27.7,25.2,24.7,22.1,22.1,22.2,21.0,20.1,18.9,17.0,6.1,1.0,4.1,14.1,14.9,16.3,17.5,18.4,20.2,21.2,23.1,25.2,28.2,26.1,24.2,22.8,21.5,20.8,18.0,16.6,14.4
