137.2,12.2,8.6,4.5,1.4,8.1,13.0,14.9,14.3,3.0,0.0,0.0,0.0,23.1,28.3,32.1,34.0,34.1,31.4,28.6,23.3,19.0,7.8,8.9,8.9,8.9,10.8,10.4,10.0,9.5,8.1,3.6,1.0,3.6,6.7,8.2,9.1,9.2,8.5,6.7,8.1,7.6,7.1,35.3,30.5,27.5,26.9,27.3,24.5,25.0,20.9,20.2
134.4,13.9,10.6,5.7,1.0,7.2,13.4,15.2,14.6,3.0,0.0,0.0,0.0,24.2,29.2,33.4,35.5,34.0,32.0,29.2,24.4,19.1,7.8,8.5,8.6,8.5,10.6,11.2,11.2,9.1,9.2,4.2,1.4,3.0,7.2,9.2,10.3,9.2,8.1,7.0,8.1,8.0,6.1,36.5,30.9,29.2,27.6,27.2,26.9,24.3,22.0,21.8
122.1,14.2,10.8,6.1,1.0,6.3,12.4,15.1,13.2,3.0,0.0,0.0,0.0,23.5,29.1,33.0,34.1,34.0,31.0,28.0,23.0,19.2,8.9,8.5,6.7,8.9,10.8,11.0,10.0,10.2,9.8,5.4,1.4,3.0,8.6,9.5,9.1,8.1,8.2,8.2,8.5,7.3,7.1,34.4,31.1,30.0,28.7,27.5,25.3,24.0,22.6,21.1
107.4,13.5,10.3,5.4,1.0,7.1,13.0,16.0,15.1,3.2,0.0,0.0,0.0,23.8,29.5,32.9,35.1,34.2,31.3,28.0,24.2,19.0,7.3,8.2,9.5,8.9,9.8,10.3,11.3,10.3,8.5,3.2,1.0,4.1,8.1,7.8,9.2,9.4,8.5,7.3,6.7,8.1,7.6,35.7,31.1,29.6,27.2,26.9,27.2,24.1,22.0,20.2
137.2,19.3,16.4,12.0,6.4,2.2,9.9,13.6,13.5,3.6,0.0,0.0,0.0,23.0,27.0,30.0,30.8,32.9,30.5,27.7,23.3,22.6,10.0,11.7,13.9,16.2,17.7,18.7,21.0,19.0,17.7,8.1,1.0,5.8,14.1,15.0,13.2,12.2,13.2,10.4,8.1,6.1,6.4,66.9,59.1,59.2,52.5,51.2,52.8,47.4,43.7,41.2
134.4,24.2,23.0,18.4,10.8,7.1,15.1,21.1,22.4,5.4,0.0,0.0,0.0,26.7,31.3,35.0,36.3,36.7,33.1,30.9,26.4,24.3,10.0,13.0,13.3,13.9,14.8,16.4,17.2,16.2,15.0,5.7,1.0,4.0,8.5,7.8,7.8,8.1,7.3,4.5,5.7,7.2,7.8,34.2,30.8,30.4,27.7,28.6,30.0,28.6,27.0,24.7
137.2,17.2,17.0,13.9,10.0,9.9,14.6,18.1,18.0,4.0,0.0,0.0,0.0,18.4,24.0,28.3,31.0,30.6,28.8,25.5,20.6,17.0,23.1,24.7,25.0,26.2,27.8,29.6,26.2,24.7,24.2,9.1,1.0,6.7,16.3,16.1,16.2,14.8,15.0,15.6,14.9,14.9,19.1,55.1,50.0,48.2,47.2,45.4,43.0,41.2,38.6,35.4
134.4,14.9,13.9,11.0,6.7,9.0,15.2,19.4,19.1,5.0,0.0,0.0,0.0,20.1,25.5,30.1,34.0,33.1,32.1,28.4,23.2,18.1,12.0,12.8,12.5,12.1,13.6,15.0,14.6,12.5,11.3,4.0,1.4,3.0,7.2,8.5,9.4,9.2,8.1,7.3,8.2,9.2,9.2,32.8,28.6,26.8,25.3,25.2,25.2,22.8,20.8,19.8
122.1,15.5,15.1,11.7,7.8,8.5,15.6,18.9,18.4,4.1,0.0,0.0,0.0,20.2,26.6,30.5,33.2,33.0,31.8,29.7,23.4,18.6,23.4,24.0,23.4,24.4,27.3,27.5,27.0,24.2,24.6,10.4,2.0,6.3,17.2,18.4,17.5,16.2,15.8,15.8,16.3,17.1,18.8,63.6,53.8,56.4,50.5,51.3,50.2,43.6,43.0,40.2
107.4,14.1,14.3,11.7,7.6,10.3,16.4,20.6,19.3,5.4,0.0,0.0,0.0,19.2,24.7,29.2,31.8,32.2,30.4,27.9,22.8,17.2,21.1,24.2,25.0,25.3,25.0,28.3,27.7,26.4,22.8,8.2,1.0,8.5,17.0,16.8,17.1,18.0,17.5,13.6,16.1,17.1,20.1,62.2,58.5,55.6,51.1,49.3,48.1,48.5,41.8,37.2
137.2,15.0,12.6,9.1,8.1,13.3,19.7,22.5,20.6,5.7,0.0,0.0,0.0,22.2,27.5,31.3,33.8,33.5,31.0,28.2,23.0,18.4,11.3,12.7,13.6,14.3,13.6,14.1,15.1,14.3,12.0,5.0,1.0,4.0,9.2,8.6,9.4,10.4,9.0,8.0,7.3,9.2,10.2,33.5,31.2,29.5,27.2,26.5,27.0,26.6,23.6,21.3
134.4,14.3,12.2,8.6,7.1,12.0,18.9,21.0,19.3,4.0,0.0,0.0,0.0,22.8,27.8,31.4,34.0,33.4,30.9,28.2,22.4,18.4,23.3,23.4,23.6,25.6,27.3,28.1,27.5,25.3,25.0,11.0,2.0,7.6,18.9,20.5,19.2,18.0,17.5,16.3,16.0,16.5,18.0,64.0,56.6,58.2,53.3,53.9,53.0,47.8,46.1,44.6
122.1,18.0,14.8,11.4,9.2,15.0,22.5,26.5,24.3,5.0,0.0,0.0,0.0,27.9,33.2,39.2,40.3,40.6,37.5,33.4,26.9,22.2,15.0,14.0,14.0,16.1,16.8,17.2,17.0,15.6,16.5,7.2,1.0,5.1,11.7,13.0,11.2,10.2,10.8,10.3,10.0,9.5,12.4,39.4,34.5,37.1,33.2,32.7,32.8,29.2,30.0,28.2
107.4,12.7,11.7,8.1,7.6,13.2,19.7,22.5,20.0,5.7,0.0,0.0,0.0,21.5,26.6,31.0,32.2,32.0,29.4,26.9,21.6,17.0,10.0,12.0,13.6,13.0,13.3,14.0,14.3,13.9,12.8,4.1,1.0,4.1,9.4,9.2,9.2,9.8,9.1,8.1,7.3,8.5,10.0,32.3,30.5,28.2,26.9,26.3,26.1,26.6,23.4,20.8
137.2,13.9,12.2,7.1,3.2,7.0,12.2,14.6,12.6,3.6,0.0,0.0,0.0,24.0,28.0,30.1,29.3,26.9,23.8,21.0,18.0,16.1,13.5,15.6,17.0,18.0,18.4,19.3,21.2,19.2,17.5,6.3,1.4,8.1,18.4,18.0,18.8,19.4,19.0,16.1,14.0,14.0,14.0,57.9,51.7,51.2,46.1,44.8,45.9,43.1,38.9,35.8
134.4,16.5,12.5,7.8,4.0,6.7,12.2,13.0,11.0,2.0,0.0,0.0,0.0,27.0,30.1,32.2,32.6,29.1,25.6,23.3,19.9,18.1,19.8,18.4,18.4,19.8,21.6,21.5,20.2,19.0,18.7,8.1,2.0,7.2,18.7,20.2,20.5,19.7,20.1,19.6,17.5,15.5,16.8,57.7,51.5,51.2,48.9,46.3,44.9,41.3,40.2,36.8
122.1,17.9,14.6,8.1,3.6,7.2,12.7,14.2,11.7,2.0,0.0,0.0,0.0,30.4,34.0,36.1,36.8,34.2,29.5,26.4,22.5,20.5,20.8,21.2,20.6,21.9,23.6,24.6,22.4,22.0,21.4,8.1,2.0,8.6,21.4,22.4,22.7,22.8,21.5,21.9,19.9,17.7,19.9,66.1,59.5,56.6,55.9,52.2,48.8,49.6,44.2,41.4
107.4,15.0,11.2,6.1,3.2,8.5,12.2,14.2,12.0,2.8,0.0,0.0,0.0,25.2,28.8,31.4,30.9,29.2,25.0,21.6,19.0,17.5,17.0,17.5,18.9,19.2,19.8,21.4,21.9,21.1,17.0,6.4,1.4,8.1,19.2,18.8,19.7,21.9,20.1,17.1,17.5,18.4,18.0,59.1,52.9,49.2,48.4,46.1,43.9,44.0,39.1,34.7
137.2,15.1,12.2,8.1,5.1,7.8,12.1,13.6,11.2,3.0,0.0,0.0,0.0,24.2,28.2,31.3,32.2,30.8,28.3,25.5,21.9,19.4,14.0,16.0,17.0,19.0,19.2,20.4,20.6,20.2,17.7,7.0,1.0,7.6,18.4,17.7,17.0,17.2,17.0,15.2,12.5,12.0,14.1,58.8,53.0,51.6,48.5,45.5,46.1,44.8,39.7,35.8
134.4,16.3,12.0,8.5,3.6,4.2,8.5,10.0,9.1,1.0,0.0,0.0,0.0,25.1,28.6,31.8,32.2,30.8,28.3,26.9,22.6,20.0,12.6,12.4,13.0,15.0,17.0,16.1,16.3,16.8,16.1,7.1,2.2,6.3,16.1,18.0,18.2,16.0,16.0,15.0,13.0,10.0,11.2,60.7,53.2,53.8,50.4,49.0,47.2,45.7,43.6,38.9
137.2,13.6,11.4,7.3,3.2,5.4,9.2,10.8,9.8,1.4,0.0,0.0,0.0,25.3,29.4,32.6,33.2,32.0,29.1,26.5,22.2,19.0,5.0,5.0,7.2,8.6,8.6,7.1,7.8,8.5,7.3,2.2,1.0,3.6,9.1,9.1,8.5,8.5,8.9,8.1,5.8,5.4,6.1,30.4,28.6,27.7,27.6,24.4,25.2,25.5,23.5,19.0
134.4,12.1,9.9,6.4,2.0,4.2,9.4,10.8,10.2,2.2,0.0,0.0,0.0,26.2,30.1,34.1,35.1,32.4,30.4,26.9,21.2,17.1,7.2,5.7,5.4,6.3,7.6,7.8,7.8,7.8,8.9,3.6,1.0,3.6,8.9,9.9,9.4,7.6,8.5,9.2,8.1,7.1,6.3,31.6,28.0,29.3,26.7,26.2,25.9,24.2,23.4,22.4
122.1,10.2,8.2,5.8,2.0,5.0,9.2,11.7,10.3,2.2,0.0,0.0,0.0,23.4,28.3,31.1,32.6,30.0,27.8,24.6,20.1,15.6,13.5,10.8,12.5,12.1,13.9,13.6,14.9,13.5,14.6,5.8,1.0,7.6,18.0,17.0,16.6,17.0,18.0,16.1,15.0,12.4,13.3,61.7,55.0,56.7,50.0,50.0,50.6,46.8,44.2,40.7
107.4,11.0,8.9,5.7,2.0,5.1,10.3,12.0,10.6,2.2,0.0,0.0,0.0,24.7,29.5,32.2,33.3,31.4,28.3,25.5,20.5,15.8,12.8,12.0,12.8,14.2,14.9,15.0,15.3,14.9,14.0,5.7,1.0,8.1,18.4,18.0,18.4,17.7,19.1,17.0,15.1,13.0,14.0,64.1,57.0,57.4,53.9,52.2,51.6,50.8,45.5,42.3
137.2,1.4,3.2,2.0,3.0,5.7,9.4,11.7,10.2,2.0,0.0,0.0,0.0,26.0,30.0,33.3,33.8,32.8,28.8,24.7,18.2,12.4,21.3,15.8,14.9,14.6,14.0,13.4,12.8,11.7,13.0,6.4,2.2,7.3,22.0,25.1,27.0,28.3,27.5,25.2,24.5,24.6,22.0,62.1,58.6,57.0,51.3,51.7,50.2,47.0,45.7,40.8
130.0,21.1,15.3,15.8,8.6,7.1,16.3,21.1,25.0,5.4,0.0,0.0,0.0,21.0,15.3,13.5,14.2,20.1,26.6,23.3,22.5,23.4,86.2,72.6,74.7,68.7,58.2,54.0,40.7,36.4,29.4,8.1,1.0,13.0,33.4,32.2,39.2,39.8,26.9,28.8,49.4,57.1,83.2,54.1,46.4,39.1,28.6,19.4,18.0,21.3,20.6,24.2
88.1,15.6,15.3,11.7,6.4,2.0,13.5,20.6,19.9,5.0,0.0,0.0,0.0,19.8,14.2,10.8,11.7,15.0,22.0,19.1,15.0,13.6,83.2,75.2,66.7,59.7,47.0,51.5,46.0,38.6,25.6,11.3,3.6,15.6,38.2,39.9,38.0,43.7,33.3,32.4,48.8,61.8,81.4,56.7,53.2,33.6,31.3,16.2,14.6,18.1,16.2,23.9
134.4,3.6,2.2,4.0,10.2,16.5,20.6,20.2,17.0,3.2,0.0,0.0,0.0,29.0,34.2,37.8,37.8,33.3,26.2,19.2,12.2,5.7,36.2,33.8,29.8,27.5,27.7,26.9,26.2,22.1,20.4,7.6,1.0,10.2,25.5,27.1,29.7,31.9,34.1,33.6,33.9,34.0,35.1,76.2,69.0,66.6,63.0,61.8,59.2,54.6,49.4,45.5
122.1,3.2,1.0,2.8,9.2,14.2,17.0,17.0,14.2,2.2,0.0,0.0,0.0,24.7,29.7,32.3,32.3,29.4,22.4,16.0,10.0,4.1,30.1,29.8,25.8,23.8,25.2,24.2,21.5,20.1,17.1,6.1,2.0,9.2,22.0,22.8,26.1,29.2,28.6,29.0,28.6,30.1,33.5,68.2,61.4,58.5,57.3,52.3,50.7,48.4,43.6,41.1
107.4,3.2,1.0,4.1,9.8,16.1,20.1,19.7,16.8,3.0,0.0,0.0,0.0,28.3,33.6,37.0,37.2,32.4,26.4,19.3,10.8,5.0,32.6,34.5,29.0,26.2,29.7,25.6,24.7,23.4,17.9,5.8,1.4,10.3,26.0,26.4,30.1,32.6,34.0,33.0,31.1,31.4,36.1,78.2,69.1,64.0,64.8,60.0,57.7,56.7,47.1,46.6
137.2,3.0,1.0,3.6,10.0,16.6,20.2,20.0,17.0,2.2,0.0,0.0,0.0,28.2,33.5,36.9,36.7,32.2,26.0,18.0,11.0,5.1,18.0,17.1,14.3,13.0,13.6,14.3,13.0,11.3,10.4,2.8,1.0,5.1,12.8,13.0,14.0,16.1,16.1,17.0,15.8,16.4,18.9,38.1,33.7,32.8,31.8,30.0,29.1,27.5,24.1,22.8
155.2,15.6,15.0,13.5,7.2,9.5,15.3,18.0,20.6,4.5,0.0,0.0,0.0,22.0,13.6,8.2,2.2,7.2,14.6,18.0,22.1,14.1,76.0,69.1,69.3,64.6,56.4,43.3,41.0,34.1,26.2,11.0,2.0,15.1,37.1,37.1,34.1,38.3,39.3,34.0,43.0,56.6,79.8,48.1,44.0,24.2,20.2,3.0,18.9,17.7,21.9,26.9
86.4,22.0,14.3,14.1,11.4,7.8,13.9,21.3,24.1,3.6,0.0,0.0,0.0,23.4,20.6,9.1,4.2,12.0,17.0,22.6,25.2,27.6,82.2,80.5,76.5,66.9,52.4,48.0,43.4,41.0,34.0,11.7,1.0,11.0,31.1,34.0,30.9,32.5,27.9,28.5,41.8,58.7,70.2,31.4,33.9,29.4,17.7,4.2,3.0,14.2,22.8,24.2
118.4,20.6,20.9,13.4,13.9,7.6,13.6,17.7,21.0,5.4,0.0,0.0,0.0,23.8,11.4,6.7,3.2,10.3,17.5,23.0,21.9,20.0,79.9,79.6,68.3,61.8,47.4,42.5,36.3,31.0,22.8,7.3,2.2,10.6,29.5,40.3,35.0,28.4,25.5,15.8,31.4,40.0,63.1,48.8,35.1,36.1,22.1,7.0,9.2,14.4,21.4,26.1
134.4,4.5,8.2,9.1,10.0,13.4,18.2,20.0,19.4,4.5,0.0,0.0,0.0,21.6,27.5,32.9,36.7,35.7,32.1,27.0,18.1,9.1,14.9,15.0,14.4,13.3,12.4,11.7,12.2,11.2,10.8,4.0,1.0,3.6,11.2,13.0,13.0,12.1,12.0,12.5,14.1,14.3,13.9,31.8,28.3,25.7,23.6,23.9,23.2,22.5,20.6,17.3
122.1,5.1,9.1,9.2,10.0,13.4,18.1,20.1,18.4,4.1,0.0,0.0,0.0,19.9,26.0,31.8,35.1,34.2,31.3,26.0,17.0,8.1,13.9,14.0,13.3,13.0,13.0,12.2,11.2,10.8,10.3,4.5,1.4,3.6,10.0,11.7,12.8,13.3,12.2,11.7,12.8,13.9,14.1,31.1,28.4,25.9,24.1,22.6,22.8,21.9,20.0,18.0
137.2,7.1,8.6,7.6,9.5,15.6,21.6,24.6,23.8,6.1,0.0,0.0,0.0,19.4,25.7,31.6,35.1,36.0,31.4,26.7,17.5,9.0,16.3,18.2,17.5,15.6,16.2,15.0,15.7,14.2,13.2,5.0,1.0,3.6,9.8,11.4,11.2,10.2,10.8,12.0,13.0,13.3,15.0,33.1,29.1,27.1,24.7,24.4,24.2,23.0,20.1,17.8
134.4,8.2,9.2,6.3,7.2,14.3,21.8,24.3,23.1,5.0,0.0,0.0,0.0,17.0,22.8,28.6,31.6,31.6,29.1,24.0,16.0,9.8,32.3,30.3,28.4,30.0,30.5,30.5,29.1,25.7,26.2,11.0,1.4,7.0,16.4,17.7,17.0,18.7,19.4,18.4,19.7,24.6,26.7,61.8,55.2,58.2,49.0,49.5,46.9,40.3,41.4,37.3
122.1,8.1,9.0,6.4,9.1,17.9,25.2,28.4,27.6,6.4,0.0,0.0,0.0,19.9,26.2,31.4,36.2,35.2,33.2,28.3,19.8,10.3,17.5,17.0,17.5,18.0,17.2,16.5,16.0,15.2,15.0,6.3,1.4,3.2,8.6,9.5,11.0,11.2,11.3,10.0,11.7,13.9,15.0,35.8,32.4,31.8,27.3,26.9,26.9,24.4,24.0,20.2
107.4,6.0,5.0,3.2,10.0,21.0,28.3,31.8,30.8,7.6,0.0,0.0,0.0,18.2,23.3,27.3,31.0,32.4,30.1,26.2,19.0,10.0,27.3,32.1,33.0,30.0,34.1,32.3,31.3,31.4,26.4,8.5,2.2,7.0,17.7,18.4,20.4,18.8,17.7,18.0,19.4,19.6,26.2,74.3,68.0,58.8,59.0,55.0,53.2,56.3,43.4,42.5
137.2,7.2,6.7,2.8,9.5,20.2,29.2,31.9,29.7,6.4,0.0,0.0,0.0,17.0,21.2,25.0,28.2,27.5,26.5,23.2,16.3,8.6,30.1,31.1,30.4,31.4,34.0,34.8,33.6,30.0,28.7,10.0,1.0,8.1,19.0,18.4,18.4,18.8,18.1,17.3,16.5,18.0,24.2,69.4,63.5,60.9,57.6,55.1,53.8,50.2,46.1,43.0
134.4,8.1,5.8,0.0,7.8,18.4,26.9,30.5,28.6,6.4,0.0,0.0,0.0,12.0,15.6,20.6,26.2,29.6,31.1,30.1,23.3,16.6,23.4,26.1,27.6,29.2,30.8,30.1,30.0,28.3,27.3,11.2,0.0,7.1,15.1,13.9,12.0,11.4,10.3,7.6,7.2,11.2,16.6,74.1,66.8,63.8,58.1,55.1,54.3,51.5,47.4,42.5
122.1,10.2,7.2,1.0,11.7,25.5,35.8,41.8,38.6,9.2,0.0,0.0,0.0,17.9,22.0,28.3,35.6,41.3,43.4,40.7,33.1,22.0,13.9,17.7,18.9,19.4,19.0,19.9,20.0,20.2,18.2,6.4,1.0,4.1,8.9,8.5,8.6,8.5,7.0,4.1,4.2,7.8,10.8,50.2,45.5,41.8,38.1,36.1,36.0,35.5,30.4,27.8
107.4,8.9,6.4,1.0,8.0,18.1,27.1,31.0,30.1,7.1,0.0,0.0,0.0,13.0,16.3,21.5,27.5,31.2,32.6,31.1,24.8,17.0,23.8,26.0,28.2,28.2,29.1,29.5,31.6,28.3,26.6,10.0,1.0,4.5,12.6,13.0,12.2,12.5,9.2,5.8,8.1,12.0,14.0,76.1,64.0,63.0,55.1,55.9,55.9,49.7,46.4,41.5
137.2,15.1,8.9,5.0,0.0,8.9,17.9,23.3,25.1,6.3,0.0,0.0,0.0,2.8,8.5,16.8,28.5,37.7,43.4,46.1,40.8,33.1,11.4,11.0,10.4,11.2,12.2,12.8,11.7,10.0,9.0,3.6,0.0,2.8,6.1,5.0,4.2,5.8,6.1,6.3,6.4,6.7,9.2,34.2,29.1,26.9,26.2,25.2,25.1,22.6,20.1,19.1
134.4,16.6,8.1,5.4,2.2,8.1,15.1,21.1,22.4,6.0,0.0,0.0,0.0,1.4,5.0,13.5,24.1,34.7,42.4,43.8,43.2,34.7,20.0,17.2,18.9,18.0,19.0,18.4,18.4,16.2,14.0,4.2,0.0,6.4,13.6,14.9,15.3,14.9,17.0,16.1,16.6,18.4,18.0,64.0,56.0,52.9,45.5,51.1,46.8,46.1,38.5,38.2
107.4,21.0,11.7,8.6,2.8,7.1,18.0,25.0,28.0,7.1,0.0,0.0,0.0,4.5,3.6,15.5,29.8,43.4,53.2,58.5,53.9,44.6,14.0,13.0,11.7,10.2,10.0,11.7,11.7,11.0,9.5,3.2,0.0,5.0,10.8,11.3,10.8,12.4,13.2,13.0,13.6,13.6,13.0,37.6,34.4,31.4,29.7,29.7,29.2,28.6,25.2,22.8
137.2,19.2,12.2,10.2,6.0,5.1,12.1,17.9,20.1,4.5,0.0,0.0,0.0,8.2,3.0,7.8,21.6,34.1,44.3,48.8,46.5,38.5,11.2,9.2,7.6,8.1,8.5,8.1,6.7,7.2,7.1,2.8,1.4,4.1,11.7,13.0,14.4,13.9,14.0,13.6,13.6,14.3,14.0,31.6,27.8,28.0,27.2,27.0,25.1,24.0,22.8,21.0
134.4,20.5,13.0,8.5,5.7,9.1,13.9,18.4,18.0,3.2,0.0,0.0,0.0,6.3,2.0,8.6,21.9,33.6,41.7,45.2,46.5,37.4,9.1,7.6,7.2,6.0,5.8,6.4,6.7,8.0,7.6,2.0,1.0,4.1,9.9,11.2,12.0,12.6,11.7,12.0,12.5,12.2,9.5,31.3,29.5,29.1,26.9,25.6,24.4,25.1,22.6,18.8
122.1,18.7,12.0,8.1,6.1,7.2,12.4,15.3,15.5,3.2,0.0,0.0,0.0,5.0,2.2,8.5,19.2,28.7,36.4,39.7,38.8,32.8,8.0,5.4,5.7,6.3,6.3,5.7,4.1,5.0,6.1,2.2,1.4,3.2,7.6,9.2,10.3,10.0,10.4,8.9,9.9,11.2,9.1,26.1,24.0,23.7,22.8,22.8,21.0,20.4,19.1,18.4
107.4,21.2,12.1,8.1,6.0,9.2,15.0,18.6,18.6,4.5,0.0,0.0,0.0,6.1,1.0,9.0,22.0,34.1,42.3,47.4,45.4,39.1,9.2,8.2,7.8,7.3,6.1,5.8,6.4,7.1,6.7,3.0,1.0,3.6,11.0,11.7,11.4,11.7,12.2,13.3,13.6,12.2,11.2,33.2,30.3,28.8,26.6,26.2,26.1,25.0,23.0,20.2
137.2,24.0,14.0,9.5,6.4,3.6,2.8,6.0,7.1,1.4,0.0,0.0,0.0,3.2,1.4,9.8,19.9,30.4,39.6,44.8,45.6,40.7,14.9,11.4,9.2,7.8,7.1,5.0,4.0,2.8,2.2,0.0,1.0,4.2,11.2,13.4,14.3,14.9,14.3,14.9,16.3,17.3,17.0,25.2,22.0,20.6,19.4,20.1,19.2,17.9,16.0,14.4
134.4,25.6,18.4,13.6,10.8,7.8,5.4,5.1,5.8,1.0,0.0,0.0,0.0,3.0,2.2,10.3,20.1,29.5,36.8,42.1,41.8,37.9,13.0,10.0,7.6,6.4,5.4,4.5,3.2,1.4,1.4,0.0,1.4,4.1,10.0,11.7,14.0,14.8,14.4,14.1,14.1,15.3,16.1,27.0,23.6,21.6,20.9,20.1,19.7,17.5,15.1,14.6
122.1,23.3,15.8,12.0,10.0,6.1,4.2,4.0,5.1,1.4,0.0,0.0,0.0,3.6,1.0,8.6,18.6,27.8,35.5,40.3,40.3,36.8,24.5,21.8,17.0,13.0,9.1,6.4,4.5,3.2,2.2,2.2,1.4,9.0,22.5,24.0,25.5,26.9,28.8,30.1,30.0,29.4,29.6,50.9,46.2,44.3,42.0,39.8,36.8,34.8,32.1,30.5
107.4,28.3,20.2,15.3,13.0,9.2,5.7,5.1,6.1,2.0,0.0,0.0,0.0,3.6,3.2,11.4,22.2,33.6,41.2,46.7,46.0,43.1,15.8,11.7,8.1,6.3,5.0,5.1,3.2,2.0,1.4,1.0,1.0,5.0,11.7,12.7,14.3,16.0,17.0,16.4,15.5,17.0,17.0,29.5,26.1,24.6,21.9,22.8,22.0,20.6,18.4,15.8
137.2,38.9,27.9,20.6,14.0,11.4,9.8,8.9,7.0,2.2,0.0,0.0,0.0,6.1,3.6,9.0,17.0,24.5,32.6,40.5,44.4,47.9,17.1,13.2,9.9,7.6,5.4,4.5,2.2,2.2,1.4,1.0,1.0,5.0,14.4,16.5,17.5,17.5,19.0,19.2,18.0,19.2,19.8,30.4,26.8,26.1,24.0,25.1,24.2,23.2,20.5,18.2
134.4,38.3,27.7,18.6,14.4,12.1,10.8,8.6,7.2,2.2,0.0,0.0,0.0,5.1,4.5,8.5,14.9,22.2,30.4,38.6,42.5,47.9,13.9,12.5,10.0,7.2,6.0,2.8,3.0,2.2,2.2,1.0,1.0,4.1,12.6,12.6,14.4,16.0,16.3,17.1,16.6,15.3,17.0,30.4,26.2,25.5,24.8,22.6,22.1,20.8,20.0,19.2
122.1,37.2,27.5,19.1,14.1,11.7,10.8,8.1,7.6,2.8,0.0,0.0,0.0,5.8,4.5,8.0,15.0,21.4,29.4,38.3,44.4,45.7,15.3,12.0,9.0,7.2,5.4,4.5,4.1,2.8,2.2,1.4,1.0,4.1,12.0,14.0,15.6,16.3,15.7,15.7,16.0,17.0,17.5,29.4,26.4,25.0,23.9,23.3,23.2,21.9,20.1,18.0
107.4,37.9,27.7,19.0,13.6,11.2,10.3,8.2,7.3,2.8,0.0,0.0,0.0,5.8,4.5,8.1,14.0,22.0,30.6,38.6,42.4,47.8,14.8,13.2,9.9,7.0,5.8,4.1,3.6,3.2,2.2,1.4,1.4,3.6,11.7,12.5,15.1,16.3,16.0,16.6,15.2,16.1,17.7,29.7,26.9,25.2,24.1,21.9,22.5,22.1,19.8,18.4
137.2,26.9,14.0,7.1,9.1,12.0,12.0,9.5,5.7,1.0,0.0,0.0,0.0,7.1,9.0,14.0,21.0,27.3,34.7,41.5,42.2,42.2,12.7,12.0,10.8,10.2,10.0,8.0,7.1,5.0,4.2,1.0,1.0,3.2,8.5,9.0,9.2,10.4,11.2,12.6,13.0,13.0,13.6,25.1,23.1,23.1,23.0,22.0,21.3,19.2,17.0,17.1
134.4,25.0,12.0,6.3,10.3,13.9,13.5,10.8,7.1,2.2,0.0,0.0,0.0,7.2,9.2,14.2,21.4,29.2,36.4,42.8,45.2,42.4,13.4,12.6,11.7,9.2,8.6,7.3,5.8,5.4,5.4,2.0,1.4,2.8,8.2,9.4,11.2,11.7,12.4,11.7,12.2,12.0,13.0,25.3,24.6,23.5,22.7,21.1,20.2,19.3,19.3,17.9
122.1,21.1,10.0,5.1,8.9,11.2,11.2,8.2,5.8,1.0,0.0,0.0,0.0,6.3,8.2,12.2,19.2,25.3,31.3,37.2,41.3,36.5,11.4,10.0,9.2,9.1,7.8,9.1,6.4,5.1,4.2,1.0,1.0,4.0,8.1,8.2,8.6,9.1,10.6,11.0,10.6,11.2,10.8,20.5,21.0,20.8,20.1,20.6,18.6,18.0,15.6,14.6
107.4,25.0,11.0,6.7,10.2,13.2,13.0,10.8,7.2,1.0,0.0,0.0,0.0,7.6,8.5,13.3,20.6,28.2,36.4,42.4,43.7,43.0,10.8,11.4,10.0,9.2,10.8,7.6,7.6,5.4,4.1,2.2,1.0,3.0,10.0,9.1,9.2,10.0,10.8,12.0,12.8,13.0,15.3,27.0,22.1,23.0,22.4,21.0,22.0,19.6,17.0,17.0
137.2,13.0,6.4,11.0,16.6,20.0,22.8,21.0,17.7,3.2,0.0,0.0,0.0,13.2,18.7,25.3,32.7,37.6,40.8,41.9,38.2,29.1,11.4,10.0,11.0,11.4,12.2,11.4,9.8,9.2,10.0,4.2,1.0,1.4,2.2,2.0,3.0,3.6,3.2,4.2,4.2,7.2,9.1,26.2,22.8,23.3,23.0,21.5,19.4,20.0,19.6,17.0
134.4,11.4,6.1,7.2,12.2,16.0,18.4,18.0,14.8,3.6,0.0,0.0,0.0,11.3,16.3,22.2,26.6,30.9,32.7,32.6,29.1,24.4,18.0,19.6,20.2,19.2,19.4,20.5,20.2,18.4,16.3,5.8,1.0,1.0,2.0,1.4,2.2,4.0,4.1,6.1,10.2,13.0,15.0,48.3,43.1,41.2,38.0,37.2,36.8,35.9,31.0,28.2
122.1,13.3,6.7,7.0,10.3,14.9,16.6,16.6,13.6,2.0,0.0,0.0,0.0,12.0,17.3,23.5,27.5,32.3,33.1,33.1,29.7,25.6,20.2,20.1,19.2,19.0,19.7,21.4,18.4,17.9,15.2,6.7,0.0,1.4,1.0,1.0,2.0,2.0,4.1,7.1,10.0,11.2,14.6,47.5,42.4,38.3,38.2,38.3,35.8,34.5,31.6,29.0
107.4,15.0,7.2,8.1,11.4,17.2,19.7,18.7,16.1,3.0,0.0,0.0,0.0,14.1,20.1,26.0,32.1,36.3,37.9,37.6,33.8,28.5,11.7,11.0,11.0,11.0,12.4,12.1,10.6,10.0,8.6,4.0,1.0,1.0,1.0,1.0,1.0,1.0,2.2,4.1,6.1,6.0,8.1,27.0,24.7,21.5,22.4,21.3,19.1,20.0,18.4,16.5
137.2,13.6,9.0,3.6,6.4,13.0,19.2,20.6,19.0,4.0,0.0,0.0,0.0,13.9,18.8,23.9,28.4,31.1,30.5,28.6,24.8,21.3,26.5,28.0,28.2,26.9,26.9,27.5,27.6,24.2,21.6,8.1,1.0,3.2,5.8,5.1,7.1,8.2,9.2,10.0,14.0,18.1,21.6,59.5,53.2,51.1,48.7,47.1,47.9,43.9,40.0,37.2
134.4,17.0,10.4,4.5,9.2,18.8,24.7,26.6,23.8,5.1,0.0,0.0,0.0,16.0,21.0,26.7,31.0,32.6,31.9,30.8,27.5,22.8,31.0,36.1,36.2,35.4,34.4,34.7,32.8,31.6,30.0,10.0,0.0,4.2,10.0,7.0,9.1,10.0,11.0,15.1,15.1,22.2,28.4,68.2,63.2,60.0,55.4,55.0,55.2,55.2,47.0,43.2
122.1,18.4,12.0,4.2,8.6,17.8,24.7,25.9,22.4,4.5,0.0,0.0,0.0,17.3,22.1,27.3,31.1,33.4,33.2,31.1,27.6,24.4,33.6,34.2,33.7,35.0,34.7,34.9,33.3,30.8,30.8,12.2,1.0,4.1,9.8,8.5,7.6,8.6,12.5,13.4,16.2,22.8,27.7,66.7,59.7,61.7,58.3,55.1,56.6,51.1,50.2,44.4
107.4,18.0,11.4,3.6,7.2,17.7,23.5,25.3,22.1,4.1,0.0,0.0,0.0,17.0,22.1,27.7,32.0,34.4,33.6,31.1,28.7,24.7,34.2,34.5,34.1,33.3,35.0,35.5,34.0,30.8,27.8,11.4,1.4,3.6,8.1,9.1,9.2,9.5,11.2,14.1,17.5,21.2,25.9,69.1,61.6,59.1,56.9,56.6,55.9,52.4,48.0,44.3
137.2,14.1,7.3,4.1,10.0,18.0,23.9,22.8,19.1,3.2,0.0,0.0,0.0,22.8,24.5,26.2,25.6,25.1,23.7,22.5,20.6,19.7,21.2,25.0,26.9,27.0,31.0,30.1,28.2,27.5,25.5,8.2,1.0,7.8,18.0,16.8,16.6,15.0,15.6,15.0,13.5,12.8,19.2,67.7,62.1,57.7,61.2,56.9,54.8,57.1,50.6,46.6
134.4,16.1,8.6,9.5,18.4,28.3,33.9,33.4,27.3,5.1,0.0,0.0,0.0,35.2,37.1,39.1,37.5,34.0,31.3,28.8,26.2,23.5,17.0,17.5,15.2,19.7,21.1,19.6,20.8,17.2,15.2,8.5,1.0,5.0,13.0,14.3,13.5,12.8,13.0,12.6,12.6,12.2,10.8,47.0,43.0,44.8,40.2,41.6,41.1,37.9,38.5,34.4
122.1,13.3,8.1,8.2,16.1,23.8,28.9,27.2,23.1,5.4,0.0,0.0,0.0,27.5,28.8,30.1,29.4,27.7,25.3,23.2,21.2,19.4,22.8,27.3,30.0,28.3,33.1,32.3,32.1,30.5,27.6,9.1,2.0,8.5,21.0,21.1,22.1,21.5,20.8,19.1,19.2,19.8,23.3,80.6,72.1,67.3,67.1,65.9,65.2,66.2,56.6,53.3
107.4,11.2,6.3,7.1,14.8,22.0,27.3,26.0,21.4,4.0,0.0,0.0,0.0,26.3,27.5,28.3,27.2,25.0,23.0,21.1,19.0,17.0,21.9,25.1,28.2,29.4,33.0,30.1,28.6,30.2,25.6,10.8,1.0,10.0,21.4,20.6,21.3,22.8,21.9,19.6,16.5,17.5,21.6,75.0,69.8,65.8,65.8,63.9,61.3,64.6,55.6,52.8
137.2,6.7,6.0,12.6,19.0,26.4,29.1,29.3,23.1,5.1,0.0,0.0,0.0,30.0,31.9,32.4,30.5,27.3,23.5,21.0,17.0,14.0,25.1,22.8,25.1,25.2,26.2,25.9,26.0,27.0,26.0,10.8,1.0,10.8,27.9,27.0,28.3,30.1,29.7,27.6,24.4,24.4,24.7,83.6,76.1,74.7,69.1,69.6,68.9,68.1,61.5,56.4
134.4,2.2,5.1,11.2,18.7,23.4,27.7,26.6,21.9,5.0,0.0,0.0,0.0,27.3,29.6,31.4,31.1,28.0,24.3,21.2,16.6,11.7,23.8,23.5,23.3,24.0,24.1,25.0,25.1,24.8,23.3,8.9,1.4,9.8,23.8,24.4,26.9,28.6,27.5,26.0,25.0,25.2,26.0,73.0,68.0,64.7,61.8,61.7,61.6,59.3,54.6,49.7
122.1,1.4,5.4,11.7,17.7,24.5,27.1,26.1,21.4,5.4,0.0,0.0,0.0,27.5,30.3,31.3,31.0,27.9,24.2,20.6,15.6,10.6,28.3,23.0,22.8,25.5,23.6,26.0,26.7,25.0,25.5,11.4,1.0,10.8,25.6,25.2,26.2,28.5,28.3,26.2,27.0,27.0,26.9,68.8,66.4,67.0,57.9,61.0,62.0,55.8,55.4,49.0
107.4,2.0,4.1,10.8,16.1,23.0,25.5,25.5,20.6,4.1,0.0,0.0,0.0,28.3,31.6,33.6,32.2,29.5,26.0,21.0,17.0,12.0,28.0,24.8,24.1,23.4,26.9,26.9,28.0,24.4,23.6,10.0,2.2,8.1,24.2,26.7,28.1,27.5,27.3,27.7,27.7,26.9,24.6,71.8,64.3,64.1,60.2,62.6,61.6,56.4,54.6,50.4
137.2,11.2,8.0,5.0,9.1,14.3,19.7,20.2,17.0,3.6,0.0,0.0,0.0,23.3,27.6,30.6,30.8,29.2,25.5,22.5,18.4,14.4,26.7,23.2,21.0,24.0,25.3,25.1,23.6,23.3,19.7,10.4,1.4,7.0,16.3,17.5,17.1,18.2,20.1,18.2,20.2,22.6,22.4,55.2,53.3,54.6,48.5,49.2,48.1,47.4,42.7,39.1
134.4,17.0,11.4,6.1,6.3,14.1,19.4,19.9,17.1,3.2,0.0,0.0,0.0,24.4,28.3,31.8,33.2,32.3,30.6,27.3,24.7,21.5,26.6,27.3,26.6,27.5,30.1,28.3,26.0,23.6,21.9,10.0,1.4,5.1,12.8,14.3,15.5,15.1,16.3,17.1,18.1,18.0,21.4,64.5,57.0,52.8,52.0,51.7,48.0,49.0,42.5,41.4
137.2,15.7,11.2,5.4,6.0,12.5,17.8,19.1,16.3,3.6,0.0,0.0,0.0,19.2,23.3,27.2,29.0,29.8,28.6,27.5,23.6,21.2,22.4,26.2,25.5,24.8,25.6,26.9,25.0,22.4,21.2,8.1,1.0,4.1,8.6,9.4,11.2,10.4,8.9,12.2,13.0,15.0,18.9,55.4,50.4,46.9,43.3,43.9,42.1,43.1,35.5,34.5
134.4,17.0,12.6,7.8,10.2,15.8,21.3,21.9,19.2,5.0,0.0,0.0,0.0,19.1,23.0,26.7,30.1,30.0,28.8,27.8,23.9,21.5,25.6,25.5,26.4,26.8,27.2,27.2,29.2,26.6,23.4,10.0,0.0,4.5,10.8,8.5,8.1,9.8,9.5,8.9,13.6,17.9,20.1,54.2,48.9,50.2,44.9,43.4,44.0,39.1,36.8,34.7
107.4,18.4,13.0,8.6,11.2,18.4,23.4,23.3,19.7,3.6,0.0,0.0,0.0,23.1,27.3,31.4,33.3,34.0,33.4,30.8,27.8,24.0,30.0,30.4,30.1,29.5,32.8,31.9,31.0,26.0,26.0,10.3,1.4,3.6,11.0,11.0,11.4,10.8,11.2,13.3,15.5,18.7,21.8,62.4,52.6,53.5,48.8,48.1,49.7,42.2,41.0,38.3
137.2,16.1,7.8,5.0,11.0,18.0,22.2,20.9,16.8,2.2,0.0,0.0,0.0,22.8,27.5,30.5,32.7,32.9,33.2,32.3,28.2,25.3,27.2,27.7,26.6,27.2,29.2,27.3,26.9,23.9,22.6,10.0,1.4,3.6,10.4,12.0,11.0,10.0,11.2,12.0,14.3,16.3,20.6,62.5,52.8,52.4,49.8,48.1,46.7,41.8,41.9,37.0
134.4,13.0,4.1,5.7,13.0,18.9,21.1,19.2,14.6,2.2,0.0,0.0,0.0,20.6,24.0,27.9,28.8,31.4,30.4,29.2,27.3,24.2,22.8,23.5,24.5,25.0,24.0,24.2,20.6,22.2,19.2,7.6,1.0,5.4,10.4,10.0,10.0,10.0,10.0,10.0,11.2,14.3,20.0,53.1,50.4,42.2,47.0,42.1,37.1,42.0,35.8,30.1
122.1,12.8,3.6,5.0,12.8,19.2,21.3,19.8,15.0,3.2,0.0,0.0,0.0,20.5,24.1,27.7,29.2,30.2,29.7,29.2,27.5,23.9,22.5,24.2,26.0,23.5,24.6,24.4,22.8,21.2,18.2,6.4,1.0,4.2,9.2,9.1,11.0,11.2,10.2,10.0,13.0,15.0,18.2,56.6,51.4,44.1,44.7,42.5,39.4,40.6,33.5,30.3
107.4,14.0,4.1,5.4,13.3,19.2,22.1,20.0,15.0,2.0,0.0,0.0,0.0,22.0,25.0,29.0,31.1,32.1,31.3,30.4,29.4,25.2,25.1,25.0,24.0,25.5,27.7,26.5,24.2,21.2,21.5,9.2,1.0,4.5,10.4,10.8,10.6,9.9,11.4,11.3,13.5,14.1,20.6,57.7,52.2,48.1,46.6,44.8,41.8,42.1,36.4,34.4
137.2,15.3,9.4,6.0,10.8,18.4,23.1,22.8,19.4,4.0,0.0,0.0,0.0,23.2,27.0,31.1,32.8,32.6,31.4,29.2,26.2,23.3,12.0,13.0,13.3,12.6,12.1,13.0,12.7,10.8,9.5,3.2,1.0,3.0,5.7,4.2,5.0,5.7,5.7,5.0,7.6,8.9,9.4,31.3,28.2,25.7,24.0,23.8,23.9,21.9,19.4,18.4
134.4,16.1,9.5,6.3,9.4,17.0,21.4,21.1,17.5,4.1,0.0,0.0,0.0,22.1,26.7,30.4,32.2,33.3,31.4,29.2,25.2,23.3,21.0,24.1,24.3,22.6,22.8,23.4,22.5,19.8,17.7,6.1,0.0,5.0,10.2,8.2,8.5,9.8,9.8,8.6,11.4,15.3,19.2,58.9,53.8,48.3,47.3,46.5,45.2,42.7,38.9,35.4
122.1,14.0,9.5,5.1,8.6,15.0,18.9,19.2,16.2,3.2,0.0,0.0,0.0,20.0,23.1,27.9,28.8,29.1,28.3,26.6,23.3,20.2,20.0,21.0,21.2,20.4,21.6,20.6,21.1,17.7,15.6,7.0,0.0,4.5,8.5,7.3,8.1,8.9,8.9,7.8,10.8,13.9,14.8,53.8,46.3,44.7,41.8,40.5,42.0,37.4,35.5,32.8
107.4,16.3,10.2,6.7,10.4,17.2,21.2,21.3,18.4,4.2,0.0,0.0,0.0,22.6,26.2,30.0,31.6,32.6,30.4,28.3,25.5,22.2,21.6,22.8,22.6,23.2,22.1,22.0,22.2,19.9,17.0,8.5,1.0,4.0,9.4,8.9,7.8,9.2,10.6,8.6,11.7,15.3,17.3,56.8,49.5,52.5,45.0,44.3,47.2,41.2,39.6,35.8
137.2,16.2,6.1,5.0,10.8,17.0,19.3,17.5,14.0,2.0,0.0,0.0,0.0,17.3,20.4,25.0,28.5,32.0,33.6,34.9,32.2,29.5,19.7,19.8,19.2,19.4,20.6,22.2,20.2,18.7,17.9,7.3,1.0,2.2,3.6,2.8,2.0,1.0,3.2,5.1,8.1,10.0,14.9,48.9,43.9,43.0,41.0,40.4,38.3,37.7,34.0,32.2
134.4,17.0,6.1,4.5,12.4,16.8,19.7,17.5,12.7,2.8,0.0,0.0,0.0,14.0,16.0,20.1,25.0,28.0,32.0,34.1,34.1,31.1,8.9,9.9,10.8,10.0,9.5,10.3,9.2,9.5,9.1,3.2,1.0,2.0,3.6,3.2,2.2,2.0,2.2,4.2,6.1,7.3,7.1,23.1,23.2,22.4,20.0,19.2,18.8,19.2,17.7,14.4
107.4,20.0,6.4,5.1,13.2,19.2,22.0,19.0,15.8,3.6,0.0,0.0,0.0,14.8,19.2,22.8,27.7,31.8,35.0,38.6,38.8,35.2,10.6,10.8,12.0,10.2,10.3,11.3,11.2,11.0,9.5,2.2,0.0,2.2,3.0,2.8,2.2,2.0,3.6,5.1,6.3,6.4,8.1,27.0,25.9,24.0,21.4,22.8,21.2,21.2,18.9,16.3
137.2,24.6,13.0,12.2,19.4,25.0,27.3,25.6,20.6,3.2,0.0,0.0,0.0,15.8,17.2,20.8,26.4,30.9,37.1,42.5,45.7,39.8,12.2,11.0,11.2,11.4,12.0,12.1,10.3,9.1,7.6,3.2,1.0,3.2,9.2,10.2,9.5,9.4,9.0,8.1,10.0,12.0,12.8,34.2,31.4,30.4,30.1,28.3,27.2,26.5,23.8,21.9
134.4,24.4,14.4,13.2,17.5,22.4,24.0,21.0,16.8,2.8,0.0,0.0,0.0,14.6,15.3,15.5,17.9,23.3,29.7,36.1,38.8,36.6,22.8,19.1,17.7,15.3,16.6,17.3,15.3,14.6,13.4,3.0,1.4,8.2,22.2,23.6,24.7,23.1,24.4,22.0,24.2,24.7,24.2,61.5,55.6,52.9,49.7,51.8,48.8,47.7,42.0,39.7
122.1,24.4,14.1,12.5,17.0,22.7,23.4,21.0,16.1,3.2,0.0,0.0,0.0,14.4,14.8,14.4,17.7,22.7,30.0,35.2,37.2,37.8,22.8,21.0,17.1,15.3,15.6,16.1,15.8,14.0,13.5,4.5,1.4,8.6,21.6,22.8,25.0,24.1,24.5,24.7,23.9,25.1,26.2,61.7,56.0,53.0,50.6,49.8,50.2,47.7,42.5,39.1
107.4,26.9,16.3,14.0,20.2,26.0,27.1,23.3,18.4,2.8,0.0,0.0,0.0,16.1,15.0,16.0,19.6,24.7,32.3,39.0,43.5,41.2,10.0,11.4,9.8,9.4,9.8,8.1,9.5,6.3,6.3,2.8,0.0,5.0,13.0,12.5,13.3,14.1,12.2,15.3,14.3,13.9,15.3,34.9,30.4,29.2,30.0,27.3,28.7,25.3,22.8,22.6
163.4,22.4,22.0,20.6,19.4,19.4,18.6,17.8,17.2,17.2,15.0,14.4,14.4,13.0,0.0,0.0,0.0,0.0,0.0,17.8,18.6,19.4,19.7,22.0,23.3,21.9,22.4,21.9,22.4,22.8,22.8,23.7,15.8,44.3,41.1,39.2,38.6,36.2,36.2,36.2,34.9,32.2,31.3,28.2,26.8,26.9,25.0,2.0,2.8,2.8,33.6,35.8
137.2,37.0,15.3,6.4,15.1,21.2,19.9,14.4,9.8,2.2,0.0,0.0,0.0,4.1,3.6,8.6,20.1,33.2,47.1,59.4,65.0,61.4,29.2,26.6,21.9,18.0,17.9,13.4,13.0,9.2,7.1,2.2,0.0,6.4,19.4,20.8,24.1,24.4,25.5,27.9,27.5,29.0,31.6,28.0,22.8,22.2,22.0,20.9,20.6,19.4,16.3,17.2
134.4,31.8,16.1,2.2,7.2,11.7,12.5,8.5,4.0,0.0,0.0,0.0,0.0,5.0,6.3,8.5,15.8,24.7,35.4,45.5,51.3,49.8,26.1,22.0,19.0,16.0,14.0,12.0,10.0,8.1,6.1,2.2,0.0,6.1,16.3,17.5,18.7,20.6,22.8,22.6,24.3,26.2,27.2,17.1,16.2,15.2,13.9,14.4,13.6,13.0,12.2,10.8
107.4,35.1,19.4,6.3,2.2,7.3,8.2,6.1,3.0,1.0,0.0,0.0,0.0,7.0,9.8,12.0,15.8,25.0,35.2,44.2,48.0,51.0,25.3,21.0,19.1,16.8,14.3,12.5,10.0,7.8,7.1,2.8,1.0,4.5,14.9,16.2,18.4,20.2,21.3,21.2,23.6,25.5,26.2,16.5,17.5,16.6,14.2,14.9,13.6,12.5,12.1,10.4
137.2,32.9,21.0,9.5,4.1,4.1,5.1,4.0,1.4,1.0,0.0,0.0,0.0,6.1,8.9,12.0,16.6,23.5,31.4,39.8,44.1,45.6,20.0,20.2,16.0,13.2,12.8,8.6,8.9,7.1,4.1,1.0,1.4,3.6,13.5,13.0,15.8,17.0,17.1,20.6,19.7,20.2,24.0,22.8,16.1,14.3,17.1,11.4,12.6,12.4,8.2,10.3
134.4,34.2,22.8,12.0,5.8,4.1,5.0,3.6,2.2,1.0,0.0,0.0,0.0,6.4,9.5,12.0,16.6,22.8,31.1,39.6,44.6,46.9,20.8,19.6,16.8,13.9,13.5,10.8,9.1,7.3,5.8,2.0,1.0,5.0,14.2,14.3,16.1,16.5,16.6,19.2,19.4,20.2,23.3,20.2,16.8,15.3,16.6,13.5,13.9,13.2,11.2,10.3
107.4,35.1,23.8,12.6,7.0,5.0,5.0,4.2,3.2,1.4,0.0,0.0,0.0,6.1,9.8,12.7,17.0,24.7,32.6,40.6,45.1,47.5,21.5,20.1,17.1,13.5,13.0,10.0,8.2,7.2,5.0,1.0,1.4,4.2,13.6,13.9,16.0,18.0,19.2,20.2,21.2,21.6,24.2,20.1,17.5,15.5,15.0,13.4,13.0,12.2,9.4,10.0
137.2,35.7,25.3,17.0,11.0,8.1,6.4,5.0,3.2,1.0,0.0,0.0,0.0,3.6,7.8,13.4,18.7,27.5,34.2,40.2,44.7,46.3,21.0,18.2,15.6,13.3,11.7,11.4,9.1,7.3,6.4,2.2,1.4,4.1,12.8,13.9,15.3,17.7,18.8,19.4,21.3,22.4,23.1,19.4,18.1,17.2,15.2,15.1,14.9,14.3,13.6,11.4
134.4,30.0,20.6,12.8,7.1,2.2,2.0,2.8,2.2,0.0,0.0,0.0,0.0,2.2,6.1,11.7,19.2,26.9,33.3,38.4,40.8,40.2,18.7,15.7,13.0,10.8,9.8,8.5,7.2,6.0,5.8,2.2,0.0,4.1,12.2,12.4,13.4,13.9,14.9,15.2,17.5,18.4,20.2,20.4,17.9,16.5,15.8,15.1,15.0,14.3,13.9,11.7
122.1,31.3,21.1,12.0,6.0,2.2,3.2,5.1,4.0,1.0,0.0,0.0,0.0,2.2,5.0,12.4,20.2,28.2,35.1,41.2,42.4,43.7,19.3,17.1,15.2,13.6,11.4,11.0,7.8,6.3,5.4,1.4,1.4,4.0,11.7,12.6,14.8,16.6,17.7,18.9,19.4,20.2,20.2,19.9,19.7,19.3,17.9,18.0,16.2,15.2,13.6,11.7
107.4,31.1,21.2,12.0,5.8,1.4,3.6,5.0,4.5,1.4,0.0,0.0,0.0,3.6,5.1,11.4,19.8,27.7,34.7,40.3,43.1,42.4,40.5,32.4,29.8,25.2,22.6,21.2,15.7,12.5,10.2,2.2,2.2,8.0,23.4,26.4,29.1,30.8,35.2,36.1,39.0,41.0,40.0,39.8,39.6,37.7,33.5,35.8,32.8,30.5,28.3,24.1
137.2,20.5,12.0,5.4,4.5,11.0,17.0,20.1,19.1,5.1,0.0,0.0,0.0,5.1,5.0,12.1,20.0,30.6,36.4,39.7,39.1,35.2,15.6,14.8,14.0,13.0,12.8,11.2,10.4,10.0,9.5,4.2,1.0,3.0,8.2,8.5,10.0,10.2,11.2,12.8,13.9,15.1,15.8,29.4,25.6,25.5,23.8,22.0,21.2,19.8,19.0,17.3
134.4,18.2,9.5,2.2,5.0,13.0,19.7,23.7,23.7,5.4,0.0,0.0,0.0,4.5,7.3,15.0,26.1,34.1,40.0,42.0,41.0,33.0,16.8,17.0,16.6,14.1,15.1,14.4,14.8,13.0,11.7,4.0,1.0,2.0,5.0,4.0,5.4,6.4,8.1,10.3,11.4,12.2,14.0,34.1,27.5,27.2,25.0,24.7,25.8,22.4,20.4,18.6
122.1,19.2,9.2,2.8,4.1,13.3,21.4,26.3,26.2,6.0,0.0,0.0,0.0,4.5,8.9,18.0,28.0,36.6,41.7,43.8,39.8,34.0,17.2,17.0,15.1,15.1,16.1,17.2,16.1,14.6,13.5,5.0,1.0,2.2,5.1,5.1,7.1,8.1,8.9,9.4,10.2,12.2,15.3,32.6,28.0,27.2,26.6,26.4,26.0,25.2,22.8,22.0
107.4,14.3,7.0,1.4,4.1,11.7,17.9,22.4,22.0,5.8,0.0,0.0,0.0,3.0,5.8,12.6,21.6,28.2,32.0,34.0,31.3,26.4,26.5,26.0,26.6,27.0,27.7,25.3,23.6,23.3,22.6,9.9,1.0,3.6,8.9,10.3,10.2,9.9,12.1,14.0,18.4,20.6,24.5,49.7,48.8,44.3,41.8,43.2,39.8,43.2,37.4,37.0
137.2,3.6,5.0,11.0,17.1,24.0,27.2,29.4,27.9,6.7,0.0,0.0,0.0,5.1,8.1,13.2,17.0,21.1,23.5,24.4,22.4,16.1,23.9,26.3,27.9,29.7,29.1,31.3,31.2,30.7,31.4,12.2,1.4,2.0,6.3,4.1,3.2,2.2,1.4,7.2,9.1,17.1,20.8,42.6,36.7,41.2,35.8,34.1,37.0,30.5,36.4,32.0
134.4,8.5,1.4,8.1,16.6,25.1,30.1,32.0,30.1,7.3,0.0,0.0,0.0,9.0,12.0,16.0,20.1,22.6,24.7,25.9,24.2,19.2,30.5,32.4,34.7,34.9,36.1,38.0,35.5,36.7,34.7,12.4,1.4,2.0,5.0,4.2,4.5,5.0,5.0,10.4,15.0,21.1,26.9,46.4,46.1,42.2,43.0,40.0,38.1,41.6,38.0,35.8
122.1,9.4,1.4,9.2,17.7,27.0,33.6,36.1,34.1,8.1,0.0,0.0,0.0,9.8,13.6,18.0,21.9,25.6,27.8,28.3,26.9,21.9,35.2,37.1,37.5,39.0,41.8,41.8,40.5,38.6,37.5,15.8,1.4,2.0,5.0,4.2,5.0,5.4,6.3,10.2,17.3,22.0,29.5,53.2,50.6,47.4,46.5,44.0,44.8,45.3,42.0,41.2
107.4,9.2,1.0,7.1,15.6,24.1,29.8,31.4,29.7,6.7,0.0,0.0,0.0,10.0,12.5,16.1,20.8,23.4,26.2,27.0,25.0,20.8,30.9,33.4,35.0,34.5,35.2,37.4,37.3,38.1,34.7,13.0,1.0,2.8,5.4,5.7,3.6,3.6,6.4,10.8,16.1,20.8,26.4,47.4,47.2,43.3,41.0,41.1,40.3,42.2,38.1,35.2
137.2,8.2,6.7,6.3,10.4,17.0,23.0,25.0,23.4,5.0,0.0,0.0,0.0,23.0,27.8,31.1,33.0,31.9,29.8,26.1,20.2,14.9,33.5,33.5,32.6,32.6,34.0,35.1,35.8,34.7,32.0,12.8,1.0,8.5,20.8,22.0,21.2,22.4,23.3,23.4,24.6,26.0,29.0,57.6,51.9,50.0,48.5,48.8,48.1,46.3,43.6,40.8
134.4,6.0,3.2,6.4,12.2,18.8,25.5,27.3,24.4,5.1,0.0,0.0,0.0,23.8,27.9,30.9,31.3,29.7,26.4,23.3,17.7,12.8,34.8,32.2,31.3,32.0,31.0,34.1,35.0,32.2,34.0,13.3,1.4,8.1,22.0,23.7,22.7,22.1,23.0,22.6,24.2,26.6,26.2,59.0,51.9,54.8,47.5,51.0,51.7,42.8,45.8,42.0
107.4,5.8,3.6,6.1,12.1,19.7,25.2,27.2,24.8,5.0,0.0,0.0,0.0,24.8,29.1,32.0,32.2,30.0,26.9,22.8,17.7,13.4,34.2,33.0,31.0,30.4,33.9,34.5,36.0,31.4,33.3,13.2,1.0,8.2,22.0,22.8,23.2,21.9,25.0,24.4,24.7,25.7,28.1,61.3,53.9,56.9,49.0,51.2,50.9,44.3,46.2,43.0
137.2,10.8,7.6,2.2,7.2,14.9,23.3,24.1,22.7,5.8,0.0,0.0,0.0,27.7,32.4,34.7,34.5,30.1,26.6,23.3,17.7,15.0,14.1,14.0,14.3,13.9,14.4,14.4,14.9,14.0,16.6,6.1,1.0,3.6,11.0,11.2,12.5,12.0,11.2,10.4,10.0,12.0,14.0,34.7,31.1,31.8,27.1,26.2,28.0,26.1,25.3,23.8
134.4,11.7,11.0,6.1,4.0,11.4,19.1,22.0,21.4,4.5,0.0,0.0,0.0,27.7,33.2,38.1,38.6,37.1,32.0,26.1,18.0,12.6,19.2,16.1,15.6,15.3,17.1,16.5,17.8,15.2,13.0,6.4,0.0,5.4,12.8,13.6,12.0,13.0,14.9,13.9,15.3,15.0,14.3,34.4,29.2,28.6,25.6,27.2,26.2,23.1,23.4,22.1
137.2,11.4,10.8,7.1,5.8,12.2,17.5,20.6,19.2,4.2,0.0,0.0,0.0,28.0,34.0,39.0,40.0,38.5,33.0,27.5,20.6,14.0,17.0,15.3,15.8,16.0,16.8,15.6,15.7,14.3,15.5,6.7,1.0,5.0,12.4,12.2,12.8,13.3,14.1,12.1,11.7,13.5,15.0,32.0,30.0,29.0,26.9,25.2,25.0,24.2,23.7,22.0
134.4,10.0,9.5,7.1,5.8,10.0,14.9,17.5,16.6,3.6,0.0,0.0,0.0,24.1,29.1,33.0,35.0,33.2,28.9,24.4,17.7,12.0,15.0,13.2,13.0,13.0,14.2,14.3,13.2,12.1,12.7,6.0,0.0,4.1,10.3,10.0,10.2,11.2,12.0,10.8,10.4,11.2,13.0,27.0,24.6,25.2,22.6,22.0,21.4,19.9,20.0,18.9
122.1,10.0,9.2,6.1,5.4,11.2,17.5,19.7,19.2,5.0,0.0,0.0,0.0,27.2,32.2,37.1,39.0,37.1,32.8,27.2,19.6,14.0,16.2,14.3,15.0,16.2,15.0,14.4,15.8,15.0,15.3,7.1,1.4,4.0,10.6,11.7,13.0,13.0,12.8,10.6,12.2,15.2,14.1,30.5,29.1,28.8,25.0,24.3,24.7,22.2,23.8,19.6
107.4,8.6,8.1,6.3,5.4,10.4,15.3,17.8,17.0,5.0,0.0,0.0,0.0,24.1,28.3,33.2,34.0,33.1,29.4,24.7,17.5,12.0,13.9,13.2,14.0,13.9,14.1,13.4,13.2,13.3,13.5,6.1,1.4,3.2,10.0,10.8,11.2,11.4,10.8,9.9,11.4,12.1,13.2,28.2,25.6,25.0,22.0,20.9,22.2,20.6,20.0,18.4
137.2,9.2,9.5,8.6,12.0,18.4,22.5,24.2,21.4,5.0,0.0,0.0,0.0,30.0,34.9,38.6,39.6,35.5,31.0,25.0,18.0,11.4,16.0,16.2,16.3,15.3,16.3,15.3,16.6,16.1,15.0,5.8,1.0,4.5,13.0,13.4,14.0,13.0,12.8,12.5,13.9,15.0,14.6,31.2,28.2,26.0,24.2,24.8,25.6,25.2,23.0,21.0
134.4,5.8,6.3,8.1,13.5,20.6,25.1,25.3,21.4,5.0,0.0,0.0,0.0,28.0,32.2,35.5,34.7,31.2,26.9,21.0,14.8,9.2,26.9,30.5,29.5,29.1,31.6,29.1,27.7,30.0,26.6,10.4,1.4,10.3,23.8,23.6,26.6,28.6,25.5,25.1,21.1,21.9,28.2,63.2,55.4,49.6,54.0,48.1,49.0,51.4,46.6,44.4
122.1,7.1,5.8,7.0,12.1,18.6,23.3,24.1,20.2,3.2,0.0,0.0,0.0,29.1,33.5,35.8,35.7,32.8,28.2,22.0,16.0,10.8,14.9,15.0,14.6,13.4,14.9,15.7,15.0,14.3,13.5,4.1,0.0,5.4,13.5,13.0,12.0,12.4,12.2,12.8,12.1,12.4,13.0,30.8,27.6,26.4,26.5,25.5,25.2,24.7,22.2,22.8
107.4,5.4,4.5,5.7,10.3,16.5,21.2,21.0,18.0,3.2,0.0,0.0,0.0,25.5,29.5,32.2,31.1,29.8,24.8,19.8,14.1,9.4,26.6,26.4,24.4,24.2,25.3,26.7,27.2,25.6,24.1,9.2,1.4,8.9,22.1,22.5,21.9,22.0,21.6,21.0,21.8,22.4,22.8,54.4,48.4,47.9,44.8,46.0,45.2,43.2,40.7,38.6
137.2,4.1,4.0,2.0,7.2,15.3,21.1,23.6,20.5,4.5,0.0,0.0,0.0,28.2,33.7,37.9,38.1,34.5,28.2,22.0,13.9,6.3,15.3,16.4,15.0,12.6,14.1,13.6,14.3,14.0,12.2,4.0,0.0,5.8,14.0,13.0,14.4,15.3,15.5,15.6,14.9,14.0,15.3,39.8,33.5,32.1,31.0,32.5,30.8,28.8,27.0,25.7
134.4,3.6,4.1,3.6,4.5,10.8,15.3,18.6,18.4,4.5,0.0,0.0,0.0,27.8,34.1,38.1,38.9,35.5,30.5,24.8,17.7,9.2,13.6,14.4,12.4,11.2,9.8,11.3,11.4,11.0,10.0,3.2,0.0,5.8,14.8,13.9,14.0,14.9,14.1,15.8,15.1,14.3,14.9,38.9,33.4,31.6,32.2,30.9,31.0,29.5,27.5,25.1
122.1,3.2,5.1,3.0,3.2,8.5,13.5,15.6,15.3,3.2,0.0,0.0,0.0,24.2,29.2,32.9,33.2,30.5,26.4,21.6,15.0,7.2,11.7,12.2,9.8,9.0,10.4,10.6,9.2,10.2,7.2,2.0,1.0,5.0,11.4,12.0,13.0,14.1,13.5,13.0,11.0,12.4,13.6,32.8,29.8,28.2,29.7,27.3,26.0,25.9,23.9,24.1
137.2,11.3,9.1,7.3,4.2,2.2,7.0,9.2,9.8,2.2,0.0,0.0,0.0,26.7,32.9,36.1,38.9,36.1,34.5,32.1,26.1,19.2,4.5,3.6,4.5,5.4,4.5,5.4,6.7,7.8,7.2,2.2,1.0,5.0,10.6,9.8,9.5,10.2,10.0,9.1,7.3,6.1,7.1,31.8,29.2,28.4,25.7,25.3,26.4,25.8,23.3,21.6
134.4,14.8,11.4,9.2,7.3,7.2,8.0,8.9,7.8,1.4,0.0,0.0,0.0,25.0,29.7,33.8,36.7,36.7,35.1,33.0,29.0,24.0,4.2,4.1,6.0,6.1,6.0,7.1,9.1,9.0,8.2,2.8,1.4,2.0,6.4,7.2,6.7,4.5,5.0,5.0,4.5,3.2,4.0,27.9,24.2,24.6,22.4,21.5,23.1,21.5,20.6,19.2
122.1,15.8,11.2,9.0,7.6,7.2,8.1,8.1,7.8,1.4,0.0,0.0,0.0,24.4,29.5,34.4,36.1,37.1,34.5,33.1,29.1,24.2,4.5,3.6,5.4,6.7,6.7,7.3,8.5,8.9,7.2,4.1,1.4,2.2,6.3,7.3,7.1,5.0,5.4,5.1,4.1,2.8,3.0,26.9,22.8,24.8,22.8,21.3,23.3,21.9,20.5,20.0
107.4,16.0,12.1,8.5,6.7,5.8,7.3,8.1,7.2,2.2,0.0,0.0,0.0,25.7,30.4,34.9,37.1,37.9,36.8,34.5,29.2,25.5,5.1,5.1,5.4,6.4,8.1,7.6,6.7,8.1,8.5,4.5,1.0,3.2,6.3,6.3,7.3,6.7,5.8,4.1,4.0,4.0,3.2,28.3,24.0,23.0,23.1,23.1,21.1,21.1,21.0,20.0
137.2,22.5,17.5,13.0,8.9,9.8,14.1,15.0,13.0,2.0,0.0,0.0,0.0,28.5,31.4,34.0,32.8,31.4,27.6,24.8,24.2,24.2,20.5,21.6,20.1,21.5,24.3,26.2,25.5,23.4,23.6,9.2,1.0,7.1,17.0,18.0,18.4,16.3,16.6,15.2,15.8,14.6,18.0,46.9,42.5,41.1,41.4,40.3,39.0,38.3,37.0,35.5
134.4,17.0,15.5,11.2,8.1,11.7,17.2,19.8,18.4,3.6,0.0,0.0,0.0,28.2,32.2,33.6,32.6,30.4,24.8,20.0,16.3,15.2,21.8,22.4,20.6,21.9,24.2,25.3,26.5,23.9,23.6,10.4,2.0,7.8,20.2,21.2,21.0,20.1,19.1,18.0,18.4,17.2,17.2,50.8,44.6,45.3,43.2,44.8,45.4,42.2,41.3,41.0
107.4,12.6,12.0,9.5,7.2,10.4,16.6,19.8,19.8,3.6,0.0,0.0,0.0,23.3,27.7,30.8,32.2,29.2,26.7,22.1,17.3,13.0,21.2,20.8,19.7,22.4,24.7,24.2,24.7,22.8,23.6,11.2,1.0,7.2,19.0,19.7,19.2,17.8,17.5,17.1,15.5,14.6,16.2,53.5,47.4,48.0,46.2,45.9,46.3,44.8,43.4,43.4
137.2,11.7,11.2,8.1,5.8,11.4,17.0,20.8,20.5,5.0,0.0,0.0,0.0,23.3,26.8,31.0,31.0,30.3,26.0,22.2,17.0,13.3,19.2,20.5,21.4,21.1,22.5,25.1,25.0,24.4,22.7,8.1,2.2,6.7,18.4,19.0,19.3,18.6,16.3,15.6,16.6,14.8,16.6,54.6,49.4,46.7,46.3,47.1,46.0,46.2,43.0,41.4
134.4,17.5,13.5,7.2,2.2,6.3,13.6,16.3,16.4,4.1,0.0,0.0,0.0,22.8,26.1,29.5,31.8,31.3,30.6,29.2,27.2,23.8,22.8,24.8,25.0,25.9,26.6,28.2,28.4,27.7,26.2,11.0,2.2,7.0,17.0,17.2,17.5,16.1,13.0,11.2,12.4,13.9,16.2,60.0,53.3,51.9,49.0,49.0,50.8,49.2,45.3,42.7
122.1,19.4,13.5,8.1,2.2,6.7,13.5,17.0,17.2,4.1,0.0,0.0,0.0,23.7,27.8,31.4,33.2,33.2,31.8,30.4,28.3,24.5,23.4,25.8,24.6,26.9,27.5,30.1,31.4,29.2,26.6,13.3,2.2,7.0,17.0,17.9,18.0,17.0,15.0,11.0,13.0,15.3,15.8,63.1,54.1,55.9,52.0,50.2,55.9,48.9,47.5,47.4
107.4,18.2,13.9,8.1,3.2,6.0,13.2,15.8,16.1,4.2,0.0,0.0,0.0,23.2,27.3,30.1,32.0,31.1,30.6,29.1,26.9,24.3,22.2,23.4,23.4,23.6,27.8,28.6,31.1,26.7,27.2,11.2,2.2,6.3,16.4,17.0,17.0,14.6,13.6,12.6,13.6,15.2,16.1,62.7,51.2,55.1,47.8,49.2,53.1,44.9,44.3,45.3
137.2,25.6,19.4,13.4,6.0,6.3,10.2,13.0,12.8,2.2,0.0,0.0,0.0,28.0,31.1,33.4,34.0,33.2,31.2,31.1,30.2,29.2,26.0,28.2,30.6,29.0,31.1,33.2,34.0,32.3,30.6,10.0,2.0,8.1,19.3,20.1,20.2,19.3,17.5,17.2,17.8,21.4,23.3,60.9,55.6,55.0,48.8,52.2,52.0,52.2,47.8,46.2
134.4,20.0,16.0,10.2,6.7,5.0,7.1,8.9,7.1,1.4,0.0,0.0,0.0,26.0,28.0,30.1,30.1,29.6,28.5,26.9,24.7,23.8,20.4,22.1,20.6,21.5,24.2,24.8,23.9,22.8,22.4,9.4,2.2,6.7,17.7,18.4,18.4,17.0,14.4,14.2,14.2,14.9,17.0,53.1,45.7,45.3,45.0,45.3,45.5,44.6,42.4,41.3
122.1,18.8,14.6,9.1,5.4,5.1,8.5,10.0,8.5,2.2,0.0,0.0,0.0,23.8,26.9,28.6,29.5,28.0,26.2,25.5,24.0,22.0,18.6,20.2,21.5,22.4,23.1,23.8,25.0,23.8,21.5,8.2,1.0,8.1,18.0,17.1,17.0,17.1,16.5,13.6,14.0,15.0,18.0,51.6,48.8,45.9,43.2,44.3,44.0,45.9,41.2,39.8
107.4,20.4,15.8,11.2,6.4,5.1,7.8,8.5,8.1,1.0,0.0,0.0,0.0,25.7,28.9,30.6,31.3,30.0,28.1,26.3,25.3,24.0,20.6,20.1,21.0,21.9,25.8,24.8,23.0,22.8,24.3,8.6,2.0,7.6,18.8,18.4,18.0,16.1,15.3,15.7,13.9,13.6,18.4,53.3,47.9,45.5,46.2,45.6,42.7,46.2,44.1,40.3
137.2,23.8,21.6,15.1,11.0,7.8,8.2,8.1,6.1,1.0,0.0,0.0,0.0,24.2,27.3,28.9,29.2,27.8,27.0,27.7,26.2,27.5,15.2,16.6,16.1,18.0,21.5,21.2,21.8,19.6,21.1,11.3,1.0,5.7,14.0,13.2,13.2,12.4,9.2,6.0,6.7,5.7,9.0,52.0,42.2,43.6,43.4,41.8,45.6,41.8,41.2,43.3
134.4,25.5,20.6,15.8,9.8,6.1,5.8,6.0,5.0,0.0,0.0,0.0,0.0,26.4,28.6,29.7,29.7,29.4,27.8,27.7,28.2,28.8,10.6,14.1,14.9,15.0,18.0,20.0,19.8,18.4,19.1,9.0,0.0,6.7,14.9,13.4,12.1,12.1,10.3,6.7,4.1,4.2,6.1,54.9,48.0,47.1,45.3,45.9,47.9,45.5,44.4,44.0
122.1,25.1,21.1,15.8,10.6,6.3,5.8,6.4,5.0,1.0,0.0,0.0,0.0,25.6,27.8,29.1,28.8,27.9,27.3,27.1,27.2,27.7,11.0,11.0,12.2,15.5,16.1,16.3,17.3,18.1,18.0,8.6,1.0,5.4,13.4,13.0,13.0,11.4,8.5,5.4,5.7,3.2,6.4,51.3,43.9,45.6,45.0,42.7,44.4,43.3,42.4,40.4
137.2,23.3,18.6,13.9,8.1,4.1,2.0,2.2,1.4,1.4,0.0,0.0,0.0,27.6,30.5,31.4,32.5,29.8,28.8,29.7,29.2,28.0,8.1,9.5,11.0,15.0,14.0,15.0,14.0,17.3,15.1,4.2,1.0,7.8,14.9,15.2,15.5,16.3,11.0,9.2,7.6,5.4,5.1,54.9,50.2,46.8,50.5,46.9,44.4,48.9,47.6,38.9
134.4,21.4,16.8,11.7,7.3,2.2,1.4,2.8,3.0,1.4,0.0,0.0,0.0,26.3,28.9,30.8,30.4,30.1,28.0,28.1,27.1,27.0,5.1,6.7,8.2,8.1,12.0,16.1,15.1,17.0,15.5,4.2,1.0,7.6,15.7,13.9,13.9,13.4,11.2,9.8,9.4,8.5,7.8,58.7,48.8,47.2,48.5,47.4,45.8,44.1,45.0,40.4
137.2,23.3,18.0,12.5,7.2,2.2,2.0,4.1,4.2,2.0,0.0,0.0,0.0,29.0,31.2,33.4,34.0,33.2,31.4,31.1,29.7,28.6,9.2,10.0,10.8,13.6,15.8,15.2,16.2,16.6,17.0,7.3,2.0,7.2,15.8,15.8,16.5,16.1,13.0,10.2,9.8,6.7,5.4,63.7,54.2,53.9,53.1,51.6,51.6,51.7,49.8,46.9
134.4,22.0,17.0,12.0,7.2,1.4,3.0,5.0,5.8,2.2,0.0,0.0,0.0,25.6,29.1,32.0,32.6,31.6,30.4,30.1,29.5,27.8,11.7,11.7,12.0,14.9,16.3,17.0,16.3,17.0,17.2,7.1,1.0,6.4,15.0,14.0,15.0,14.1,11.2,9.0,9.2,6.7,7.2,61.7,52.9,51.5,50.7,49.8,49.8,49.0,48.1,44.9
137.2,20.6,15.8,11.2,6.1,1.4,4.1,7.0,7.6,1.4,0.0,0.0,0.0,23.9,26.9,29.7,31.1,29.8,29.7,28.6,28.4,25.5,13.0,14.0,16.0,18.0,19.0,19.0,19.1,19.2,19.3,6.7,1.4,5.8,15.3,15.5,15.2,13.4,11.2,10.2,9.1,7.3,10.0,59.4,51.9,51.9,50.3,50.0,49.0,49.7,48.0,43.4
134.4,22.0,17.0,11.7,6.1,2.2,8.2,12.2,13.0,3.2,0.0,0.0,0.0,26.2,30.5,34.0,36.1,36.4,35.0,34.4,32.2,28.3,19.2,20.8,21.4,23.6,26.1,26.9,25.7,25.2,25.0,11.3,2.2,7.3,18.8,18.0,19.1,17.0,14.2,12.0,11.7,11.4,14.0,69.0,60.9,59.8,58.8,58.7,58.4,58.0,55.7,53.1
122.1,18.4,14.0,9.2,4.1,3.2,8.1,11.7,12.2,2.8,0.0,0.0,0.0,22.1,25.7,29.1,31.0,30.9,30.5,29.2,27.8,24.7,15.3,17.9,19.7,20.6,22.8,23.8,24.0,22.2,20.9,8.1,1.4,7.1,16.6,14.9,15.6,15.6,13.9,11.4,10.0,10.8,12.4,61.4,54.3,52.8,50.5,51.1,52.2,50.2,48.1,48.0
107.4,20.4,16.0,10.2,4.5,3.0,9.2,13.9,14.4,4.2,0.0,0.0,0.0,24.0,28.9,33.2,35.1,34.4,33.3,33.4,30.6,26.9,9.0,11.0,11.2,11.2,12.6,13.9,14.4,12.8,11.4,5.0,0.0,4.5,10.3,8.5,9.2,9.2,8.0,5.1,5.8,5.8,7.1,35.1,31.0,29.1,28.7,28.3,29.1,29.1,26.4,25.6
137.2,12.8,11.2,9.1,3.2,5.7,13.0,17.7,19.1,5.0,0.0,0.0,0.0,22.4,26.7,30.8,33.4,33.0,31.3,29.6,24.5,19.0,10.0,9.2,8.5,9.4,10.8,12.4,14.0,12.4,10.3,5.4,1.4,3.2,9.4,9.9,10.0,9.2,8.1,6.0,8.2,9.1,6.3,32.3,27.7,28.4,27.3,26.0,28.2,24.3,24.0,24.1
134.4,16.8,16.1,13.0,7.2,8.2,15.6,19.8,20.0,4.5,0.0,0.0,0.0,24.1,27.6,31.2,31.1,29.5,26.9,23.3,18.7,16.4,21.9,22.6,22.1,24.0,26.9,27.5,27.8,25.1,25.2,10.6,2.0,7.2,19.7,19.8,19.2,17.5,16.1,16.0,15.0,15.0,17.0,58.2,50.8,50.0,47.5,48.3,48.1,45.7,43.2,42.3
122.1,19.1,18.9,13.9,8.1,11.4,18.1,23.1,23.4,6.3,0.0,0.0,0.0,25.6,30.4,34.0,34.0,32.2,29.1,25.3,20.6,17.1,11.4,12.0,12.7,13.9,15.5,15.0,14.6,15.3,15.8,6.3,0.0,4.5,11.2,10.2,10.4,10.3,10.6,8.9,8.1,8.6,10.8,32.0,29.0,29.7,27.2,26.1,26.3,25.9,24.8,23.8
107.4,18.0,15.1,10.8,8.1,12.2,16.6,17.9,15.7,2.2,0.0,0.0,0.0,26.0,29.1,30.4,28.9,26.6,22.8,19.7,18.4,18.4,18.4,18.8,17.7,19.4,21.0,25.2,26.7,23.3,23.3,9.5,2.0,6.1,17.0,18.0,18.0,15.5,14.4,12.8,14.1,14.9,13.5,43.0,37.2,38.9,38.1,35.5,39.5,32.6,34.1,32.6
134.4,16.2,12.0,8.5,8.2,12.0,14.4,14.8,10.8,2.2,0.0,0.0,0.0,25.6,28.8,31.0,30.6,29.2,26.0,23.0,21.0,20.0,12.2,16.3,17.7,17.7,17.7,20.0,19.9,19.1,17.0,5.7,1.0,7.3,16.4,16.6,18.2,18.0,17.1,14.3,12.2,11.0,13.0,48.3,46.8,42.5,38.3,41.6,39.1,43.0,33.5,30.4
122.1,16.1,12.1,7.8,8.0,11.2,15.6,14.1,11.3,2.8,0.0,0.0,0.0,25.2,29.2,31.0,31.0,28.2,25.7,24.4,19.9,19.2,12.0,14.0,17.0,17.1,18.4,19.9,19.2,20.5,18.9,6.3,0.0,8.1,17.7,17.0,17.2,18.4,17.5,15.7,12.5,11.4,15.0,48.8,45.3,43.7,41.8,40.3,38.6,40.4,35.3,31.3
107.4,15.5,11.7,8.1,8.1,12.2,15.6,14.9,11.4,2.8,0.0,0.0,0.0,25.5,29.4,32.2,32.1,30.0,26.2,23.5,21.4,19.1,6.7,7.3,8.2,9.5,8.9,9.4,10.6,10.8,9.5,3.6,0.0,4.5,9.8,9.2,8.5,8.6,9.8,8.2,6.1,5.8,6.7,25.0,23.1,23.7,20.8,19.8,20.5,20.6,18.4,16.0
137.2,7.1,5.0,3.6,2.2,5.4,9.2,11.7,11.2,2.2,0.0,0.0,0.0,23.8,29.8,34.7,37.7,36.9,33.5,29.5,23.3,16.6,10.2,9.2,9.0,9.0,8.2,6.3,7.6,7.1,6.7,2.2,1.0,3.6,9.1,9.8,11.7,12.8,12.1,11.2,11.2,12.0,11.2,35.4,31.9,30.4,27.2,27.3,27.7,25.1,23.4,20.8
134.4,6.3,6.0,5.1,7.8,11.2,14.3,15.7,14.4,4.2,0.0,0.0,0.0,20.8,26.9,31.8,34.0,33.9,29.8,25.8,19.4,13.5,22.2,21.1,20.2,17.5,17.0,16.6,16.8,15.0,12.5,4.1,2.2,6.0,17.8,19.4,21.2,21.5,21.2,22.0,23.1,24.0,23.5,71.4,63.3,60.2,56.6,55.2,54.8,50.8,45.5,42.0
122.1,7.1,6.1,6.0,7.8,12.2,15.7,17.0,15.8,3.6,0.0,0.0,0.0,22.8,29.0,34.7,38.3,36.8,32.6,27.8,21.4,14.1,28.2,24.5,21.0,20.1,20.2,19.8,18.9,14.6,15.0,6.4,1.0,7.6,20.2,22.5,22.8,23.0,26.2,24.8,25.8,25.5,25.7,78.1,70.6,69.3,63.9,63.6,60.1,54.8,53.0,48.0
107.4,5.1,5.1,4.0,5.7,10.3,13.0,14.3,13.0,2.8,0.0,0.0,0.0,18.9,24.8,29.7,32.5,31.1,27.8,23.9,18.9,11.4,22.0,20.9,19.2,18.1,18.0,17.2,14.4,14.3,14.0,5.0,1.4,7.3,17.5,17.7,20.6,23.0,22.1,23.0,21.9,22.5,25.0,70.6,63.8,60.9,58.7,53.7,52.8,52.2,46.0,41.9
137.2,10.3,6.1,5.1,13.0,21.5,27.3,26.4,21.1,4.2,0.0,0.0,0.0,29.2,34.2,36.9,36.9,30.7,25.1,17.5,11.2,9.4,19.0,20.2,18.6,17.3,17.3,17.8,17.7,16.5,14.1,4.5,0.0,6.3,13.6,12.4,13.5,15.2,15.1,16.6,15.8,16.5,19.1,34.9,30.5,28.0,28.6,26.6,26.2,25.6,20.6,20.0
134.4,12.4,10.0,8.1,13.0,20.6,26.2,25.5,20.5,4.5,0.0,0.0,0.0,29.2,33.3,37.0,36.1,34.4,28.3,22.0,15.6,13.4,37.9,38.6,36.2,35.7,38.9,36.1,36.9,33.0,29.8,13.0,2.2,10.0,26.0,27.8,28.8,28.1,29.5,27.2,33.1,34.1,34.0,63.7,61.2,55.2,48.2,49.8,48.5,49.5,41.1,38.1
122.1,13.0,10.8,9.4,13.0,19.6,24.7,24.2,20.6,3.6,0.0,0.0,0.0,28.3,32.5,36.2,36.1,31.3,26.2,20.9,15.3,13.0,42.2,36.4,34.5,35.1,36.7,36.7,36.0,30.0,30.4,11.7,1.4,8.1,23.7,26.1,25.3,26.6,29.8,26.9,28.1,31.6,31.8,58.7,53.2,56.6,46.1,49.3,48.4,38.8,41.3,36.9
107.4,13.5,9.8,8.5,12.2,20.2,24.7,25.3,20.2,4.0,0.0,0.0,0.0,30.0,35.0,38.1,37.9,34.2,28.6,22.4,16.8,13.2,19.0,21.0,19.8,17.7,18.0,19.2,17.9,18.0,15.0,5.1,0.0,5.8,13.0,13.0,13.5,14.9,14.3,15.3,15.0,15.8,19.0,33.3,30.1,26.1,28.7,25.1,24.0,24.7,18.8,19.0
137.2,9.5,7.1,5.1,4.5,12.0,17.5,19.3,17.5,3.6,0.0,0.0,0.0,27.0,33.0,37.8,38.3,36.1,32.8,27.5,20.0,14.2,26.4,26.2,26.4,26.9,28.1,27.9,28.0,27.8,28.6,12.0,2.2,10.0,25.0,25.0,26.1,26.7,25.3,21.5,21.5,22.2,25.5,64.8,59.7,57.2,53.0,51.9,51.5,50.7,47.8,44.7
134.4,8.9,7.8,4.1,4.5,11.2,16.8,19.7,17.5,3.6,0.0,0.0,0.0,28.3,34.0,38.6,38.8,37.0,31.8,26.2,19.1,13.0,13.5,12.2,13.4,13.3,14.1,13.4,12.7,13.4,14.0,6.4,1.0,5.4,13.0,12.7,13.9,14.1,13.3,11.7,10.8,12.0,13.6,32.8,30.4,29.4,26.6,25.3,25.0,25.1,24.1,21.8
137.2,8.9,9.1,6.7,6.3,11.7,16.6,18.4,16.3,2.8,0.0,0.0,0.0,23.0,28.1,33.0,35.0,33.2,29.8,25.3,18.4,12.0,14.6,14.0,13.2,13.0,14.9,13.4,13.0,11.4,12.2,5.0,1.0,5.0,10.6,10.8,11.0,12.4,12.8,12.2,11.2,11.7,14.0,30.5,27.8,27.2,25.1,22.8,21.9,21.0,20.0,18.8
134.4,9.2,9.4,6.3,8.6,14.8,21.2,23.8,22.1,6.0,0.0,0.0,0.0,22.6,28.3,34.7,37.5,36.6,33.1,28.5,21.5,14.2,30.4,31.1,31.3,30.9,33.2,31.8,31.4,29.4,28.3,10.0,2.0,7.6,20.9,22.0,22.5,24.8,24.7,23.8,26.9,29.0,31.3,71.3,66.6,64.2,54.7,52.4,51.7,48.8,45.0,40.2
122.1,9.4,8.9,6.0,5.8,11.0,17.5,20.2,18.8,3.6,0.0,0.0,0.0,21.2,26.2,32.0,34.0,33.6,30.2,26.2,18.6,13.9,29.3,29.1,28.0,27.7,29.5,29.1,27.2,25.8,24.4,9.5,0.0,8.6,19.0,19.0,20.0,22.0,22.1,22.1,22.0,23.5,28.2,63.6,57.3,53.9,51.9,48.2,45.2,44.0,39.6,36.8
107.4,9.2,8.1,6.4,5.1,12.0,18.9,22.4,22.5,5.1,0.0,0.0,0.0,24.2,29.5,34.4,36.8,35.4,31.4,27.1,20.1,13.0,16.0,15.3,13.9,14.2,14.2,15.5,16.1,13.9,12.8,6.1,1.0,4.1,11.4,12.2,11.2,10.6,11.7,10.4,12.0,12.0,11.4,30.5,27.2,28.0,25.3,25.2,25.6,22.2,23.2,21.4
137.2,4.5,5.1,9.2,16.1,25.3,34.0,36.1,35.5,7.3,0.0,0.0,0.0,11.2,14.3,17.7,21.2,22.1,23.8,24.6,19.7,13.0,10.8,12.2,13.5,14.8,15.3,16.1,15.7,16.3,17.5,7.2,0.0,4.5,10.2,9.2,8.5,8.6,7.2,6.3,3.6,5.8,8.5,34.4,32.0,30.1,28.6,26.4,27.9,28.1,25.1,24.1
134.4,2.8,2.8,6.1,14.8,25.0,33.3,37.5,35.4,7.2,0.0,0.0,0.0,21.2,24.2,25.3,24.3,22.1,20.6,19.4,15.0,8.9,24.2,26.5,28.9,31.4,34.9,38.5,39.6,39.1,39.4,14.0,1.0,11.7,28.6,26.4,25.2,23.1,20.6,17.0,12.5,11.7,15.3,58.2,53.3,51.2,49.4,49.7,50.4,48.8,47.0,45.2
122.1,6.3,4.0,8.1,18.4,30.7,41.6,46.5,44.4,10.0,0.0,0.0,0.0,27.0,32.0,34.0,32.6,29.5,27.8,25.5,19.8,13.5,14.8,17.5,18.2,18.7,21.9,25.0,26.0,25.8,24.0,8.1,1.0,8.0,18.4,16.0,15.8,13.9,12.0,10.3,7.8,7.2,11.4,37.0,34.2,32.2,33.0,33.3,31.8,32.1,28.3,27.9
137.2,5.0,10.2,9.1,8.0,7.1,6.1,5.0,5.1,4.5,5.7,7.2,8.9,10.8,12.6,15.5,18.4,20.6,22.6,23.5,24.7,24.7,25.0,24.4,23.3,22.0,21.6,5.0,0.0,0.0,0.0,0.0,0.0,0.0,0.0,0.0,0.0,3.2,14.3,15.2,17.1,17.7,19.9,21.2,22.5,23.8,26.0,26.9,28.5,28.8,29.2,30.0
134.4,5.0,44.7,41.0,37.9,32.8,27.7,23.5,19.6,16.2,14.3,11.7,9.2,7.1,6.4,6.7,6.7,5.8,5.7,5.7,5.4,6.1,6.0,7.3,8.1,8.6,9.2,2.8,0.0,0.0,0.0,0.0,0.0,0.0,0.0,0.0,0.0,2.2,6.7,6.3,6.3,6.1,5.0,4.0,4.1,3.6,4.1,6.1,10.0,13.0,16.0,19.2
122.1,35.3,23.8,14.1,8.2,5.8,5.4,4.1,5.8,1.0,0.0,0.0,0.0,4.5,4.2,2.0,7.3,15.8,26.6,36.4,44.4,47.0,18.0,15.8,13.5,11.2,10.0,7.1,6.3,5.0,4.2,2.2,0.0,5.4,14.6,15.0,16.8,17.0,17.9,19.2,18.7,19.2,20.6,22.8,21.1,19.4,19.7,19.1,19.0,18.6,16.6,16.5
107.4,34.1,22.8,13.3,10.0,10.2,10.0,10.3,9.4,3.2,0.0,0.0,0.0,8.1,7.0,7.6,12.8,22.0,31.8,40.7,46.1,46.9,15.7,13.9,10.2,7.8,7.1,5.1,5.0,4.1,3.2,1.0,1.0,4.2,13.0,14.1,15.6,16.5,17.5,18.0,18.1,17.8,18.7,28.6,25.5,23.1,22.8,22.4,21.5,22.0,20.1,19.1
137.2,15.5,8.9,11.7,18.0,22.4,24.8,23.6,19.0,3.2,0.0,0.0,0.0,13.0,13.4,17.7,22.8,29.2,34.4,37.2,37.2,31.3,6.7,7.3,7.1,7.8,8.1,7.6,7.8,6.7,6.0,3.6,1.0,2.8,9.1,9.2,9.5,8.0,7.3,9.2,7.3,7.3,9.2,32.2,26.6,27.3,27.0,25.0,25.2,22.8,23.4,21.2
134.4,9.2,6.1,13.6,20.2,25.5,27.9,27.1,22.1,5.1,0.0,0.0,0.0,10.8,13.5,17.5,24.0,29.4,32.1,34.0,32.0,26.0,8.2,9.2,10.0,9.4,9.5,9.0,9.5,9.9,8.5,2.8,0.0,3.2,5.7,6.1,5.1,4.5,4.2,5.1,5.8,6.4,6.1,27.8,26.1,25.0,23.1,22.1,23.4,23.4,19.7,17.7
122.1,9.1,4.1,10.3,16.6,22.1,24.2,23.0,18.7,3.6,0.0,0.0,0.0,11.7,13.5,17.5,22.8,27.2,29.8,31.4,29.3,24.3,15.6,16.1,14.3,16.0,18.0,17.7,18.0,14.1,13.6,6.7,1.0,3.6,9.1,8.1,9.2,9.5,8.2,9.9,7.6,9.1,13.9,53.8,43.2,44.4,41.9,40.4,43.0,36.2,35.1,34.9
107.4,10.8,5.4,12.2,18.9,25.5,27.8,26.4,22.1,5.0,0.0,0.0,0.0,11.7,14.1,19.0,25.0,30.1,33.6,34.9,32.6,25.9,17.1,19.1,17.9,17.7,19.7,20.1,19.9,17.0,14.8,6.3,1.0,4.1,10.3,9.9,9.5,10.0,10.0,10.4,9.2,11.4,13.9,57.4,51.0,49.2,46.6,46.0,46.6,43.8,39.1,37.0
137.2,18.0,9.5,2.2,8.5,15.8,20.1,19.3,15.5,3.0,0.0,0.0,0.0,16.5,19.3,21.6,24.8,28.3,29.8,31.4,30.6,29.0,19.0,19.0,18.8,20.2,21.2,21.5,18.7,18.1,18.1,7.2,1.0,3.6,7.3,7.0,7.1,6.4,6.0,5.0,5.8,9.2,12.4,55.0,49.1,47.4,45.3,45.4,42.2,42.2,37.9,34.9
134.4,21.9,11.2,1.0,9.2,17.8,21.9,21.3,16.1,3.2,0.0,0.0,0.0,18.4,20.0,23.3,26.4,30.1,32.6,35.2,35.4,33.8,11.4,11.7,12.0,11.3,12.8,13.4,12.2,11.0,10.0,4.2,0.0,2.2,4.0,2.2,2.2,1.4,2.0,3.2,4.1,5.8,7.2,34.0,29.1,27.9,26.2,26.7,26.1,24.2,21.6,21.0
122.1,22.0,11.0,0.0,9.0,17.1,21.6,20.9,17.0,2.8,0.0,0.0,0.0,18.7,20.6,24.0,26.1,30.3,32.2,34.9,33.7,33.5,11.4,11.7,11.7,12.4,14.0,14.3,11.2,10.6,10.6,3.2,1.0,2.2,3.2,2.2,3.2,1.4,1.4,2.8,4.2,5.0,7.6,32.0,30.0,25.7,26.3,27.3,22.5,25.0,21.6,19.7
107.4,20.0,10.0,1.0,11.0,18.2,22.8,21.2,17.5,4.2,0.0,0.0,0.0,18.0,19.6,23.2,26.1,29.0,31.3,34.5,34.4,33.1,12.2,12.2,12.7,12.8,12.5,13.6,12.0,11.7,9.5,3.6,0.0,2.2,4.1,2.0,2.0,1.0,1.0,2.2,5.1,5.4,7.8,31.9,30.5,25.7,26.2,26.0,23.2,24.7,21.1,18.6
137.2,13.6,5.4,3.6,10.6,16.3,19.4,17.9,14.6,3.0,0.0,0.0,0.0,19.3,21.9,24.6,26.4,27.2,27.7,28.3,26.9,23.3,16.0,19.0,19.3,18.0,19.9,22.0,18.4,17.7,17.8,6.0,1.0,4.0,6.4,5.8,6.7,5.8,4.5,5.4,6.7,8.5,12.2,52.6,48.3,43.0,43.0,43.6,40.8,41.1,35.6,33.6
134.4,12.2,6.4,5.4,11.4,17.5,21.2,19.9,16.1,4.1,0.0,0.0,0.0,20.2,24.2,28.0,29.2,29.4,28.3,28.5,24.4,21.6,20.2,22.2,23.0,21.8,19.4,25.6,24.7,21.3,20.1,8.2,1.0,4.1,9.4,9.8,9.8,10.8,9.9,9.8,13.4,17.7,18.0,53.7,45.3,48.0,44.1,41.6,44.0,37.2,38.0,32.8
122.1,18.0,9.4,7.8,14.6,21.1,25.0,24.0,18.4,3.2,0.0,0.0,0.0,28.3,32.0,36.2,37.6,39.4,37.0,34.5,31.8,29.4,13.9,13.5,13.5,14.1,15.6,15.7,13.6,13.2,13.0,5.0,1.4,2.2,5.4,6.3,7.1,6.1,6.3,7.3,8.2,8.5,11.2,33.5,28.8,29.2,28.3,27.0,25.2,25.1,24.5,22.0
107.4,12.2,6.4,5.4,11.4,17.0,20.2,19.6,17.1,4.1,0.0,0.0,0.0,21.8,24.7,27.3,29.1,28.0,26.2,25.3,22.4,20.1,18.1,21.1,21.4,21.2,21.5,24.2,24.0,23.3,20.9,6.7,1.0,5.1,10.8,9.4,10.8,11.4,9.9,10.0,11.7,14.8,17.0,48.7,45.1,40.6,41.8,40.9,39.8,41.1,37.2,35.4
137.2,2.8,4.1,11.7,17.7,22.5,24.0,21.4,16.0,3.0,0.0,0.0,0.0,27.0,29.0,30.0,30.0,25.1,22.6,20.6,17.5,12.1,10.3,13.9,16.2,17.2,16.3,17.8,18.0,21.0,20.9,6.3,1.4,9.9,20.0,19.6,19.2,20.5,17.5,16.6,13.6,13.0,15.8,45.2,43.6,42.2,41.6,39.4,40.5,45.8,38.3,37.2
134.4,5.0,5.4,12.0,18.0,22.1,23.3,19.9,15.3,2.8,0.0,0.0,0.0,22.1,25.0,27.0,27.0,25.0,23.3,21.8,19.3,15.2,12.2,13.6,15.1,16.1,18.1,17.5,18.4,16.2,19.0,7.1,1.0,6.3,17.2,15.3,17.5,17.0,17.1,14.3,12.2,8.6,8.9,47.0,43.8,43.5,35.7,38.5,41.0,38.8,34.4,32.9
122.1,6.1,4.5,12.0,18.4,24.1,24.4,20.6,14.3,2.2,0.0,0.0,0.0,26.2,28.3,30.4,30.4,30.5,27.8,25.6,22.4,18.4,13.0,14.3,15.3,17.2,20.5,21.9,22.1,19.6,18.9,7.3,1.4,5.8,17.5,19.2,20.1,18.4,17.8,15.2,14.9,12.4,9.5,53.2,47.0,46.9,44.3,45.0,44.4,41.1,39.1,37.9
107.4,12.8,6.7,13.6,21.4,26.5,27.2,23.7,17.7,3.6,0.0,0.0,0.0,21.9,24.0,25.7,26.7,27.9,28.5,29.5,28.2,26.1,11.0,15.8,20.0,20.8,23.1,24.0,25.1,24.1,23.1,9.2,1.0,6.4,16.3,15.7,15.6,16.2,13.0,9.2,6.1,4.1,3.6,55.0,50.1,48.1,45.3,43.7,45.0,43.0,40.3,35.8
137.2,11.4,6.1,13.0,19.7,24.2,24.7,21.3,15.3,3.2,0.0,0.0,0.0,19.4,21.1,23.0,24.0,25.0,26.2,26.5,26.9,23.1,11.4,14.4,16.5,20.0,21.5,20.5,22.4,20.1,20.2,9.5,1.0,6.0,14.4,13.3,13.0,12.6,11.7,8.9,4.5,3.2,3.2,49.6,44.8,45.3,40.0,39.6,41.8,38.0,36.5,34.5
134.4,14.3,4.1,8.9,16.4,22.7,23.6,19.7,13.9,2.0,0.0,0.0,0.0,22.0,24.4,27.8,29.1,29.7,29.8,30.8,28.8,26.1,20.0,21.2,21.2,23.0,25.6,26.9,25.5,23.2,21.6,8.1,1.0,4.5,12.1,12.7,11.2,10.4,9.2,9.2,9.1,10.2,13.6,52.5,45.7,44.6,42.2,42.2,40.5,38.6,34.9,33.2
122.1,11.4,2.8,8.5,16.4,21.4,22.0,18.4,13.0,2.2,0.0,0.0,0.0,19.0,21.0,23.7,25.1,25.6,26.4,26.8,25.1,22.5,17.0,17.2,18.4,21.1,22.4,22.5,22.7,20.1,21.0,9.2,0.0,4.5,11.2,9.9,8.6,8.9,8.5,7.1,7.3,10.3,13.0,44.8,40.0,41.8,38.0,35.5,37.1,32.6,33.1,30.0
107.4,14.6,4.5,9.2,17.0,22.8,24.1,20.5,13.9,2.0,0.0,0.0,0.0,21.9,25.1,27.8,29.7,29.7,30.5,30.9,30.0,26.9,18.9,20.9,20.1,23.0,26.0,26.9,25.9,22.2,20.1,9.2,1.0,4.1,12.0,12.5,11.2,10.0,10.0,8.1,10.0,9.0,12.4,52.3,46.5,44.3,42.6,42.2,39.8,38.3,34.5,34.1
137.2,13.0,8.1,14.3,21.2,26.5,26.3,22.0,15.0,3.2,0.0,0.0,0.0,23.0,24.8,27.0,27.7,29.4,27.8,28.2,28.3,25.6,24.1,24.2,25.3,26.3,26.9,26.1,26.7,23.3,24.1,10.0,1.4,3.2,10.8,12.0,12.1,12.0,13.3,11.7,14.8,18.4,18.6,52.2,46.7,48.1,41.1,40.5,42.5,36.2,37.0,32.8
134.4,14.0,6.4,10.8,17.8,23.0,23.9,19.2,12.0,1.0,0.0,0.0,0.0,22.0,24.1,26.3,26.9,27.5,28.2,29.2,27.9,26.2,24.8,24.4,24.0,24.0,25.8,26.8,26.0,23.3,20.6,8.2,0.0,5.4,11.4,11.2,10.2,11.0,12.2,13.4,14.2,15.6,18.9,50.5,43.6,43.0,40.4,39.8,38.6,34.7,32.8,30.6
107.4,14.1,7.1,11.7,19.2,24.0,24.0,19.8,12.5,3.0,0.0,0.0,0.0,22.2,24.5,26.2,26.9,26.8,27.8,28.7,27.3,25.5,22.8,26.0,25.2,24.7,26.2,25.1,25.1,23.3,20.8,7.6,1.0,4.1,10.8,11.7,12.0,11.0,11.4,12.5,15.0,15.0,19.2,50.6,46.1,40.2,38.8,39.1,37.4,39.2,32.3,30.4
137.2,15.0,4.1,7.1,15.0,21.4,23.5,19.2,13.0,1.0,0.0,0.0,0.0,27.0,30.0,31.1,32.4,30.4,30.3,30.3,30.1,26.1,23.3,24.5,26.0,26.2,27.8,28.7,27.1,27.5,27.6,10.0,1.0,7.0,13.6,13.0,14.0,15.3,14.8,14.9,14.2,17.2,21.8,47.6,44.6,42.0,40.8,39.7,37.2,38.2,35.1,33.3
134.4,13.5,4.5,5.0,12.0,17.2,19.4,17.0,12.0,2.0,0.0,0.0,0.0,24.8,26.9,29.2,30.0,29.4,28.6,28.4,26.2,24.0,19.7,22.2,22.1,22.1,23.0,25.6,26.0,25.2,23.3,9.1,1.4,5.0,13.2,14.1,14.8,13.5,12.2,12.5,15.2,16.3,17.0,46.9,42.4,39.5,37.2,37.0,37.2,36.3,33.0,30.8
107.4,15.3,5.0,4.5,12.2,18.0,20.0,17.0,12.2,1.4,0.0,0.0,0.0,25.3,27.9,30.5,30.5,30.5,29.5,29.2,28.5,25.0,21.0,22.2,22.8,23.0,24.1,25.1,27.1,25.0,24.8,10.0,1.4,5.4,13.9,14.2,14.4,14.6,13.2,13.0,14.0,16.3,16.8,47.8,42.3,41.6,38.3,37.8,39.8,37.1,35.3,33.3
137.2,14.2,5.7,3.6,10.6,17.0,20.5,18.4,12.2,1.0,0.0,0.0,0.0,25.2,26.4,28.2,29.1,28.2,26.9,26.9,25.8,23.0,15.7,17.8,17.7,19.8,23.4,24.1,24.4,23.0,24.2,10.2,1.0,6.4,15.0,14.3,13.5,11.3,10.6,10.3,10.0,9.4,12.8,45.4,40.5,39.8,39.4,39.3,37.7,37.6,36.1,34.4
134.4,16.1,6.0,4.2,12.6,19.6,23.1,21.2,14.3,1.4,0.0,0.0,0.0,26.3,28.6,29.8,30.8,29.8,29.6,29.4,28.3,26.2,15.8,16.6,18.9,20.5,24.4,26.7,27.1,26.2,27.6,11.0,1.0,6.4,16.2,15.6,13.0,10.8,8.5,8.5,8.2,8.6,10.6,53.0,46.0,48.8,47.0,44.6,46.0,41.8,43.0,41.0
137.2,20.2,12.5,7.1,10.0,15.6,19.2,17.0,12.2,2.0,0.0,0.0,0.0,21.9,23.4,25.0,26.9,26.9,28.2,29.4,29.7,28.5,11.4,14.1,15.8,17.5,19.8,22.8,23.2,22.4,22.4,8.2,1.0,5.4,13.9,13.0,12.2,10.3,7.2,3.6,1.4,2.0,5.0,58.2,51.9,50.4,48.4,48.4,49.1,47.1,43.8,41.7
134.4,23.3,14.6,8.5,9.5,15.0,18.0,16.3,11.7,2.2,0.0,0.0,0.0,20.4,22.5,24.2,26.8,28.2,28.6,30.9,32.7,31.8,10.0,14.3,16.1,16.4,20.1,23.1,24.7,25.6,24.6,8.9,0.0,6.4,16.0,13.0,11.4,10.3,9.1,5.4,4.2,3.2,5.1,63.1,57.3,56.5,54.0,50.2,54.1,50.2,48.5,44.6
122.1,27.7,17.1,9.2,9.2,14.4,16.6,15.2,10.2,1.4,0.0,0.0,0.0,19.7,22.8,25.3,28.2,30.1,32.3,34.5,37.6,36.4,6.1,7.2,8.5,9.4,11.7,12.2,11.2,9.9,11.2,4.1,1.4,2.2,6.1,6.7,7.2,6.1,4.1,2.0,2.8,2.2,4.0,35.0,30.8,30.0,28.3,27.9,27.2,25.0,22.5,22.2
137.2,25.1,15.5,8.6,11.4,16.2,19.0,15.1,10.0,1.0,0.0,0.0,0.0,14.4,17.1,19.1,23.2,25.1,29.1,34.0,35.1,34.2,7.0,9.4,10.8,10.0,10.4,11.3,12.1,12.0,11.7,5.0,0.0,3.2,6.3,5.0,4.5,4.2,4.0,4.2,3.2,4.5,5.1,28.3,27.0,27.2,24.4,24.2,24.0,23.1,20.6,19.4
134.4,24.3,14.0,10.0,14.0,20.0,21.0,17.7,12.5,2.2,0.0,0.0,0.0,13.9,16.0,18.1,21.2,25.5,28.9,33.0,35.7,34.5,8.6,10.3,9.0,10.8,12.2,12.0,13.6,11.7,10.4,4.1,1.0,2.2,6.1,5.0,5.1,4.2,2.0,2.8,2.0,3.6,7.0,28.2,23.4,23.4,22.5,22.0,24.2,21.0,19.0,18.9
122.1,25.9,15.6,12.0,17.5,22.8,24.4,20.6,14.0,3.2,0.0,0.0,0.0,15.6,17.8,20.6,23.4,27.2,32.0,36.4,38.6,38.3,10.6,10.0,12.1,11.3,12.4,14.6,13.5,14.0,12.1,3.0,1.0,2.8,5.8,6.1,5.4,4.5,3.6,1.4,3.2,4.5,5.8,29.0,27.5,25.1,24.5,26.2,24.0,24.4,20.9,18.4
107.4,24.8,14.3,11.2,16.6,22.8,23.9,20.5,13.9,2.2,0.0,0.0,0.0,14.3,16.1,18.4,21.9,26.2,30.5,34.7,36.8,36.8,19.0,21.4,23.8,26.3,28.3,26.9,26.0,25.5,24.3,10.6,1.0,5.0,11.0,10.3,10.3,9.2,8.6,7.6,7.1,10.0,13.6,58.7,56.3,53.5,49.5,48.7,47.5,47.8,44.0,41.6
137.2,14.9,10.0,14.2,21.4,27.2,27.7,24.8,20.1,4.1,0.0,0.0,0.0,14.8,15.8,17.7,19.4,20.6,22.8,24.4,25.6,23.3,18.4,20.5,22.8,25.2,26.7,25.6,26.9,24.2,24.7,10.4,1.0,3.6,9.5,8.1,8.5,8.1,6.3,3.6,5.0,8.9,10.8,57.0,51.0,52.2,46.0,45.1,48.0,43.9,41.4,37.9
134.4,12.8,4.1,11.0,19.9,27.5,31.0,29.4,23.0,5.1,0.0,0.0,0.0,17.5,20.6,23.9,25.2,26.4,27.0,28.3,27.6,25.5,27.7,29.6,32.1,32.9,33.6,33.8,32.0,31.1,29.5,12.2,1.0,5.0,9.2,8.5,9.2,11.2,10.4,10.8,13.4,19.3,23.1,65.9,62.1,60.0,56.0,53.5,54.7,52.8,49.0,43.9
122.1,16.0,5.7,12.0,23.3,31.9,35.8,32.6,26.4,5.4,0.0,0.0,0.0,22.1,25.6,28.8,30.4,32.3,33.0,34.5,33.4,30.1,16.4,16.4,17.9,19.4,21.2,20.1,19.1,17.5,17.0,7.1,0.0,2.8,7.1,5.4,5.4,6.7,7.1,6.4,7.8,10.0,13.6,37.6,36.8,35.8,33.7,32.1,30.7,31.9,28.2,26.2
107.4,12.6,4.5,9.8,17.2,24.4,26.9,25.5,20.9,5.0,0.0,0.0,0.0,15.3,18.0,20.2,22.5,23.3,24.6,25.5,25.1,22.8,24.4,26.0,27.3,28.2,29.2,28.4,28.3,26.7,25.5,9.8,1.0,4.0,8.6,7.8,8.5,8.6,8.9,9.4,11.4,16.1,19.0,59.2,54.6,53.8,50.2,49.3,49.4,46.6,43.4,39.2
137.2,20.9,12.4,3.0,5.8,12.5,17.0,16.6,13.5,2.8,0.0,0.0,0.0,16.5,19.6,23.3,26.5,28.4,29.4,31.3,31.4,29.6,23.2,23.8,25.9,26.6,25.6,21.5,20.6,21.0,20.6,8.9,1.0,1.0,2.2,1.0,1.4,4.1,7.1,7.1,10.0,14.0,19.7,54.8,53.8,48.3,47.0,45.3,44.1,46.1,39.6,35.4
134.4,23.7,13.9,6.4,4.0,10.8,14.8,16.1,12.2,2.2,0.0,0.0,0.0,15.8,18.0,21.9,24.7,28.8,30.7,30.8,34.2,31.6,9.9,10.6,10.8,12.6,12.0,11.0,10.4,10.3,9.2,5.1,1.4,1.0,1.4,1.4,2.0,2.8,3.2,3.2,4.5,7.2,9.9,27.9,23.0,25.1,24.7,19.7,22.5,19.8,19.2,18.7
122.1,20.4,13.3,4.5,3.2,10.0,13.2,14.3,11.4,3.0,0.0,0.0,0.0,13.9,15.5,19.2,22.1,25.0,27.0,29.0,29.0,28.0,18.7,20.1,21.1,21.2,20.6,19.8,20.0,19.3,17.0,6.4,1.4,1.0,4.1,4.1,5.0,5.1,5.0,6.4,9.4,13.3,16.0,49.0,44.0,43.9,41.0,38.5,38.3,36.3,34.1,30.4
107.4,17.2,9.4,5.8,7.0,12.5,15.6,15.8,13.4,2.2,0.0,0.0,0.0,13.4,15.6,20.2,26.0,32.3,35.9,37.5,35.5,31.0,8.0,8.0,8.2,8.6,8.5,8.1,8.1,8.2,8.2,3.2,1.4,2.0,5.8,6.4,7.3,7.0,5.4,5.8,5.7,6.7,8.0,29.7,25.1,25.9,25.0,21.6,23.3,22.0,21.2,18.4
137.2,16.1,8.1,4.1,8.1,12.4,16.6,16.4,14.1,3.6,0.0,0.0,0.0,12.2,14.9,19.1,26.1,31.4,35.2,37.6,35.4,30.6,7.1,8.5,8.6,7.8,7.2,7.6,9.1,8.1,7.2,2.0,1.4,2.0,6.4,7.3,7.0,6.3,5.8,5.7,6.7,7.0,7.3,29.2,25.5,26.2,23.0,22.0,24.1,21.2,19.7,17.2
134.4,24.4,12.0,7.3,10.6,12.0,11.2,8.0,6.4,1.0,0.0,0.0,0.0,8.1,8.5,13.0,20.6,29.7,38.3,44.2,45.6,43.0,13.0,8.9,8.6,7.6,5.0,4.5,2.2,2.0,3.2,1.4,1.4,4.0,10.8,13.0,13.6,14.1,15.0,12.4,13.9,15.0,12.0,27.2,26.5,26.6,24.4,24.0,22.2,21.0,21.6,20.2
122.1,22.5,11.4,5.8,8.5,9.5,9.4,6.7,5.4,2.0,0.0,0.0,0.0,8.1,8.6,12.2,19.2,26.8,34.4,40.2,42.1,38.6,10.0,8.2,7.6,6.7,5.4,5.1,2.8,3.0,1.4,1.0,0.0,5.1,11.4,10.8,11.7,12.2,12.8,13.0,13.0,12.6,11.2,24.8,23.0,23.3,23.3,22.4,21.3,19.1,17.9,16.6
107.4,19.6,10.0,5.8,8.0,10.0,8.5,7.2,5.0,2.2,0.0,0.0,0.0,8.5,8.6,11.4,17.5,25.5,31.6,36.7,36.9,34.0,9.1,7.1,6.1,5.4,5.1,5.0,3.0,3.2,2.2,0.0,0.0,5.0,12.5,12.6,11.7,11.7,11.2,11.3,12.2,11.7,10.4,22.8,20.8,21.1,20.1,21.5,21.4,19.8,19.0,17.2
137.2,43.0,32.1,21.8,15.8,12.7,10.6,7.1,7.1,3.2,0.0,0.0,0.0,5.8,3.0,1.0,5.4,15.5,26.2,38.1,45.0,52.0,20.8,18.4,15.3,12.4,9.2,10.0,7.0,7.0,5.1,0.0,1.0,6.3,17.1,18.8,20.6,20.5,21.4,20.2,22.2,22.2,20.6,21.3,20.8,20.6,19.1,20.2,19.2,19.1,18.9,17.5
134.4,41.8,29.2,18.6,11.2,9.0,8.1,5.1,5.4,2.2,0.0,0.0,0.0,2.2,2.2,6.0,10.8,17.2,27.3,37.0,45.9,50.0,22.2,19.2,16.3,13.4,12.2,10.0,9.5,7.2,5.7,1.4,1.0,5.4,16.6,17.8,19.4,19.9,20.0,20.9,22.2,22.5,23.8,23.3,20.5,19.3,19.0,17.9,17.7,18.4,17.0,16.3
122.1,40.4,29.0,18.4,12.0,9.8,8.2,5.8,5.1,1.4,0.0,0.0,0.0,0.0,4.1,7.3,10.6,17.5,26.0,36.1,45.5,49.6,19.3,19.0,15.2,13.6,13.9,10.4,11.2,8.2,6.3,3.2,0.0,6.3,17.3,17.0,18.7,19.2,18.6,21.2,20.1,20.6,23.3,24.0,19.6,19.8,20.1,19.0,20.2,19.4,18.0,18.0
107.4,41.2,29.7,19.0,13.2,10.8,9.2,6.7,5.4,1.4,0.0,0.0,0.0,1.0,4.5,7.8,11.2,17.7,27.3,37.8,44.8,51.2,22.1,19.7,17.0,14.8,12.4,12.0,9.5,8.5,6.4,2.2,2.2,5.0,15.1,16.6,17.7,18.9,19.6,19.2,20.6,22.0,22.5,21.2,22.0,21.1,19.0,19.9,19.2,18.4,17.5,16.0
137.2,34.5,28.9,23.3,18.0,14.1,10.3,8.5,7.1,1.4,0.0,0.0,0.0,1.0,5.0,13.0,21.1,28.3,33.4,37.3,39.6,41.0,12.5,11.0,9.2,7.2,5.7,4.2,4.0,2.8,2.0,2.0,1.0,5.1,14.2,13.9,15.1,14.0,13.6,15.3,16.3,15.7,15.3,29.4,25.7,25.5,24.2,22.0,22.8,21.6,21.1,18.4
134.4,35.4,27.3,22.5,15.6,11.4,9.1,9.5,8.9,1.4,0.0,0.0,0.0,2.2,4.5,12.2,22.0,30.4,36.9,41.0,46.0,43.2,12.0,12.1,9.9,6.3,6.1,4.2,5.0,5.4,6.1,2.8,1.0,5.8,15.8,17.0,17.1,17.0,17.1,17.0,17.2,16.3,15.3,31.3,27.6,26.9,26.5,24.1,23.4,22.8,22.5,20.1
122.1,32.2,25.5,20.2,15.0,11.4,8.6,8.1,7.6,1.4,0.0,0.0,0.0,1.4,5.1,12.0,21.0,28.0,34.0,39.0,41.0,39.0,11.7,10.0,8.0,6.7,6.4,5.1,3.6,3.0,2.8,2.2,1.0,5.0,13.0,12.6,14.2,15.3,15.3,15.3,13.9,14.2,16.1,29.1,23.5,22.5,22.2,22.0,21.5,20.0,18.4,18.9
107.4,30.0,23.3,18.6,15.6,12.0,8.5,7.3,7.1,2.2,0.0,0.0,0.0,8.1,4.1,8.2,19.4,30.8,39.1,45.3,46.5,42.9,17.1,13.3,11.3,8.5,7.0,5.8,5.4,3.6,3.2,1.0,1.0,6.4,15.3,15.6,17.1,19.4,19.8,18.7,18.2,18.6,18.4,28.6,26.9,24.7,23.2,22.0,22.2,23.1,21.5,18.9
137.2,29.3,22.0,18.2,15.3,12.0,7.6,6.3,7.1,2.2,0.0,0.0,0.0,8.2,3.6,8.1,18.4,30.6,38.8,44.6,45.2,43.0,15.6,14.3,12.4,9.2,8.5,5.1,5.0,5.0,2.2,2.2,0.0,6.3,15.8,15.5,16.3,17.7,19.2,19.8,19.0,17.3,18.6,29.4,26.0,24.0,24.4,22.2,22.0,21.5,20.0,21.1
134.4,18.1,13.4,10.8,8.2,7.6,11.7,16.2,17.1,3.2,0.0,0.0,0.0,6.4,2.2,10.0,20.6,30.4,37.0,39.9,38.3,32.0,7.8,6.3,7.0,6.7,6.4,5.4,6.0,6.3,7.1,3.2,1.4,3.6,9.1,10.4,11.4,10.8,9.5,10.0,10.2,10.8,9.4,29.0,25.9,26.2,24.3,24.0,23.2,23.4,22.8,20.6
122.1,29.7,21.3,16.6,12.8,14.0,20.1,27.2,28.0,7.2,0.0,0.0,0.0,7.6,4.1,16.8,34.2,49.5,59.2,63.8,60.8,50.7,10.8,12.5,10.2,8.2,8.5,9.2,11.7,11.0,10.8,5.0,1.0,5.8,16.8,16.1,15.7,16.4,16.4,16.8,16.0,13.9,15.3,48.3,40.5,39.4,36.7,36.8,38.6,35.2,33.2,32.8
137.2,14.9,8.1,6.1,7.8,14.8,22.8,29.1,29.1,7.2,0.0,0.0,0.0,5.1,9.8,20.0,31.9,42.5,48.1,48.1,41.8,32.5,7.0,7.1,6.7,8.6,9.9,11.2,13.3,11.0,10.4,5.8,1.0,3.0,7.1,7.8,6.7,7.1,6.3,6.4,2.2,1.0,4.2,40.2,33.1,33.6,32.6,31.1,32.8,28.5,29.4,27.5
134.4,12.6,9.1,7.1,7.1,13.3,21.1,25.1,24.0,6.1,0.0,0.0,0.0,4.1,8.1,17.0,27.5,35.0,38.9,39.4,34.1,26.4,7.1,8.5,9.0,10.2,10.4,11.7,12.0,11.7,11.0,4.2,0.0,3.6,7.1,6.7,5.0,5.7,5.4,4.1,3.2,3.2,4.2,36.2,31.1,29.0,27.3,27.9,28.7,26.9,24.4,23.8
137.2,11.2,11.2,9.5,9.4,14.0,19.4,21.6,20.4,4.0,0.0,0.0,0.0,4.2,9.2,17.0,26.0,32.1,35.1,34.1,28.0,19.4,10.4,9.8,8.6,10.0,11.4,11.4,11.0,9.0,11.7,5.4,1.4,1.0,3.6,4.1,3.2,2.2,1.0,2.2,2.8,4.1,6.3,35.9,31.1,32.3,28.7,27.8,27.0,24.6,24.5,22.2
134.4,13.3,12.2,9.8,9.5,14.2,21.0,23.3,21.5,5.4,0.0,0.0,0.0,5.1,8.5,15.6,24.8,32.2,35.8,37.0,29.7,23.0,16.1,18.0,23.7,21.2,20.8,23.3,22.4,25.2,22.4,6.1,0.0,5.8,11.0,9.8,8.9,7.8,7.1,2.2,3.0,6.3,10.8,75.1,67.7,62.6,61.3,56.6,55.5,54.1,47.0,41.4
122.1,17.5,17.1,14.3,11.4,17.0,24.5,27.2,25.0,5.1,0.0,0.0,0.0,7.3,10.0,19.4,30.1,39.0,44.0,44.0,37.2,27.9,11.0,11.4,12.1,13.0,14.9,14.3,13.3,13.0,13.3,5.8,1.4,1.4,6.1,7.1,6.4,5.0,3.2,2.0,1.0,3.6,7.1,45.9,40.6,39.6,37.2,35.5,34.2,32.2,30.4,27.2
107.4,14.3,13.0,11.0,9.9,15.3,21.0,24.1,23.1,5.0,0.0,0.0,0.0,5.1,9.2,16.6,26.2,33.0,37.9,37.1,32.0,23.9,8.9,10.3,10.6,11.2,11.4,11.0,13.2,11.2,10.6,5.0,0.0,2.2,6.7,5.0,3.6,3.6,3.2,2.8,1.4,4.1,5.1,40.0,34.4,34.0,29.2,29.5,30.6,26.0,25.0,22.5
137.2,15.8,11.7,8.9,8.9,15.0,20.1,23.2,22.1,5.0,0.0,0.0,0.0,9.2,13.5,19.7,27.7,33.6,38.3,38.3,34.0,26.9,6.7,9.2,9.2,8.1,9.2,11.7,13.0,11.0,11.4,3.6,1.0,3.2,7.6,6.4,7.1,6.7,5.0,3.0,2.2,3.0,4.1,42.6,35.5,33.6,31.1,31.4,29.2,25.7,24.0,21.4
134.4,14.2,8.9,7.1,8.1,13.9,20.0,22.8,20.8,4.5,0.0,0.0,0.0,8.6,13.0,19.7,26.6,32.3,34.9,34.9,30.4,24.6,9.1,9.2,9.5,11.4,12.5,12.0,12.0,10.8,11.7,5.0,1.4,1.4,5.1,5.4,5.0,4.2,2.2,2.0,1.0,2.2,5.4,39.6,34.0,32.4,30.4,28.2,26.1,24.8,23.6,20.2
122.1,12.2,7.6,6.4,8.0,13.9,19.7,21.9,20.6,5.4,0.0,0.0,0.0,7.8,12.2,17.9,24.2,29.2,32.3,32.3,27.7,22.5,14.0,17.7,19.7,18.4,20.8,21.9,22.5,21.6,19.1,6.4,0.0,5.0,10.2,8.9,8.1,8.1,7.1,2.8,2.2,5.0,9.2,71.8,63.4,56.3,52.6,49.4,47.8,46.4,38.5,34.2
107.4,14.1,9.2,6.1,7.2,14.3,21.1,23.1,21.2,4.1,0.0,0.0,0.0,8.1,13.3,19.7,25.9,32.2,34.5,34.1,30.4,24.4,15.3,19.1,21.9,22.8,24.6,24.4,23.3,25.0,22.8,7.6,1.4,5.1,10.6,11.7,10.4,7.3,6.1,4.5,2.0,4.2,12.1,78.6,70.2,63.7,60.9,56.3,51.9,52.6,44.0,38.2
137.2,10.6,7.2,9.2,15.3,24.1,29.0,30.4,26.6,6.3,0.0,0.0,0.0,15.8,21.5,27.5,32.3,32.9,32.0,28.6,23.4,17.5,30.7,34.1,34.1,30.4,34.0,34.0,31.8,30.4,27.3,8.9,1.4,5.1,12.8,12.6,15.0,14.0,13.3,18.7,19.3,21.1,29.1,88.2,75.4,67.4,67.4,62.2,58.2,57.0,47.4,44.7
134.4,6.3,4.2,2.0,9.5,17.5,23.3,25.1,23.1,6.1,0.0,0.0,0.0,16.1,22.4,28.2,32.2,33.3,31.4,27.7,20.6,13.4,35.0,34.7,33.2,31.4,31.2,31.4,31.3,29.1,26.9,10.0,1.0,5.4,15.0,16.6,17.3,18.1,19.0,19.7,24.0,26.1,28.8,71.6,64.4,60.4,54.7,54.6,53.0,49.6,43.9,40.0
122.1,8.1,5.1,1.4,9.8,19.3,26.0,29.2,27.3,5.0,0.0,0.0,0.0,18.4,25.2,32.8,38.1,38.5,35.7,31.0,23.1,14.4,22.8,19.7,18.0,18.0,19.3,19.1,18.8,15.0,14.9,6.7,0.0,3.6,9.2,9.8,9.2,10.0,12.2,12.5,13.5,14.9,16.4,41.3,36.2,37.5,31.0,33.4,31.3,26.6,27.2,24.2
107.4,7.6,5.0,1.0,8.0,17.1,23.2,25.5,23.5,5.1,0.0,0.0,0.0,16.0,22.1,28.2,33.0,34.1,32.1,27.3,20.1,12.0,18.0,17.9,17.0,15.8,18.7,17.3,15.8,13.6,13.3,5.0,0.0,4.1,8.1,8.1,9.2,9.8,10.6,12.1,11.4,12.0,17.3,38.2,33.0,31.1,30.9,28.3,26.0,26.0,22.4,22.0
137.2,9.8,11.0,11.2,11.2,14.0,17.5,21.2,19.7,5.0,0.0,0.0,0.0,21.6,28.2,34.7,38.3,40.4,36.1,30.6,24.2,15.1,17.5,15.6,15.8,15.3,13.0,13.6,14.8,13.6,13.2,5.7,1.4,3.2,8.5,10.0,10.8,11.2,10.2,9.2,12.6,15.8,15.0,29.3,26.2,27.2,23.6,22.8,24.1,19.6,20.2,16.6
134.4,8.9,10.3,11.2,11.2,14.4,17.0,18.4,17.9,4.5,0.0,0.0,0.0,19.7,26.4,32.2,35.0,36.1,31.8,27.0,20.0,12.8,33.2,30.0,27.9,28.2,28.3,27.2,25.0,21.5,22.6,9.1,1.4,7.3,18.0,19.4,20.9,22.1,24.2,22.7,23.0,26.8,29.4,53.2,48.0,48.8,43.3,42.5,41.0,35.8,36.0,33.1
122.1,8.6,9.8,9.0,9.5,12.2,16.2,17.3,16.1,3.0,0.0,0.0,0.0,21.2,28.2,33.2,36.7,36.4,33.3,28.6,21.4,13.9,15.0,15.7,13.5,13.0,12.6,14.0,12.5,11.7,9.2,3.6,1.0,4.0,8.6,10.2,10.2,11.7,11.4,12.1,12.4,12.0,12.6,26.4,24.0,22.4,22.4,20.6,19.6,19.1,17.0,15.0
107.4,8.9,10.8,13.3,17.0,21.2,22.6,21.8,19.3,4.5,0.0,0.0,0.0,22.2,26.4,31.1,32.6,29.8,25.6,20.1,14.4,9.4,38.1,33.0,30.0,29.6,28.6,29.7,29.2,23.1,25.5,9.1,2.0,6.7,20.0,22.4,24.2,24.2,26.9,26.2,26.8,29.8,32.4,48.1,44.0,48.5,40.6,41.6,41.3,32.2,36.4,31.4
137.2,8.1,10.8,13.5,18.0,22.8,26.4,25.1,20.9,5.0,0.0,0.0,0.0,23.5,29.6,34.2,35.1,33.0,28.6,23.1,15.3,10.2,18.4,17.7,18.0,17.1,16.6,15.8,15.1,15.2,13.6,6.3,1.0,5.0,12.2,13.5,13.9,14.1,14.4,14.2,15.8,18.1,17.5,28.6,27.0,25.1,22.8,21.6,22.8,21.9,20.4,17.5
134.4,4.0,2.8,5.7,13.9,21.9,27.5,27.9,24.1,5.0,0.0,0.0,0.0,24.2,29.2,34.0,34.9,31.9,27.0,20.5,12.7,5.8,36.7,34.5,32.2,31.8,34.2,33.4,30.8,28.7,27.0,10.6,2.0,8.6,22.0,23.8,25.5,28.2,28.3,27.8,29.0,31.3,34.4,76.9,70.8,67.6,63.0,61.3,58.4,55.1,51.2,47.4
122.1,3.2,2.2,6.7,14.3,22.1,28.0,28.1,24.5,5.4,0.0,0.0,0.0,24.3,29.3,33.4,34.7,32.3,27.3,21.1,13.0,5.4,16.0,17.7,17.5,16.4,17.5,15.3,14.2,14.8,14.0,5.4,1.4,3.6,11.0,11.7,13.9,14.1,12.6,13.6,14.2,15.8,19.0,41.0,36.2,32.6,32.1,29.2,28.4,29.3,25.1,23.4
107.4,2.0,2.2,5.7,13.0,20.6,26.4,26.6,23.5,5.1,0.0,0.0,0.0,23.0,28.3,32.4,33.6,31.1,26.2,20.8,13.0,5.7,33.1,33.1,32.0,31.6,31.4,30.1,28.5,27.6,26.0,10.6,2.2,7.3,20.9,23.5,25.6,26.4,26.0,26.2,27.5,30.0,32.6,75.1,67.4,63.2,59.2,56.3,55.6,53.7,49.3,43.0
137.2,4.1,6.4,4.5,2.0,9.2,16.6,20.1,18.0,4.0,0.0,0.0,0.0,21.4,29.1,36.7,40.8,42.2,38.5,33.1,23.1,14.1,15.0,13.3,12.1,12.2,11.4,12.6,11.0,9.1,11.7,4.1,0.0,4.1,10.4,10.0,10.4,10.8,11.4,11.7,11.0,12.0,14.3,37.7,34.7,35.1,30.3,30.3,29.5,28.4,25.3,24.0
134.4,4.0,4.5,3.0,2.2,7.8,12.5,16.2,15.3,3.2,0.0,0.0,0.0,20.6,28.0,34.1,37.5,38.4,35.4,30.0,21.9,13.9,27.5,21.6,20.6,21.1,18.4,19.7,17.1,14.1,18.7,8.1,0.0,7.1,17.5,19.2,19.2,20.2,22.4,23.0,19.3,19.6,20.6,68.5,61.2,61.5,55.2,53.2,53.5,47.4,48.6,41.8
122.1,5.1,4.5,4.0,1.4,7.1,12.0,15.1,16.0,3.2,0.0,0.0,0.0,20.8,28.3,34.7,39.1,38.4,35.5,29.8,24.4,13.6,24.2,23.0,21.2,19.0,18.4,19.2,17.5,15.1,17.3,5.8,1.4,6.3,18.2,19.4,19.7,19.8,21.4,23.4,20.0,20.0,22.1,73.7,60.2,59.2,56.3,55.3,53.2,47.9,46.7,42.2
107.4,4.1,4.5,2.8,1.0,6.4,12.0,15.0,16.1,3.2,0.0,0.0,0.0,21.8,28.2,34.0,36.7,36.8,32.6,28.6,20.2,12.4,10.6,9.4,7.6,8.1,10.2,10.0,8.2,7.3,7.2,4.1,1.0,4.1,9.8,10.0,9.2,9.5,10.8,10.0,10.8,9.8,8.9,30.7,27.0,27.5,26.8,24.8,24.8,24.6,24.3,22.6
137.2,9.8,5.0,2.2,1.4,5.1,7.6,8.6,7.2,1.0,0.0,0.0,0.0,27.2,30.9,34.5,34.5,34.1,30.2,26.9,21.9,17.7,15.2,14.3,13.0,13.6,15.2,13.9,13.6,14.9,14.4,6.1,2.0,8.5,20.0,20.2,19.7,19.8,19.1,18.6,17.5,15.3,16.6,57.0,51.3,51.4,50.5,49.0,49.5,50.0,46.9,43.9
134.4,9.9,4.5,1.0,3.2,6.1,9.0,9.2,8.1,1.0,0.0,0.0,0.0,29.8,33.2,36.1,36.8,33.9,30.5,26.6,22.0,17.5,17.8,15.6,13.6,14.4,16.3,15.6,15.3,14.8,16.5,6.4,2.0,9.2,22.2,23.8,22.8,21.9,21.6,21.0,19.9,17.7,18.0,61.3,54.5,55.0,53.8,52.5,52.8,51.9,50.8,47.2
137.2,11.0,6.1,2.0,2.8,7.2,9.4,9.2,7.2,2.2,0.0,0.0,0.0,26.7,30.3,33.2,33.2,31.6,28.9,25.3,22.5,17.7,6.7,7.2,7.2,6.7,6.7,7.2,7.6,7.1,6.0,1.4,0.0,4.1,9.4,8.5,9.5,11.0,11.0,9.2,8.1,9.1,9.2,31.1,28.6,26.9,25.0,24.8,25.6,24.2,20.9,19.1
134.4,14.3,10.8,5.8,1.0,5.1,8.5,9.8,7.2,1.4,0.0,0.0,0.0,28.2,31.0,34.0,34.1,30.4,27.9,25.0,21.8,18.1,7.0,8.1,7.0,7.1,8.1,8.1,7.3,7.3,7.6,3.2,1.4,2.8,8.0,9.5,10.3,9.2,8.5,8.5,9.2,7.2,7.1,29.7,26.4,25.6,26.0,25.2,24.0,23.3,21.5,20.2
122.1,16.6,12.4,7.0,1.4,5.8,10.8,11.7,9.2,2.0,0.0,0.0,0.0,30.4,34.7,37.5,36.8,34.1,30.8,27.5,23.0,20.5,14.0,17.0,17.1,16.5,19.1,18.0,18.4,16.6,13.9,5.8,1.4,8.1,19.2,20.2,22.0,22.0,21.2,18.6,17.7,16.4,15.6,68.6,61.3,56.6,55.1,56.7,54.0,54.1,45.7,44.8
38.2,18.8,5.4,11.7,19.8,24.1,22.8,15.7,8.0,1.4,0.0,0.0,0.0,17.1,17.7,19.2,22.2,26.2,31.2,37.0,39.4,36.9,25.5,27.1,27.2,27.5,27.8,26.6,25.3,23.7,22.4,8.1,1.0,3.0,6.7,5.4,3.2,0.0,3.2,5.8,9.1,13.6,19.2,36.5,34.7,34.0,31.9,31.0,30.6,30.6,27.8,26.9
137.2,18.4,4.1,10.4,19.7,22.8,22.1,14.1,7.1,1.0,0.0,0.0,0.0,16.1,17.0,19.2,22.5,25.9,31.3,37.1,39.4,36.1,13.3,13.6,12.0,12.2,13.2,12.0,13.2,11.7,11.7,5.1,1.0,1.4,3.6,3.2,2.2,1.4,0.0,2.8,5.4,8.2,10.3,17.1,15.8,15.7,14.6,15.7,16.5,16.3,14.0,13.9
134.4,16.6,1.0,10.8,18.6,22.2,20.2,13.9,7.1,1.4,0.0,0.0,0.0,14.4,15.2,17.5,20.2,25.2,29.6,34.5,36.4,33.6,12.4,13.5,13.3,13.6,14.9,14.6,13.2,12.2,11.2,3.2,1.4,1.0,3.2,2.8,2.0,1.0,1.0,2.2,4.0,5.8,8.9,13.9,14.0,13.9,13.4,13.0,13.6,12.5,11.0,10.8
122.1,21.0,3.0,12.7,23.3,27.6,25.6,16.1,7.1,1.0,0.0,0.0,0.0,18.6,19.7,23.1,26.5,32.6,38.1,44.6,46.1,43.4,17.0,16.2,17.0,16.0,16.6,16.6,15.1,14.9,14.9,5.4,1.0,3.0,6.3,5.0,3.6,2.0,0.0,2.2,7.1,9.5,12.7,15.6,17.1,16.1,14.2,16.3,15.2,16.4,15.5,14.6
107.4,20.0,3.0,11.4,20.6,24.5,22.2,15.0,5.8,2.2,0.0,0.0,0.0,16.8,18.1,20.0,24.3,29.6,34.4,40.1,42.0,39.1,14.8,15.0,15.7,16.4,15.3,15.8,14.9,13.0,12.0,4.1,1.4,1.0,4.0,3.6,3.2,2.0,1.0,2.2,4.5,8.0,10.8,15.5,15.6,15.2,14.3,14.9,13.9,14.3,13.6,12.1
137.2,16.6,3.2,10.6,18.4,22.6,20.6,13.6,6.3,0.0,0.0,0.0,0.0,15.3,17.1,20.4,23.3,27.5,31.0,35.5,35.8,34.0,11.2,11.0,12.0,12.0,12.1,13.0,12.0,11.7,11.7,4.1,1.0,2.0,5.1,5.0,4.2,3.2,2.2,2.8,5.0,7.0,8.9,12.4,12.1,11.7,11.7,13.9,13.0,12.8,13.4,11.2
134.4,16.6,2.8,10.0,18.2,21.6,19.0,13.4,5.7,0.0,0.0,0.0,0.0,16.3,17.9,21.6,24.2,27.8,31.6,35.4,36.2,32.7,9.5,10.8,10.8,11.2,11.7,12.6,11.7,11.0,9.9,3.6,1.0,1.4,4.5,4.5,4.1,3.6,2.2,2.2,4.2,6.3,8.2,14.0,13.5,13.0,13.6,14.3,15.0,14.0,12.0,11.0
107.4,15.5,2.2,10.3,18.4,21.0,19.3,13.3,6.0,1.0,0.0,0.0,0.0,15.7,17.5,20.1,24.0,27.0,30.1,33.7,35.2,32.3,9.2,10.0,10.6,12.0,12.0,12.0,10.8,9.5,8.9,2.2,1.0,2.0,5.0,5.0,3.6,3.0,2.0,2.2,4.0,5.7,7.1,13.0,13.9,13.9,13.9,14.6,13.4,12.4,11.7,10.4
137.2,19.2,5.8,5.7,14.1,17.0,17.2,10.8,4.1,1.4,0.0,0.0,0.0,19.2,20.6,23.9,26.8,29.1,32.2,36.9,36.4,34.8,17.9,18.4,18.4,18.2,19.7,21.0,19.4,19.2,16.0,5.8,0.0,4.1,10.2,8.9,7.6,6.7,5.0,5.0,7.3,10.4,13.6,33.6,30.4,29.0,28.8,28.4,29.7,27.7,26.0,22.0
134.4,18.8,5.7,6.1,12.6,15.8,15.5,9.2,2.0,1.0,0.0,0.0,0.0,20.6,22.4,25.0,26.5,29.3,32.4,35.2,35.1,33.6,6.3,7.1,7.6,8.1,9.4,8.5,8.1,6.7,7.2,3.2,0.0,2.8,6.3,5.8,4.0,3.6,3.6,3.2,4.1,4.2,6.0,18.0,15.6,15.7,16.0,14.9,14.9,13.0,12.0,13.0
122.1,19.3,6.1,5.7,13.0,16.1,14.4,9.2,2.2,1.4,0.0,0.0,0.0,21.2,22.5,25.1,27.2,29.8,32.2,35.5,36.2,33.1,14.2,13.3,14.3,15.8,17.5,18.0,15.3,13.9,14.0,5.0,0.0,5.1,12.0,11.0,10.8,8.9,6.1,5.8,7.3,9.5,9.8,34.0,32.0,31.4,27.9,30.4,28.8,28.0,26.4,23.3
107.4,17.5,5.0,7.2,14.2,17.0,15.6,10.6,3.6,0.0,0.0,0.0,0.0,20.1,21.2,24.2,25.6,28.3,31.2,33.0,35.0,32.2,12.7,16.3,16.2,15.0,15.3,16.5,17.0,17.7,15.2,6.1,1.4,4.1,10.6,10.4,10.4,8.9,7.3,5.8,5.4,6.1,8.1,35.0,33.1,32.0,31.2,28.2,29.3,27.9,26.9,24.7
137.2,19.9,10.0,6.3,9.5,11.2,9.4,4.5,1.4,1.4,0.0,0.0,0.0,26.1,27.5,29.5,31.4,31.2,33.4,35.2,35.8,33.1,8.0,6.4,5.0,4.5,7.8,10.0,10.3,10.6,8.1,2.2,2.0,6.7,16.5,17.0,17.5,17.0,15.1,14.0,13.6,10.8,10.8,48.5,45.4,41.6,40.2,38.4,38.6,35.1,32.6,29.2
134.4,18.8,12.5,12.2,13.4,13.0,10.3,4.1,3.2,2.2,0.0,0.0,0.0,24.7,26.0,28.2,28.2,29.6,29.4,31.1,30.0,29.3,5.0,2.8,2.0,3.6,6.3,7.1,7.2,7.8,8.1,4.1,1.0,7.8,20.2,20.2,20.2,18.4,17.1,15.7,15.6,12.5,9.2,50.7,45.3,44.7,42.0,42.0,40.3,37.5,34.5,32.4
122.1,19.8,13.6,11.7,12.8,12.7,9.2,4.1,4.0,2.2,0.0,0.0,0.0,25.5,26.9,29.2,29.4,30.1,31.3,31.8,31.3,29.2,4.5,3.0,3.2,2.8,5.0,7.6,9.1,7.6,7.1,3.0,2.2,7.1,18.8,20.0,21.0,19.1,17.5,16.0,15.3,13.9,10.0,52.2,45.7,44.2,41.2,42.2,41.0,37.9,34.2,31.9
107.4,18.9,13.4,12.2,13.4,13.0,10.3,5.0,5.1,2.8,0.0,0.0,0.0,25.6,27.3,28.9,29.0,30.0,30.0,31.1,30.4,28.9,5.0,3.2,3.2,4.2,5.7,7.3,9.1,7.6,7.8,4.0,2.2,7.0,19.4,20.1,19.9,19.8,17.5,15.3,15.1,13.0,8.6,52.0,44.9,43.6,41.0,41.6,40.2,36.1,34.1,32.2
137.2,8.2,7.2,15.7,20.9,21.8,19.0,12.2,8.1,2.8,0.0,0.0,0.0,26.5,28.5,29.5,30.0,31.9,31.1,31.8,29.2,23.8,18.0,22.5,23.0,20.6,21.3,20.1,19.6,19.8,17.5,6.4,1.0,8.2,19.1,18.2,20.1,19.1,18.4,18.0,16.8,14.9,17.8,41.2,39.6,33.2,32.0,33.5,31.6,36.1,26.2,26.1
134.4,12.2,2.8,11.7,17.5,19.4,16.6,10.8,5.8,2.0,0.0,0.0,0.0,27.7,29.7,31.0,32.6,32.1,33.1,34.5,33.2,27.9,12.2,11.4,11.2,12.0,12.6,13.2,11.4,10.3,10.0,3.6,1.0,4.1,8.9,8.5,9.5,10.0,10.3,9.2,8.9,9.5,12.0,22.0,21.0,19.9,20.6,19.3,17.0,17.0,15.3,15.1
122.1,13.0,2.8,11.4,17.9,19.7,17.0,10.4,6.4,2.0,0.0,0.0,0.0,28.6,29.7,31.3,31.4,33.1,33.1,34.4,32.8,29.7,12.4,13.3,12.2,11.4,11.7,13.0,12.8,11.2,10.0,3.6,0.0,4.2,10.2,9.2,8.9,9.1,9.5,9.2,10.3,9.5,11.0,22.8,21.0,20.2,19.1,19.7,19.1,17.2,14.8,14.0
107.4,13.2,3.2,11.2,16.5,19.4,16.5,10.3,6.1,2.2,0.0,0.0,0.0,28.9,30.7,31.4,32.2,32.4,33.6,34.1,33.5,28.8,24.4,25.5,24.3,23.7,24.2,24.7,24.0,21.9,19.9,6.4,1.0,7.6,18.7,18.7,18.6,19.7,20.1,19.6,18.9,19.1,22.4,46.5,42.5,41.0,39.2,38.9,37.1,34.2,31.1,28.5
137.2,20.2,16.8,22.0,26.8,26.9,22.4,13.5,7.1,2.8,0.0,0.0,0.0,26.3,26.6,26.1,27.0,29.5,33.5,37.6,39.2,35.3,11.2,12.2,13.0,12.0,12.2,11.2,10.0,10.3,10.8,4.2,1.0,2.2,6.1,6.4,6.1,5.1,5.4,6.4,7.2,8.1,9.2,23.3,22.0,20.6,19.0,17.5,18.6,18.0,16.6,14.9
134.4,16.6,15.1,21.5,25.2,23.9,18.8,10.0,7.3,3.2,0.0,0.0,0.0,20.8,21.3,21.0,24.1,26.3,31.0,34.2,35.7,30.0,8.5,8.2,8.9,8.6,10.0,8.9,8.1,7.1,6.4,2.0,1.0,1.4,4.1,4.0,4.5,5.8,5.0,4.1,4.1,5.8,8.1,17.7,16.1,15.8,16.3,15.1,13.9,13.6,12.0,11.2
122.1,16.0,16.4,22.4,26.0,25.0,20.1,10.8,6.1,2.2,0.0,0.0,0.0,20.6,20.2,20.2,22.8,26.2,29.8,33.4,33.2,29.2,15.0,17.0,18.9,17.0,18.9,16.6,14.0,15.0,13.6,4.5,1.4,3.6,8.2,7.8,9.5,10.0,7.2,7.8,9.9,10.4,15.5,34.8,34.9,27.2,31.6,29.5,25.6,29.3,24.7,23.9
137.2,13.4,14.1,19.6,21.5,19.9,14.0,7.8,10.4,3.6,0.0,0.0,0.0,17.2,17.5,20.0,24.4,28.2,31.4,33.1,32.0,26.7,8.5,10.0,12.0,12.2,13.6,12.2,10.4,10.0,10.4,4.5,0.0,5.0,11.2,10.0,10.0,9.8,10.0,9.1,6.1,4.0,8.1,38.2,34.8,32.0,32.3,29.8,27.0,27.5,25.2,22.8
134.4,10.3,13.0,19.3,21.5,19.7,15.3,10.8,9.5,3.0,0.0,0.0,0.0,17.0,18.4,21.1,24.8,27.6,29.0,31.2,28.3,23.4,11.4,11.2,12.0,12.6,11.2,11.3,13.0,12.6,12.2,5.4,1.0,5.4,13.0,12.0,12.2,11.4,11.0,8.1,8.2,10.0,9.2,38.4,34.4,34.2,29.3,29.4,29.8,26.4,24.5,22.4
122.1,12.0,13.9,20.5,22.7,20.5,15.8,10.0,11.4,4.0,0.0,0.0,0.0,20.6,22.2,25.2,29.4,32.3,35.5,36.1,33.4,27.0,7.1,7.1,6.3,6.7,7.2,8.1,7.1,6.1,5.8,2.2,1.0,2.8,7.3,7.8,7.6,6.1,6.1,6.0,5.4,4.1,4.1,22.7,18.7,18.0,17.7,17.2,16.6,14.3,13.0,13.4
107.4,10.4,12.4,19.1,21.6,20.2,15.0,10.0,9.1,2.2,0.0,0.0,0.0,17.3,18.4,21.2,24.4,27.8,29.2,30.0,27.6,22.2,10.8,11.2,12.0,13.6,13.6,12.0,12.4,11.7,11.4,5.4,1.0,5.0,12.8,12.6,12.0,12.4,11.7,9.2,7.1,7.8,9.9,38.3,34.9,34.1,30.5,29.1,28.3,26.7,24.4,22.5
137.2,8.5,7.3,18.0,25.2,27.3,25.2,18.0,11.2,2.8,0.0,0.0,0.0,19.1,22.0,24.1,26.3,29.6,31.8,33.2,32.1,28.0,10.8,12.0,13.2,13.0,12.2,12.0,11.2,10.8,11.0,4.5,1.0,2.8,6.7,6.7,6.0,4.5,3.6,5.0,6.7,8.1,9.5,20.2,19.2,18.0,15.7,14.4,14.0,13.9,13.0,11.4
134.4,16.4,8.6,16.0,23.3,27.7,25.3,19.0,11.7,2.2,0.0,0.0,0.0,20.6,22.2,24.1,25.6,28.3,31.8,35.4,36.4,33.0,13.0,13.9,13.6,14.0,13.4,12.5,13.0,11.7,11.7,5.7,1.0,2.2,5.4,5.0,4.0,2.2,2.0,4.1,5.4,7.8,8.5,24.3,21.1,20.6,18.2,16.1,17.5,15.3,14.9,14.0
122.1,17.1,7.1,14.9,22.5,26.6,24.7,17.5,10.0,2.2,0.0,0.0,0.0,21.4,23.1,23.8,26.1,29.2,32.6,36.2,37.0,34.4,26.2,27.5,26.9,26.2,27.7,26.9,26.9,24.1,22.7,8.2,0.0,4.1,10.2,8.5,6.4,5.0,5.8,6.7,9.5,14.0,20.2,46.7,41.1,38.9,36.1,36.1,35.5,32.9,28.9,26.2
107.4,17.2,8.1,13.9,21.1,25.0,24.1,16.5,9.2,2.0,0.0,0.0,0.0,19.8,21.6,22.8,24.4,26.9,30.6,33.7,35.2,32.3,13.3,13.6,12.8,12.4,12.4,12.7,13.2,12.1,11.2,4.2,0.0,2.8,5.4,4.5,3.0,2.0,3.2,4.0,4.5,6.4,9.4,22.6,19.7,18.6,17.1,17.1,17.5,15.1,13.6,12.4
137.2,23.6,23.2,27.7,31.4,31.4,26.9,19.0,10.6,2.0,0.0,0.0,0.0,18.4,17.0,16.8,16.4,19.4,24.2,29.4,32.9,31.8,14.9,16.0,21.5,19.2,21.2,19.9,15.3,20.6,15.3,5.1,1.0,3.6,5.7,7.0,8.1,2.0,2.8,2.2,8.1,4.5,11.4,44.0,48.0,34.1,38.9,35.0,27.9,37.7,29.4,23.6
134.4,19.4,21.0,26.9,31.2,31.1,27.0,18.4,11.2,2.8,0.0,0.0,0.0,14.3,13.2,13.3,14.4,19.1,23.6,28.0,30.0,28.3,14.2,15.5,16.6,18.6,20.2,18.4,19.0,17.2,17.7,7.1,1.4,3.0,9.8,9.8,9.5,7.6,4.5,3.6,3.2,5.4,9.1,38.1,35.4,33.8,30.0,29.0,28.3,26.3,25.1,23.8
122.1,18.9,20.6,26.0,31.1,31.0,26.2,18.8,11.7,3.0,0.0,0.0,0.0,14.8,14.1,13.4,15.0,19.2,23.8,28.9,30.6,28.1,14.4,16.5,17.5,17.5,18.1,18.4,19.2,18.9,18.7,7.8,1.0,5.0,10.8,10.8,9.5,6.7,3.6,1.4,1.0,4.5,8.2,38.0,34.5,31.6,29.4,28.0,28.4,27.5,24.7,22.8
107.4,18.0,19.2,25.2,30.5,30.0,27.0,18.6,10.0,1.4,0.0,0.0,0.0,13.0,12.4,12.0,14.4,18.4,22.7,27.6,28.3,26.9,12.5,15.3,17.0,18.1,19.7,20.2,18.4,18.4,17.3,6.3,1.4,3.2,10.0,9.2,9.1,7.1,6.1,2.2,3.6,6.0,9.2,36.2,35.2,33.2,31.4,28.7,26.4,26.2,23.3,22.2
137.2,14.2,8.1,16.5,24.0,27.0,25.0,21.2,15.3,3.6,0.0,0.0,0.0,8.6,10.6,12.7,15.7,19.0,24.0,28.2,32.3,28.8,33.5,32.6,34.5,31.6,32.0,29.7,27.5,26.8,23.7,7.1,1.0,2.0,1.4,2.0,4.1,8.5,11.0,13.4,19.6,22.8,29.2,40.2,36.7,30.1,30.0,28.1,23.4,24.0,21.5,19.0
134.4,18.0,8.6,13.6,22.2,27.3,27.5,22.7,18.4,3.2,0.0,0.0,0.0,6.7,9.8,12.4,16.0,20.2,25.0,31.3,34.5,32.0,18.4,17.5,16.2,16.8,17.0,17.3,17.0,16.0,14.3,5.0,1.4,0.0,2.2,2.8,5.1,6.3,8.5,11.2,12.5,15.7,17.5,21.5,17.7,18.8,17.5,15.8,16.0,12.8,12.0,10.8
122.1,17.7,9.2,14.1,22.4,27.9,27.7,24.0,18.4,4.5,0.0,0.0,0.0,7.1,9.5,12.1,15.0,19.8,24.7,30.9,33.6,32.4,37.0,37.2,33.5,35.5,34.9,33.9,34.1,30.2,28.6,10.0,1.4,2.2,6.0,6.1,11.2,13.4,17.0,22.2,23.4,31.3,34.9,43.7,35.5,38.8,32.6,30.4,31.9,23.8,24.4,23.7
107.4,18.1,8.5,12.5,20.6,25.8,26.4,23.3,17.9,3.2,0.0,0.0,0.0,6.3,9.2,12.2,16.0,19.6,24.7,30.5,33.6,32.0,36.4,35.7,34.4,33.5,34.1,34.2,32.5,30.4,28.2,9.9,1.4,1.0,5.4,8.5,10.4,13.3,17.0,20.4,25.9,30.5,34.2,41.2,39.1,34.7,32.6,31.2,28.0,27.0,24.0,20.6
137.2,41.3,34.2,25.1,22.0,24.4,27.2,25.0,19.1,4.5,0.0,0.0,0.0,8.1,11.0,19.4,26.2,28.2,27.5,30.6,35.8,44.2,25.5,26.8,23.2,22.7,20.9,22.1,21.2,18.2,16.2,5.8,1.0,5.0,15.0,16.1,20.2,21.2,19.3,20.2,22.1,22.8,26.0,32.2,29.1,27.7,25.2,21.2,19.9,17.7,15.0,14.1
134.4,40.3,32.6,27.3,27.0,30.1,30.4,24.6,15.3,3.0,0.0,0.0,0.0,6.7,11.0,19.2,22.7,21.5,19.2,24.8,34.5,43.4,27.3,22.7,24.6,21.0,20.6,21.4,17.2,17.5,16.0,5.0,1.0,4.5,14.4,17.8,16.6,19.9,21.2,20.2,24.1,23.8,25.3,28.1,29.4,23.6,21.0,22.6,18.1,19.2,17.2,14.2
122.1,40.4,33.1,27.0,27.3,30.3,29.8,25.5,16.0,3.0,0.0,0.0,0.0,6.4,11.4,19.1,22.5,21.4,18.4,24.2,34.5,43.1,26.9,23.1,23.4,20.6,19.4,20.4,17.3,16.8,15.3,5.0,1.0,5.1,16.0,17.3,17.0,20.8,20.6,20.6,24.0,24.6,25.8,27.7,28.2,23.3,21.8,22.0,19.1,19.3,18.7,15.0
107.4,42.4,33.5,27.3,26.4,30.8,30.9,24.7,15.6,2.0,0.0,0.0,0.0,7.1,12.2,19.2,22.4,20.2,19.3,25.0,36.1,44.0,28.0,24.8,24.0,21.2,21.0,20.5,17.5,16.8,16.0,5.1,1.0,5.1,15.2,17.5,18.0,20.4,22.8,22.8,25.6,26.3,28.3,29.4,27.5,23.6,21.4,22.0,19.3,19.2,17.7,16.2
137.2,45.2,28.0,11.7,11.4,21.0,24.0,21.4,13.2,2.8,0.0,0.0,0.0,11.4,0.0,8.2,13.0,15.3,21.9,34.1,47.1,55.3,28.5,25.1,22.4,20.2,19.2,17.7,15.8,13.4,12.4,5.0,2.2,6.3,18.9,20.5,22.5,23.8,24.7,26.1,27.0,28.1,30.4,20.6,19.9,19.4,18.2,19.0,19.0,18.4,18.0,17.5
134.4,49.2,35.2,21.4,12.8,12.2,14.2,11.7,9.2,2.2,0.0,0.0,0.0,11.2,5.0,11.2,15.8,18.4,24.7,35.0,46.5,55.5,26.6,20.6,19.6,18.0,15.0,15.0,12.4,10.0,10.2,3.2,1.0,6.7,19.8,21.2,21.9,23.3,24.8,24.1,25.6,27.3,25.9,22.0,23.3,22.4,19.9,20.6,20.1,18.9,18.9,17.0
137.2,44.0,35.4,26.0,19.1,13.4,9.2,3.2,4.5,2.2,0.0,0.0,0.0,7.6,7.1,13.0,18.4,21.2,24.6,32.4,41.0,47.1,19.2,14.9,14.3,11.7,8.9,8.2,5.8,4.0,4.2,2.0,1.0,6.3,17.0,18.9,19.0,19.4,19.0,17.7,19.4,20.4,19.1,27.3,26.1,24.0,20.5,21.0,19.4,18.4,18.4,17.5
134.4,37.2,28.0,20.2,13.5,11.2,8.2,6.7,6.3,2.2,0.0,0.0,0.0,3.2,6.7,13.0,18.8,23.8,28.1,34.1,39.5,43.7,13.2,12.6,10.6,9.2,8.1,7.6,6.3,5.0,4.0,1.4,1.0,6.1,14.8,15.3,15.6,16.0,15.7,15.8,17.0,15.8,16.2,27.3,25.2,23.9,22.8,23.0,21.6,19.7,17.1,17.2
137.2,35.0,27.6,20.2,14.3,10.2,9.4,7.8,7.6,1.0,0.0,0.0,0.0,1.0,7.3,15.2,22.0,25.8,29.7,33.3,36.4,39.4,28.2,24.3,23.0,20.2,18.1,16.2,12.0,12.2,11.2,3.2,2.0,8.5,24.2,26.6,27.3,29.1,29.2,27.0,30.1,33.2,28.6,50.2,49.2,46.9,43.4,43.3,39.8,39.2,36.9,33.0
134.4,29.4,25.6,19.8,15.2,13.0,11.7,10.3,8.9,2.0,0.0,0.0,0.0,1.4,5.4,13.9,21.5,25.6,27.5,29.2,30.4,31.2,21.0,18.7,16.6,15.6,13.0,11.0,9.1,8.6,8.5,3.2,2.0,7.1,19.2,20.6,22.2,22.4,22.6,21.6,24.4,24.2,24.5,50.5,47.7,46.3,41.8,42.2,38.8,40.3,36.7,33.7
122.1,30.1,26.0,20.2,17.0,14.1,12.5,11.7,10.4,2.8,0.0,0.0,0.0,1.4,7.2,15.2,21.5,26.2,27.9,30.4,31.1,32.0,20.8,19.0,15.1,13.0,13.6,12.0,10.8,9.0,7.6,3.2,1.0,8.5,21.0,20.6,21.5,21.2,23.2,23.3,22.0,21.4,23.7,55.0,46.1,44.4,43.0,40.8,41.1,37.5,35.5,34.2
107.4,31.8,28.3,23.3,18.4,16.1,14.8,13.6,12.2,3.2,0.0,0.0,0.0,2.2,7.0,16.5,24.4,29.2,30.9,33.1,33.6,35.4,23.4,21.4,17.8,14.8,13.6,14.0,12.1,10.6,8.5,3.2,2.0,8.5,23.1,23.3,24.8,24.2,24.4,25.1,25.5,25.1,23.9,60.5,53.6,50.7,46.5,46.6,46.7,43.9,39.8,37.2
137.2,25.3,21.8,17.1,13.9,10.0,10.2,11.0,10.0,3.2,0.0,0.0,0.0,7.3,11.2,18.4,25.6,32.2,32.8,33.8,31.9,31.2,16.4,14.3,12.6,11.2,12.0,10.4,10.3,8.6,8.6,4.0,1.0,6.3,15.7,15.0,14.1,14.6,15.7,17.0,15.6,14.8,16.6,65.1,54.4,52.4,49.2,48.3,47.4,44.8,41.3,39.4
134.4,27.5,21.8,16.2,10.0,7.1,9.4,10.6,9.4,1.0,0.0,0.0,0.0,8.9,12.4,20.0,28.3,32.6,34.8,35.5,34.0,32.4,19.2,17.8,17.7,16.6,16.2,15.1,14.0,14.3,13.9,5.1,1.0,6.3,15.3,15.6,16.6,17.7,18.0,16.3,17.1,18.4,20.5,65.5,57.1,56.4,52.8,50.4,49.6,47.9,45.8,40.3
122.1,23.4,19.1,13.6,9.2,8.1,9.4,11.2,9.4,2.8,0.0,0.0,0.0,7.3,10.8,18.7,25.3,29.2,31.3,32.4,31.0,29.5,16.3,16.2,14.2,11.4,12.8,15.8,14.0,13.0,12.2,3.2,1.0,5.0,14.0,14.3,14.9,16.6,15.2,16.1,15.0,16.6,15.0,60.8,51.5,50.2,48.0,44.3,46.1,40.9,38.9,36.1
107.4,26.2,20.5,15.0,9.2,7.8,9.8,11.7,10.8,2.2,0.0,0.0,0.0,8.1,11.4,19.0,27.5,32.2,34.2,34.4,33.2,30.9,9.0,9.2,8.9,7.8,7.1,7.2,7.6,7.0,5.4,1.4,1.4,2.2,7.1,8.2,8.6,7.8,8.1,8.5,9.1,10.0,9.8,32.8,29.7,27.9,25.5,25.3,25.0,24.3,22.1,19.7
137.2,34.0,21.5,13.3,13.9,19.6,21.8,18.4,12.2,1.0,0.0,0.0,0.0,14.2,12.0,12.6,18.1,24.2,31.8,38.6,44.4,45.6,15.6,15.0,12.2,12.4,12.5,11.2,11.4,10.0,8.6,3.6,0.0,6.3,15.0,14.9,15.1,15.0,14.1,15.0,16.1,16.6,18.2,32.8,27.5,28.0,27.2,27.2,28.2,26.0,24.0,24.2
134.4,21.2,9.5,10.6,17.1,21.9,22.2,17.0,11.4,1.0,0.0,0.0,0.0,13.9,13.3,13.0,15.8,20.5,26.9,33.2,36.1,34.7,25.0,23.2,21.5,20.6,20.4,20.6,19.2,17.0,16.0,6.1,1.4,9.2,25.0,25.3,25.5,26.4,25.0,25.1,24.2,25.3,26.2,39.0,37.3,37.5,37.3,37.6,38.5,38.1,36.6,36.2
122.1,24.3,11.4,12.4,21.1,26.1,26.9,21.2,13.6,2.2,0.0,0.0,0.0,17.1,16.2,16.8,19.0,25.1,32.4,39.5,45.4,40.2,16.0,13.9,14.4,13.0,11.7,12.2,9.1,9.2,9.2,2.2,1.0,6.0,14.6,14.2,14.3,14.0,14.3,13.0,14.0,14.8,15.0,23.5,23.3,22.6,21.1,21.9,20.4,21.3,21.4,19.7
107.4,17.7,4.1,8.2,16.3,21.0,21.4,17.0,12.0,2.0,0.0,0.0,0.0,15.7,16.6,18.4,22.0,26.2,31.8,36.7,38.3,35.1,11.4,12.1,10.8,10.4,11.7,10.8,13.0,11.7,10.2,4.5,1.0,3.0,9.2,9.2,8.0,7.8,8.1,8.1,9.2,9.5,12.2,22.0,18.0,17.7,18.0,17.5,20.2,19.2,17.9,18.4
137.2,22.8,5.1,10.8,21.6,27.3,28.0,23.1,16.3,3.0,0.0,0.0,0.0,21.5,22.1,24.2,29.0,34.7,41.8,48.3,51.4,45.7,16.6,13.6,16.1,15.5,14.3,17.5,13.0,13.4,13.0,3.2,1.0,5.1,10.4,9.4,11.4,11.3,12.4,11.4,12.1,14.3,13.6,22.2,26.0,25.5,24.0,25.9,23.1,24.5,25.1,20.2
134.4,16.0,3.2,7.3,15.0,19.1,19.3,17.0,14.3,3.0,0.0,0.0,0.0,17.9,20.6,24.7,29.6,33.1,36.0,38.3,37.5,32.4,7.1,8.1,7.8,8.9,11.0,12.1,12.0,11.2,10.0,4.2,1.4,2.2,7.0,7.3,6.4,6.0,5.0,3.2,3.2,3.6,7.1,26.9,21.8,21.8,22.2,21.4,23.1,18.0,19.4,20.6
107.4,10.3,2.0,8.5,14.4,18.0,18.0,17.7,15.6,3.6,0.0,0.0,0.0,16.3,20.4,25.0,29.2,32.6,33.3,34.2,31.9,26.2,10.0,13.4,15.5,17.0,18.4,18.8,19.8,20.2,19.6,7.8,1.4,7.0,15.3,14.1,11.2,9.5,7.2,5.0,2.2,3.6,6.7,50.2,45.6,45.2,41.7,41.2,41.2,41.5,39.0,36.9
137.2,9.1,2.0,8.5,12.6,16.0,16.8,15.0,13.6,3.2,0.0,0.0,0.0,14.3,18.2,22.2,26.1,29.3,30.4,30.1,27.9,22.8,10.6,11.7,14.9,17.0,15.5,16.8,16.6,18.0,16.2,6.7,1.0,7.1,13.6,12.4,11.0,8.2,6.7,5.0,2.2,4.0,6.3,43.0,40.9,38.3,37.8,36.9,35.0,38.1,36.1,30.4
134.4,8.2,3.0,7.0,11.7,15.8,20.0,21.2,21.0,5.1,0.0,0.0,0.0,20.2,23.7,29.2,32.6,34.7,34.1,33.0,29.0,22.0,7.2,8.5,8.6,8.6,10.0,11.7,11.0,10.0,9.5,3.6,1.0,3.2,7.2,5.0,5.7,5.0,3.2,1.4,3.0,4.1,4.1,30.4,25.5,24.7,24.0,24.5,25.0,22.6,21.5,21.6
122.1,7.8,2.8,6.1,9.4,14.2,17.1,18.0,17.5,3.6,0.0,0.0,0.0,18.0,22.8,26.9,29.8,31.1,31.3,30.1,25.6,20.6,13.6,13.4,11.7,15.8,19.1,19.0,19.4,17.1,15.7,11.2,1.0,3.6,10.2,11.2,9.1,8.1,6.1,2.2,6.4,6.4,6.7,52.9,42.0,45.0,43.9,40.4,44.0,36.7,39.4,39.2
107.4,8.6,3.2,6.1,10.3,14.2,17.1,19.0,17.3,3.6,0.0,0.0,0.0,18.4,22.6,26.9,30.5,32.2,32.3,30.7,27.2,20.9,12.4,13.0,16.0,16.3,18.0,19.7,17.7,19.8,18.8,6.3,1.4,6.4,13.3,12.0,11.4,7.6,4.5,5.1,3.2,4.5,9.2,51.0,47.5,44.8,45.3,44.6,40.4,44.1,40.8,35.5
137.2,4.1,5.8,10.6,13.0,12.4,11.7,11.7,13.0,3.2,0.0,0.0,0.0,23.9,27.8,31.2,34.1,33.0,31.8,29.2,26.2,18.7,10.0,6.4,5.8,8.5,10.3,10.8,11.7,11.2,13.0,6.3,1.4,10.6,26.2,25.2,23.0,21.8,22.1,19.2,16.3,13.5,11.7,56.3,52.0,51.4,48.3,48.8,47.4,44.7,44.3,42.4
134.4,4.5,6.1,10.0,11.2,10.0,9.5,11.2,13.4,4.0,0.0,0.0,0.0,25.0,29.4,32.6,33.4,32.8,32.0,29.1,24.7,17.2,5.0,5.1,5.4,3.6,4.5,5.7,6.3,7.1,6.4,2.0,1.0,5.8,14.0,13.6,13.0,12.0,11.2,10.6,10.8,10.0,7.6,28.3,25.5,24.0,24.2,25.0,24.6,23.6,21.4,20.6
107.4,4.5,6.4,9.9,10.6,10.4,9.8,11.7,14.3,4.5,0.0,0.0,0.0,25.3,30.0,32.6,33.5,33.6,31.3,29.4,25.1,18.0,10.0,11.4,9.5,7.2,10.0,10.6,12.2,13.3,12.8,3.2,1.4,11.2,29.2,28.3,27.3,24.1,23.4,21.9,19.7,18.0,17.3,57.4,51.0,48.8,47.8,48.0,47.9,48.5,43.0,41.2
137.2,4.2,8.2,11.7,12.2,11.2,9.2,11.0,13.0,4.2,0.0,0.0,0.0,25.8,30.0,32.2,32.6,31.9,29.1,26.2,21.6,14.3,16.3,14.3,12.6,12.0,13.9,12.0,12.2,13.3,14.4,6.0,2.2,10.3,29.0,28.6,29.7,28.6,26.2,24.7,21.0,21.5,21.9,54.8,51.9,50.0,46.8,45.7,45.0,46.9,42.1,42.0
134.4,4.0,10.3,13.0,14.3,12.0,10.3,10.4,12.1,2.8,0.0,0.0,0.0,25.9,30.1,33.6,34.2,32.7,29.2,25.5,19.1,11.7,9.0,7.6,6.7,7.1,7.6,8.1,7.2,6.7,7.0,2.8,1.4,5.0,13.5,14.1,13.9,14.4,14.0,12.1,11.3,10.8,11.0,26.0,25.0,24.6,24.0,22.5,22.0,22.0,20.6,19.7
107.4,4.0,9.2,12.8,14.1,12.5,10.0,11.4,14.1,4.1,0.0,0.0,0.0,27.0,31.1,34.7,35.4,33.3,30.2,26.4,20.9,13.2,14.9,16.0,15.0,13.9,14.9,14.8,14.0,17.0,16.1,5.7,2.0,11.4,29.1,28.2,29.1,28.3,24.5,24.2,22.8,23.6,23.5,54.1,50.0,46.7,46.2,43.3,44.4,44.7,41.2,37.8
137.2,2.2,8.2,12.6,12.6,12.0,8.9,8.5,10.8,3.6,0.0,0.0,0.0,23.3,28.2,31.1,33.1,31.1,27.7,23.4,19.2,10.8,7.1,8.1,6.4,5.0,7.6,7.1,7.2,7.6,6.1,1.4,0.0,5.0,13.0,11.4,11.2,11.0,12.1,11.4,9.5,8.1,9.5,24.7,20.2,19.0,21.4,19.8,19.2,19.0,16.6,16.6
134.4,2.2,10.0,14.9,16.3,15.3,12.0,10.3,10.4,3.2,0.0,0.0,0.0,27.2,31.8,36.2,36.7,36.4,32.4,28.3,21.4,14.3,18.0,15.0,13.2,13.3,15.7,17.0,17.5,15.5,14.9,6.0,1.0,11.4,26.7,26.2,26.2,26.0,26.0,23.3,22.6,20.1,19.2,50.4,47.0,46.7,44.9,45.0,43.4,40.5,38.3,37.3
122.1,4.1,10.0,15.6,17.7,16.6,14.1,11.2,10.8,3.0,0.0,0.0,0.0,25.6,30.2,34.5,35.8,33.8,31.2,28.3,21.6,13.9,18.4,13.0,12.2,14.9,15.0,16.1,16.3,14.1,16.3,8.0,2.0,10.0,26.0,25.9,25.6,25.5,25.0,21.4,20.8,20.6,19.0,49.1,47.4,47.0,44.1,42.4,42.7,39.1,39.3,36.7
107.4,3.2,8.5,13.6,14.2,14.2,12.6,10.4,10.8,4.1,0.0,0.0,0.0,24.2,27.6,31.1,32.5,32.6,29.2,25.9,20.2,14.1,12.8,12.7,13.0,12.6,13.0,13.3,15.0,14.8,14.0,5.8,2.2,9.0,23.9,24.1,24.2,23.4,20.9,20.0,19.6,19.2,17.2,47.6,43.2,40.5,39.4,38.3,38.5,37.9,34.7,31.6
137.2,4.2,8.6,14.9,17.0,17.0,13.4,9.0,7.2,2.2,0.0,0.0,0.0,21.6,25.5,29.0,30.6,31.2,29.7,27.2,22.8,16.2,7.6,9.2,9.4,9.4,11.7,11.2,9.8,11.3,11.7,4.1,1.0,9.1,22.0,20.0,21.0,20.6,19.0,17.1,13.4,11.3,12.0,38.9,35.5,34.0,33.6,32.2,30.1,32.8,27.7,26.9
134.4,5.4,8.5,14.4,17.2,17.0,13.3,9.2,7.6,2.2,0.0,0.0,0.0,22.0,26.2,30.8,33.3,33.3,31.4,29.7,24.2,17.5,8.9,7.6,6.7,8.1,10.4,11.0,10.8,10.6,10.8,5.1,1.0,9.1,21.3,20.6,19.2,18.8,17.7,16.1,14.3,12.0,10.0,41.0,36.2,36.2,35.2,34.5,33.0,32.0,31.2,30.4
107.4,6.1,10.0,15.3,17.5,18.1,15.1,10.8,9.2,3.0,0.0,0.0,0.0,22.2,26.4,30.1,33.2,33.5,31.4,29.2,24.2,18.4,4.0,3.2,4.1,5.0,5.1,4.5,6.4,5.8,6.0,3.2,1.0,3.2,9.5,10.0,9.8,10.6,9.5,7.0,7.0,6.1,5.8,21.2,19.1,18.8,16.1,16.0,17.1,17.0,16.2,14.0
137.2,5.0,10.0,15.6,18.4,18.4,15.7,12.0,11.4,2.2,0.0,0.0,0.0,21.1,25.5,30.4,32.6,33.3,31.1,28.6,23.7,16.5,11.4,9.9,9.9,11.4,13.4,14.0,13.6,13.0,14.2,6.1,1.0,8.9,21.6,20.2,19.4,19.1,18.4,16.3,14.4,12.1,10.8,40.8,37.5,36.7,36.8,35.8,34.7,33.4,33.1,32.2
134.4,5.8,9.5,15.8,18.6,18.4,15.3,12.4,10.8,3.0,0.0,0.0,0.0,20.8,24.8,30.0,32.4,33.8,32.0,29.7,25.2,18.4,10.6,9.2,9.9,12.0,13.4,15.0,14.6,13.0,14.2,6.1,1.0,9.2,21.2,20.2,19.0,17.7,18.0,16.4,14.3,11.4,10.4,42.0,38.1,37.6,37.5,37.1,36.3,34.5,34.1,33.0
107.4,8.1,10.4,15.0,17.0,18.0,14.9,12.0,13.0,4.5,0.0,0.0,0.0,21.1,25.6,29.1,33.4,33.5,33.2,30.9,26.1,19.1,3.6,4.1,5.8,5.7,5.7,7.2,8.1,8.2,7.1,2.0,1.4,3.2,9.4,9.2,10.4,10.0,8.1,7.2,6.4,6.4,5.4,22.5,20.0,18.4,17.9,18.4,19.2,18.1,16.8,15.8
137.2,6.3,10.0,16.2,19.7,19.0,17.0,14.4,14.9,4.0,0.0,0.0,0.0,19.1,24.4,29.1,33.1,33.5,34.1,32.8,27.6,20.2,9.8,10.4,12.1,15.5,17.1,16.2,16.4,17.2,17.5,6.4,1.0,9.2,20.4,18.6,17.8,17.5,16.1,15.1,11.4,9.2,10.2,46.1,42.8,42.2,40.6,40.2,39.0,39.7,37.1,36.3
134.4,5.8,9.8,16.4,19.2,19.7,17.3,15.8,15.0,3.6,0.0,0.0,0.0,20.0,25.5,30.6,35.2,35.6,34.7,32.6,28.8,20.6,12.8,11.7,12.8,15.6,17.5,16.5,18.0,17.5,18.0,9.0,1.0,8.1,20.1,18.7,17.9,17.0,17.2,13.6,11.7,10.8,9.8,49.1,44.0,44.9,41.1,40.5,41.5,39.1,38.3,36.8
122.1,6.1,8.0,14.6,16.8,17.1,16.3,14.2,14.6,4.1,0.0,0.0,0.0,21.0,26.2,30.8,34.7,34.9,34.8,33.5,28.0,21.3,5.0,6.4,7.2,7.2,8.9,9.2,9.2,8.1,7.2,3.2,1.4,3.6,8.2,9.4,9.2,8.5,7.1,6.1,6.1,5.1,4.0,24.5,21.4,19.8,19.4,20.2,19.0,19.9,17.2,17.0
107.4,5.0,9.2,15.7,18.8,18.9,16.4,14.3,13.9,3.6,0.0,0.0,0.0,19.4,24.4,29.5,32.6,34.4,33.2,31.8,27.1,20.1,12.6,11.0,12.4,14.8,15.0,16.4,17.9,16.5,17.7,7.6,1.0,7.3,19.0,18.0,16.3,15.7,15.0,12.8,10.8,11.3,11.3,46.1,42.0,43.9,38.5,37.2,40.6,36.1,36.1,34.2
137.2,5.8,7.3,15.0,20.0,22.0,21.2,17.5,12.2,2.2,0.0,0.0,0.0,19.2,23.0,26.0,28.0,27.0,27.2,26.0,24.4,17.9,6.1,9.9,14.4,15.8,18.2,18.4,16.6,17.3,18.2,5.8,1.0,9.1,18.4,16.0,16.6,15.6,13.0,11.0,6.3,3.2,6.3,37.0,35.6,33.2,33.0,33.1,29.7,33.6,29.4,28.2
134.4,8.2,5.8,13.0,17.9,20.2,19.8,15.7,12.0,2.2,0.0,0.0,0.0,20.2,23.3,26.8,27.3,28.2,27.5,28.6,25.1,22.0,6.1,9.1,12.6,14.9,16.6,17.0,16.8,17.8,17.9,6.7,1.0,9.4,20.0,17.1,15.6,15.3,13.0,10.2,6.4,2.8,2.2,40.4,38.4,38.0,37.0,35.0,34.8,35.6,33.5,31.1
137.2,12.2,2.8,8.5,14.2,17.0,15.3,12.4,8.9,2.8,0.0,0.0,0.0,18.4,21.1,23.3,25.6,27.3,27.7,28.8,28.2,24.7,8.1,10.8,12.7,14.3,14.0,16.1,16.6,17.8,15.8,6.4,0.0,7.2,16.1,13.6,11.4,10.0,9.2,7.3,3.6,2.0,3.0,40.2,39.0,38.1,35.3,34.4,34.2,35.7,32.0,29.4
134.4,16.0,3.6,8.1,15.8,19.4,19.0,14.6,9.9,2.2,0.0,0.0,0.0,20.2,23.1,25.7,28.4,31.1,34.0,36.0,35.1,31.1,7.3,9.0,10.4,11.4,10.3,10.2,10.0,9.8,10.0,4.1,1.0,3.0,6.7,6.0,4.5,3.6,3.2,2.2,4.0,5.0,6.3,22.7,20.1,20.4,20.1,19.0,18.9,18.4,18.0,18.0
122.1,17.1,5.0,7.0,14.3,19.0,18.4,14.9,10.2,2.2,0.0,0.0,0.0,20.6,23.6,26.6,30.0,32.6,34.0,36.4,35.7,32.3,9.4,10.0,9.5,9.4,9.9,11.7,11.0,10.3,8.5,3.0,1.4,2.0,5.7,5.4,5.0,4.2,4.0,2.8,3.0,3.6,5.8,22.5,21.1,19.6,18.2,20.2,19.2,19.1,17.1,16.1
107.4,17.8,5.4,7.6,14.4,18.4,17.8,13.9,9.2,2.2,0.0,0.0,0.0,21.2,23.8,26.4,30.0,32.4,35.0,36.9,36.8,33.2,18.6,18.9,18.7,20.0,21.5,21.9,21.9,19.0,18.4,7.6,1.4,4.5,11.2,11.4,9.2,7.6,5.8,6.3,5.1,7.0,13.9,46.3,40.0,38.9,39.1,37.9,39.0,36.7,35.2,33.8
137.2,19.7,5.4,5.8,16.6,23.3,23.7,20.2,15.0,3.6,0.0,0.0,0.0,13.6,16.0,19.6,23.4,27.5,31.0,34.5,35.5,34.5,13.9,15.0,14.4,13.9,13.2,12.7,12.6,12.6,11.7,5.0,1.0,1.4,4.1,4.5,5.4,5.8,7.3,8.6,9.5,10.4,12.0,23.0,20.6,20.2,18.1,17.5,18.4,19.0,17.8,16.8
134.4,22.8,12.2,3.2,10.0,17.0,20.0,17.0,10.8,2.2,0.0,0.0,0.0,16.0,15.5,18.9,21.6,24.7,28.3,31.4,33.5,34.0,24.7,26.4,25.2,22.5,21.3,23.5,22.8,22.8,20.0,7.6,1.0,5.0,12.1,12.6,13.0,15.5,15.8,17.0,17.8,19.0,21.6,48.3,44.6,41.9,38.8,39.8,39.8,38.9,35.9,32.3
122.1,23.9,12.0,2.2,10.4,17.1,19.6,16.3,11.0,1.0,0.0,0.0,0.0,15.3,15.2,17.8,20.5,24.8,27.6,31.2,34.2,33.6,25.0,25.5,23.4,23.3,26.0,23.4,23.1,19.4,19.4,7.6,1.0,4.5,14.1,13.0,14.6,13.5,14.0,14.9,17.1,21.5,24.8,50.0,39.4,41.1,40.3,38.6,41.6,36.2,35.0,34.9
107.4,36.2,23.1,9.5,5.0,14.8,20.6,19.4,14.1,2.2,0.0,0.0,0.0,22.7,19.7,22.0,29.5,37.1,43.8,48.8,50.3,49.7,19.3,18.4,17.0,14.9,15.1,15.6,15.5,13.6,12.2,4.5,1.4,5.1,14.9,15.0,16.1,16.2,16.8,16.4,16.0,16.6,18.6,40.0,35.7,34.1,32.6,31.9,33.0,32.3,29.7,27.2
137.2,34.0,21.0,9.0,3.6,12.6,18.0,17.9,12.2,1.4,0.0,0.0,0.0,18.9,16.4,19.0,25.7,34.2,39.6,43.3,45.6,45.7,17.7,16.3,15.5,14.9,15.5,15.8,13.6,13.0,11.2,4.1,1.0,5.0,13.9,14.8,14.3,14.2,14.0,13.4,15.0,17.0,18.0,33.7,31.8,31.0,30.0,30.4,29.4,28.3,26.9,25.5
134.4,36.7,25.1,13.5,9.1,14.9,20.8,22.2,19.8,5.0,0.0,0.0,0.0,19.2,8.1,9.4,25.8,38.6,48.6,53.6,53.8,51.6,24.8,21.0,22.2,17.5,15.3,14.2,10.0,11.4,12.0,2.2,2.0,7.6,20.1,21.6,22.1,24.6,26.4,22.8,26.2,27.3,22.5,36.5,40.0,36.0,32.0,34.4,32.0,33.3,31.0,28.2
122.1,29.2,19.1,10.8,7.1,12.5,16.6,18.0,15.2,4.1,0.0,0.0,0.0,16.1,5.8,7.3,20.9,31.0,38.6,42.7,43.2,41.6,20.0,19.0,16.4,14.3,13.4,10.8,9.5,8.1,8.2,4.1,2.0,6.3,17.3,16.6,19.0,19.7,20.1,20.6,20.0,20.0,21.1,34.5,31.4,30.0,28.6,26.4,27.3,26.2,25.1,24.4
107.4,46.3,42.6,36.4,28.7,20.5,15.3,12.6,9.2,2.2,0.0,0.0,0.0,14.1,5.1,17.0,31.2,42.2,47.4,48.8,46.5,48.7,25.0,22.1,17.5,13.5,13.3,10.8,10.8,7.3,4.5,2.2,2.2,7.6,24.0,24.8,27.5,28.2,27.3,27.7,26.2,26.7,29.4,42.4,35.4,34.0,32.4,31.3,32.2,31.8,28.2,27.5
137.2,31.0,28.0,24.2,19.0,14.2,9.8,7.1,5.7,1.0,0.0,0.0,0.0,9.0,2.0,11.7,21.0,27.3,30.9,32.7,31.6,32.6,32.6,29.1,24.4,20.6,18.2,14.9,13.0,8.6,5.4,1.4,2.0,11.7,31.9,34.5,36.8,37.2,35.2,35.6,36.1,36.9,38.9,53.7,46.1,44.4,44.4,43.0,43.0,40.9,37.1,34.8
134.4,30.6,25.0,20.1,15.1,12.2,10.3,9.2,7.8,2.8,0.0,0.0,0.0,11.0,7.2,13.3,21.0,29.2,33.8,36.6,37.4,36.1,28.3,28.2,22.1,16.6,15.0,11.4,10.3,8.5,4.1,2.2,1.4,13.0,34.1,32.7,35.9,37.5,36.5,38.1,35.6,34.2,37.0,56.9,47.9,45.0,44.9,38.1,39.1,38.3,34.0,32.4
107.4,28.3,23.3,18.0,13.9,11.0,9.8,8.5,7.1,1.4,0.0,0.0,0.0,10.0,6.4,11.2,20.6,27.6,32.5,35.4,36.1,34.7,30.4,24.8,21.6,18.4,13.5,12.4,9.0,6.4,5.4,3.2,1.0,12.5,33.3,34.5,35.5,36.1,36.9,34.5,36.8,36.7,32.3,49.5,48.2,46.7,41.8,41.7,39.1,35.4,34.7,31.4
137.2,31.1,23.0,17.7,15.7,14.9,14.9,15.6,15.6,3.6,0.0,0.0,0.0,6.4,5.4,10.8,18.0,25.2,31.3,35.4,38.5,38.6,9.8,9.8,7.2,6.7,6.1,4.1,4.2,2.8,3.0,3.2,1.0,4.5,11.7,12.4,14.3,14.8,13.6,13.4,12.4,13.0,15.8,31.1,23.8,24.6,24.8,22.5,22.1,20.0,20.4,19.4
134.4,34.2,26.9,19.1,15.3,12.5,11.7,12.7,15.0,4.5,0.0,0.0,0.0,6.4,7.1,10.8,15.6,21.5,28.5,35.2,39.3,42.7,12.0,10.8,9.2,7.3,6.1,5.8,5.8,6.0,5.0,2.2,1.0,5.1,12.6,13.3,13.5,13.9,14.0,13.9,14.2,13.3,13.2,26.2,26.0,24.8,22.4,21.1,20.9,19.2,18.8,17.0
122.1,35.5,26.9,20.8,16.2,13.6,12.6,13.0,15.6,4.2,0.0,0.0,0.0,6.7,7.6,11.2,16.6,22.0,29.2,35.8,41.1,43.8,12.8,11.7,10.2,7.8,6.4,6.1,6.3,5.0,4.1,2.0,0.0,5.0,13.0,12.8,13.4,14.0,14.8,15.3,15.0,13.9,13.5,28.3,26.4,25.0,22.5,21.3,21.0,20.0,18.9,17.5
107.4,36.3,28.0,20.6,15.2,13.0,12.1,13.6,16.0,5.1,0.0,0.0,0.0,5.4,6.7,10.8,16.3,22.0,29.6,36.1,41.5,43.2,13.0,10.8,8.6,7.6,8.1,7.1,6.1,4.5,3.6,1.0,1.4,4.1,11.3,12.6,14.3,14.9,14.3,14.3,13.6,13.9,15.0,28.4,24.2,22.6,21.0,22.0,21.0,20.0,17.3,16.8
137.2,47.0,36.2,28.6,26.1,28.6,29.2,25.1,17.3,3.2,0.0,0.0,0.0,3.2,10.6,18.9,23.1,24.0,25.9,32.6,42.9,50.2,25.1,24.8,21.0,21.2,22.0,20.2,21.2,17.5,16.4,5.4,1.0,4.1,12.4,12.8,16.8,17.5,19.2,22.2,19.8,24.3,26.9,39.8,31.6,34.0,30.8,28.6,29.6,24.0,22.0,22.0
134.4,37.2,29.4,23.1,21.6,23.4,24.2,21.2,17.9,5.1,0.0,0.0,0.0,4.5,8.6,13.6,18.0,22.0,26.7,33.5,40.2,43.6,21.3,20.0,20.6,19.2,18.9,15.8,13.9,13.9,14.6,6.0,1.4,2.2,8.1,8.9,8.5,9.5,13.0,14.1,15.7,17.9,19.9,33.2,30.5,26.2,25.3,22.5,23.0,24.1,23.0,21.2
107.4,33.6,26.2,19.9,19.1,19.7,20.6,18.6,15.3,4.0,0.0,0.0,0.0,3.2,6.4,11.4,15.2,19.1,24.3,29.7,36.2,39.4,18.4,18.1,15.3,14.8,15.1,14.9,15.0,14.2,13.0,4.5,1.0,2.8,7.6,8.1,9.9,10.0,11.3,12.0,12.2,14.9,16.8,30.1,25.9,23.9,22.0,21.6,21.8,21.0,18.8,16.8
137.2,55.9,44.4,38.1,35.7,32.3,24.7,15.5,15.0,5.4,0.0,0.0,0.0,14.0,14.1,13.9,15.0,22.0,33.8,47.9,60.5,65.5,19.4,20.4,17.9,17.1,17.5,16.6,19.0,17.7,16.5,7.0,0.0,5.1,12.4,10.8,12.2,12.2,12.2,14.3,13.3,17.0,20.0,39.1,31.2,31.1,27.5,26.2,26.9,23.7,21.8,22.7
134.4,37.4,27.9,23.0,22.8,23.3,20.6,12.6,2.8,1.4,0.0,0.0,0.0,11.4,10.4,9.8,10.8,15.0,23.8,33.1,42.7,45.8,14.6,15.6,14.9,15.1,16.6,15.0,15.5,14.1,13.4,5.8,1.0,3.2,7.2,7.1,7.2,7.3,7.1,9.1,9.4,11.4,13.2,25.3,22.1,20.8,19.7,18.0,17.5,16.3,13.9,14.0
122.1,37.1,27.0,22.4,22.1,22.1,19.0,12.4,4.0,2.2,0.0,0.0,0.0,10.6,8.5,8.6,10.0,14.8,22.6,33.0,42.9,45.7,15.6,15.5,15.3,15.0,14.8,15.0,13.9,14.1,13.0,4.1,1.4,2.0,6.1,6.0,7.1,7.6,8.6,9.2,10.4,13.0,14.9,24.7,21.4,19.7,18.1,16.6,16.1,15.0,14.9,13.5
107.4,36.8,26.3,22.1,22.7,23.4,20.5,12.2,2.2,1.4,0.0,0.0,0.0,12.0,10.0,10.2,10.6,13.6,22.1,32.0,41.8,44.8,15.1,13.9,15.3,15.0,15.2,15.6,14.6,14.0,14.8,5.0,0.0,3.2,7.6,8.1,7.8,7.2,8.5,9.1,11.4,12.0,13.9,22.4,22.0,20.1,18.0,18.2,17.7,17.0,15.7,14.0
137.2,24.7,19.3,22.4,26.9,29.5,27.2,21.0,15.6,4.5,0.0,0.0,0.0,16.3,15.2,15.0,16.6,20.9,26.2,32.1,36.2,35.5,13.6,13.9,14.3,13.5,14.0,13.6,14.3,13.9,13.6,6.4,0.0,2.2,3.6,2.0,1.4,2.2,3.2,4.5,6.3,7.8,11.2,24.4,22.8,19.4,18.4,18.0,18.6,18.4,16.6,16.3
134.4,28.2,24.0,30.5,34.9,37.6,33.3,25.6,19.0,4.5,0.0,0.0,0.0,25.5,22.8,20.0,20.1,23.3,31.6,38.3,43.8,41.1,15.1,16.3,16.3,18.8,19.7,19.2,18.6,17.3,15.0,6.1,1.4,2.2,3.2,3.2,2.8,2.8,2.2,4.5,10.2,10.6,15.0,28.0,30.4,26.3,26.8,24.7,21.6,24.2,21.1,19.8
122.1,23.3,20.6,24.2,28.5,30.1,28.2,21.3,16.3,4.1,0.0,0.0,0.0,22.2,18.8,17.5,17.3,20.2,25.5,31.8,34.7,35.2,26.9,28.2,29.2,29.1,30.4,29.3,29.7,28.5,28.6,11.0,0.0,3.2,7.8,6.0,3.2,3.0,6.1,9.9,14.3,18.0,22.2,51.0,45.9,43.6,39.1,38.3,38.5,37.4,34.9,33.6
107.4,19.8,10.0,13.4,20.0,24.0,23.0,16.5,11.4,3.2,0.0,0.0,0.0,20.9,19.3,18.9,17.7,21.0,26.9,32.6,34.5,35.8,14.9,15.8,14.4,14.3,14.2,15.0,15.3,14.9,15.3,5.8,1.0,1.0,2.0,2.8,2.0,3.2,3.6,5.1,8.6,10.4,13.4,18.4,16.5,15.3,14.1,14.9,14.1,14.8,13.9,13.0
137.2,18.0,9.2,11.7,17.7,21.3,19.8,14.8,10.2,3.2,0.0,0.0,0.0,19.2,17.5,17.5,17.0,19.4,24.4,29.7,32.6,30.8,26.2,28.0,24.2,25.5,24.2,25.6,29.0,25.0,26.6,10.4,1.0,2.0,3.6,4.5,5.1,3.2,8.5,11.7,11.2,20.5,24.0,34.2,24.7,32.2,25.1,23.4,29.7,19.4,22.8,23.3
134.4,21.5,7.1,11.7,20.8,26.9,25.6,20.0,11.7,3.0,0.0,0.0,0.0,25.1,23.2,23.5,21.5,26.4,29.7,35.4,38.9,40.0,17.0,17.2,17.1,16.1,17.7,18.0,18.4,17.2,17.2,6.7,1.0,1.4,2.2,2.8,3.2,4.5,7.1,9.2,10.4,13.6,15.6,18.0,14.8,16.2,15.0,13.0,14.8,11.0,11.7,10.6
107.4,21.1,6.7,10.0,19.2,24.7,23.9,17.9,10.0,1.4,0.0,0.0,0.0,24.8,24.8,24.8,24.7,26.6,30.8,36.1,39.8,36.8,17.0,17.0,16.1,15.6,16.3,16.6,17.0,16.1,15.8,6.4,0.0,2.2,4.5,4.5,4.5,4.1,5.7,7.1,8.6,12.0,14.9,18.0,15.6,15.1,13.9,14.6,14.9,13.6,13.0,11.7
137.2,18.4,6.0,9.1,17.5,22.2,21.6,15.7,9.0,2.8,0.0,0.0,0.0,22.5,22.5,21.4,20.8,23.3,26.0,31.4,34.0,32.6,28.4,29.4,29.1,29.7,29.2,29.5,28.6,25.7,25.5,9.8,1.0,2.2,5.1,5.4,7.1,9.0,11.3,13.0,15.6,20.0,24.1,33.4,29.7,29.1,26.1,22.4,25.1,22.0,21.6,20.5
134.4,12.1,5.0,15.6,23.6,26.9,26.1,19.2,12.1,3.0,0.0,0.0,0.0,23.7,23.9,23.6,23.3,24.4,27.5,30.8,31.2,27.6,26.9,27.7,27.6,28.6,29.1,28.6,26.7,25.6,25.0,8.9,1.0,5.0,11.2,11.3,10.2,9.2,10.0,12.2,16.3,19.3,23.6,38.2,36.0,34.4,31.6,29.4,28.6,28.0,26.9,26.1
107.4,11.4,6.0,15.6,23.9,27.3,25.6,19.2,11.7,3.0,0.0,0.0,0.0,23.4,23.3,23.3,23.4,24.1,27.0,30.5,31.1,27.2,24.6,26.7,27.7,27.5,27.7,28.7,25.5,26.2,24.0,8.1,1.0,5.0,11.4,10.6,11.0,10.4,9.2,11.7,15.3,18.4,23.3,38.3,36.0,33.0,32.7,29.4,27.0,29.0,26.2,25.5
137.2,11.7,16.1,23.8,29.1,29.1,24.7,18.0,13.4,3.6,0.0,0.0,0.0,23.2,23.4,23.6,24.8,26.4,28.6,29.2,27.6,22.0,16.3,18.8,19.0,18.4,19.4,19.4,20.1,19.3,17.8,7.3,1.0,5.7,13.6,14.1,13.6,12.0,10.2,11.2,10.8,11.3,12.8,39.1,34.2,31.9,29.6,30.6,30.6,29.5,27.1,26.1
134.4,15.5,19.2,25.5,28.8,28.0,23.3,15.7,10.8,2.2,0.0,0.0,0.0,21.5,20.5,20.6,23.2,26.0,28.1,29.0,27.5,23.3,11.4,11.2,12.4,14.0,14.9,14.9,14.8,14.3,15.3,6.7,0.0,6.3,14.6,13.2,11.2,11.3,11.2,9.1,7.1,6.3,8.5,38.2,35.2,34.4,32.0,31.1,30.5,29.7,28.8,27.2
122.1,15.8,19.2,24.7,28.4,27.0,22.8,15.1,11.4,4.1,0.0,0.0,0.0,21.9,21.9,22.1,24.3,27.5,29.7,30.8,29.2,24.2,10.8,12.0,12.4,12.1,14.2,16.1,16.1,14.6,14.4,5.0,1.0,6.4,15.1,13.6,12.5,11.2,9.0,9.0,7.3,6.3,8.1,39.1,34.0,32.8,32.1,31.8,30.4,29.2,27.0,26.0
107.4,17.1,20.6,26.3,29.0,29.0,23.3,16.1,12.4,4.1,0.0,0.0,0.0,22.1,21.4,22.0,23.3,26.6,28.8,29.8,28.3,24.2,11.2,11.4,12.8,13.0,13.0,15.1,16.3,15.3,16.2,5.8,1.4,5.1,13.6,13.6,12.4,11.4,9.4,7.2,7.8,8.1,7.8,39.7,34.1,34.0,30.5,30.5,31.6,28.0,28.6,25.0
137.2,22.5,17.5,19.0,23.1,23.4,19.6,10.0,6.0,2.8,0.0,0.0,0.0,23.5,21.1,20.0,21.6,26.0,30.3,35.2,37.1,36.0,8.5,9.4,9.1,8.6,9.8,10.2,10.8,10.0,9.2,3.6,1.0,2.0,4.5,3.2,1.4,1.4,1.4,1.0,2.2,4.2,7.0,18.0,15.5,16.3,16.3,16.5,17.0,16.6,15.3,14.2
134.4,22.5,17.5,20.0,24.0,24.7,19.9,11.0,4.0,2.2,0.0,0.0,0.0,25.3,23.0,20.8,21.6,24.1,28.6,32.6,34.2,33.0,6.4,8.1,8.0,9.4,8.9,8.2,8.6,8.1,9.2,4.5,1.4,1.4,4.1,4.2,4.1,3.6,2.2,0.0,2.2,4.1,4.5,18.4,17.7,18.7,16.3,16.2,17.3,16.3,16.8,17.5
122.1,23.3,18.2,20.5,23.9,24.2,19.4,10.6,4.2,2.0,0.0,0.0,0.0,25.1,23.5,21.2,22.0,24.1,28.0,33.0,35.0,34.0,13.6,15.0,16.1,15.2,15.6,18.4,18.0,19.4,18.1,6.3,1.0,4.5,10.0,9.2,7.3,5.1,2.2,3.0,3.0,5.1,8.5,38.5,35.5,34.1,34.5,33.6,35.0,34.7,33.6,30.6
107.4,21.2,16.8,19.2,21.9,22.5,18.4,10.0,2.8,2.2,0.0,0.0,0.0,23.6,21.2,19.0,19.2,21.9,26.2,30.5,32.6,31.1,11.7,13.3,13.6,16.3,16.5,16.2,17.8,15.8,17.9,7.1,1.4,3.2,8.5,7.3,6.1,5.7,4.1,1.0,3.0,6.7,8.5,36.7,33.1,35.5,31.3,32.1,33.5,30.9,31.0,31.6
137.2,17.0,8.2,11.4,16.0,19.2,16.3,10.0,2.2,1.4,0.0,0.0,0.0,29.7,29.1,29.0,27.8,30.0,29.5,31.3,30.5,30.8,11.3,12.5,14.8,15.3,15.0,16.0,15.3,17.2,14.9,5.0,0.0,6.7,13.6,11.0,11.0,12.2,10.8,8.1,7.1,8.0,11.0,44.6,43.3,39.6,40.2,39.3,38.9,41.3,37.6,33.1
134.4,16.8,7.2,9.2,15.3,17.8,15.6,8.9,4.2,2.0,0.0,0.0,0.0,29.1,30.1,30.4,30.8,31.9,31.9,33.4,33.6,30.5,12.2,14.4,15.7,14.3,15.8,18.0,16.5,15.7,15.6,4.1,2.0,6.1,13.5,13.0,13.3,13.0,9.1,10.0,9.0,8.1,10.0,47.5,42.0,39.3,38.6,41.0,39.6,40.3,36.1,35.5
107.4,15.5,5.4,10.3,15.3,18.1,16.1,9.5,3.0,1.0,0.0,0.0,0.0,27.5,29.6,30.1,31.0,31.3,32.2,33.1,33.0,29.1,6.3,6.1,7.3,8.1,7.8,7.1,8.6,8.5,8.0,3.6,0.0,3.6,7.6,6.4,5.7,5.7,5.8,5.4,3.6,4.2,5.0,22.1,20.6,20.8,19.1,19.2,20.1,20.4,19.1,18.4
137.2,14.3,3.6,8.2,14.0,17.0,15.0,9.1,2.2,1.4,0.0,0.0,0.0,26.5,29.1,31.0,32.6,33.0,33.7,34.2,34.1,29.0,5.1,6.7,7.8,7.2,8.1,8.1,9.1,8.2,8.1,2.2,1.0,4.0,7.8,6.4,6.7,7.3,6.1,4.1,3.2,4.1,4.1,21.6,20.2,19.3,18.7,19.0,19.2,19.7,18.4,15.8
134.4,13.5,2.0,9.2,14.9,17.0,14.9,8.5,1.0,1.4,0.0,0.0,0.0,26.2,28.3,31.6,33.1,34.9,34.9,35.5,34.4,29.8,10.8,11.7,12.6,14.1,16.0,15.8,15.7,15.6,16.6,6.3,1.0,6.7,16.1,15.3,13.4,12.2,10.6,9.2,7.2,5.4,8.1,42.4,38.1,38.1,37.7,37.4,36.8,36.9,36.4,34.0
122.1,14.0,2.8,8.9,14.6,16.5,14.6,7.6,2.2,2.0,0.0,0.0,0.0,27.2,28.9,31.0,33.5,34.0,34.9,35.8,34.8,29.8,5.1,7.1,7.1,7.3,7.3,8.1,8.5,8.1,7.1,2.8,1.0,2.8,7.1,6.3,6.7,6.4,5.8,3.2,2.8,3.6,3.6,22.0,19.3,19.2,17.0,18.4,19.7,18.4,17.0,16.5
107.4,12.8,2.2,9.2,15.6,17.8,14.9,9.2,2.0,1.0,0.0,0.0,0.0,25.6,27.7,30.0,32.2,34.0,34.5,35.2,33.4,29.0,9.8,11.2,13.6,14.1,14.0,15.1,16.2,16.4,15.0,6.3,0.0,7.2,17.0,14.6,13.4,13.0,12.0,8.6,6.4,6.3,8.2,42.1,39.1,38.8,37.7,36.7,37.6,38.0,35.1,32.1
137.2,13.6,3.6,8.1,14.4,16.4,14.9,7.8,2.2,2.2,0.0,0.0,0.0,23.8,26.7,29.4,32.6,34.5,35.5,37.6,32.3,30.4,5.8,6.1,6.1,6.1,8.0,8.2,7.6,7.2,7.1,3.0,1.0,2.2,5.7,6.4,6.3,5.0,3.0,2.2,2.2,1.4,2.2,21.2,18.4,18.0,18.0,18.4,18.0,17.5,16.5,16.0
134.4,12.8,3.2,9.5,14.9,16.2,14.3,8.5,2.0,1.0,0.0,0.0,0.0,23.4,26.1,28.6,32.2,33.5,33.6,35.5,33.4,29.0,8.9,10.8,13.6,14.3,14.0,14.0,14.1,15.2,15.3,6.1,1.0,6.1,14.4,13.2,11.0,10.0,9.0,6.3,3.2,3.2,6.3,42.2,38.6,38.1,36.6,37.2,38.2,38.6,35.5,33.0
107.4,13.0,3.6,7.2,12.0,13.5,12.2,6.7,1.0,1.0,0.0,0.0,0.0,21.1,24.0,27.0,29.4,30.4,32.0,32.1,31.3,26.2,5.0,4.0,5.1,7.0,7.3,6.7,5.8,7.2,7.8,3.2,1.4,2.2,6.3,6.0,6.3,4.5,3.2,3.2,2.2,1.0,2.2,19.2,16.3,17.0,17.0,17.5,15.7,17.1,16.3,16.0
137.2,17.7,5.8,5.4,11.2,13.9,12.8,7.8,2.8,2.0,0.0,0.0,0.0,25.5,28.0,31.4,34.0,35.4,37.2,38.0,37.6,34.0,5.0,8.1,7.3,7.3,8.2,9.0,9.5,8.1,8.1,4.1,1.0,3.0,7.1,6.7,5.4,6.1,5.0,2.2,2.2,2.2,3.2,26.0,22.1,21.5,20.2,20.2,22.6,21.1,18.4,19.4
