134.4,17.5,9.2,4.5,1.4,2.2,5.8,9.2,10.6,3.6,0.0,0.0,0.0,8.1,12.6,19.2,26.6,32.4,36.4,38.6,36.7,32.6,9.2,8.2,6.7,5.7,4.5,5.4,4.5,5.0,2.8,1.0,1.0,3.0,7.6,7.0,6.1,6.7,8.6,9.2,9.8,8.2,9.1,21.9,21.5,17.5,18.4,18.0,17.5,17.5,15.8,14.9
122.1,19.1,9.5,3.6,1.4,2.2,6.0,10.0,11.4,3.2,0.0,0.0,0.0,8.2,13.0,21.0,29.2,35.5,40.3,43.1,39.0,36.0,8.9,8.1,8.2,6.4,5.7,5.8,6.1,5.4,4.2,1.4,1.4,2.2,6.7,9.1,9.2,8.9,8.6,9.2,10.8,10.4,9.0,24.4,23.9,21.9,19.3,19.9,20.1,20.2,17.1,16.1
107.4,19.4,9.9,4.5,1.4,2.2,5.8,9.2,10.6,3.6,0.0,0.0,0.0,9.2,13.9,21.1,28.8,35.8,40.2,42.7,40.3,35.4,9.4,8.6,7.3,6.0,5.1,5.8,6.4,5.1,4.1,1.0,1.0,2.2,7.6,8.5,8.9,8.2,9.1,10.0,10.8,10.0,9.2,25.0,23.3,20.8,20.0,19.8,20.2,19.0,17.1,16.0
137.2,17.3,8.5,3.6,1.0,2.0,6.0,8.2,9.5,3.2,0.0,0.0,0.0,7.3,12.0,18.1,25.5,31.8,35.7,37.3,35.2,31.1,8.1,7.3,7.2,5.7,4.5,5.1,5.0,5.0,4.5,1.0,1.4,1.4,6.0,8.1,8.1,7.8,7.8,8.1,9.5,10.0,8.5,21.4,20.9,19.1,17.0,17.0,17.3,17.9,15.6,13.5
134.4,19.3,10.3,4.2,1.4,2.2,5.4,8.9,11.4,2.8,0.0,0.0,0.0,9.0,14.3,21.2,28.6,35.3,39.4,41.8,40.2,34.8,10.0,8.5,7.1,5.0,5.8,6.0,5.4,5.0,3.6,0.0,1.0,3.0,8.1,8.0,7.3,7.3,9.8,10.0,10.4,9.1,10.0,25.0,23.1,20.0,18.0,21.1,19.3,19.4,16.4,15.8
122.1,18.4,9.2,4.0,1.0,2.2,5.8,9.5,11.2,3.0,0.0,0.0,0.0,8.5,13.0,20.6,29.1,34.5,39.6,42.2,40.3,34.0,8.1,8.1,8.1,6.4,5.0,5.4,6.0,5.4,4.5,1.4,1.4,2.2,7.3,8.1,8.5,8.6,8.5,9.4,9.8,10.0,9.1,25.5,22.5,21.8,19.1,19.0,20.1,19.0,17.5,15.6
107.4,17.0,8.9,5.0,2.2,1.0,4.2,7.8,8.9,2.0,0.0,0.0,0.0,7.2,12.0,19.1,26.2,32.0,36.9,38.2,36.1,31.1,15.6,13.9,11.7,12.0,11.7,9.9,8.9,8.5,9.1,5.0,1.0,6.0,14.2,13.0,15.7,16.3,17.0,16.2,16.6,17.8,19.2,46.9,37.1,38.6,36.8,34.7,34.7,32.7,32.6,30.1
137.2,18.6,9.8,4.1,1.0,2.2,6.4,9.4,11.2,3.2,0.0,0.0,0.0,8.6,14.1,20.8,29.2,34.5,39.7,42.2,40.6,33.4,10.2,8.2,6.7,5.0,5.0,6.7,5.0,5.4,3.2,0.0,1.0,3.2,7.1,8.5,7.8,8.5,8.6,8.9,10.0,9.0,8.5,23.4,23.4,20.2,18.7,20.1,19.1,19.6,16.6,16.1
134.4,19.2,10.4,5.0,1.4,2.0,6.0,9.2,11.7,3.6,0.0,0.0,0.0,9.1,14.0,22.2,30.1,36.4,41.0,42.4,42.3,35.2,9.4,8.6,7.3,6.0,6.0,6.3,6.4,5.4,4.1,1.4,1.0,3.2,8.1,8.6,8.5,8.1,9.1,10.2,9.8,10.0,9.9,26.0,22.5,21.0,19.7,20.0,20.5,18.9,17.1,16.3
107.4,20.2,11.2,5.1,2.0,2.0,5.4,9.5,11.2,3.0,0.0,0.0,0.0,8.6,14.8,22.1,30.1,36.1,40.8,42.7,40.3,35.3,9.8,9.2,7.0,6.3,5.8,6.4,6.1,4.1,4.1,2.2,1.0,4.1,8.1,8.1,8.0,8.2,8.9,10.0,9.2,9.4,10.4,26.8,20.5,20.5,20.0,19.7,19.9,18.1,17.0,16.5
137.2,16.1,8.5,3.0,1.0,1.4,5.8,8.5,10.4,3.2,0.0,0.0,0.0,7.2,12.0,18.0,25.6,30.4,34.9,37.2,34.7,30.8,7.8,8.1,7.1,5.1,4.1,5.8,5.8,5.0,3.2,1.0,1.0,2.2,6.7,7.8,7.6,8.1,7.0,8.2,8.9,8.5,8.1,22.2,20.1,18.6,17.0,17.7,18.0,16.8,15.1,14.0
134.4,18.7,10.3,5.0,2.0,1.4,5.0,8.2,9.8,2.2,0.0,0.0,0.0,8.0,14.0,21.4,29.1,35.4,40.5,43.0,40.6,34.4,9.1,7.3,7.6,7.1,6.3,5.1,5.0,5.4,5.0,2.2,1.0,3.6,7.0,7.1,8.5,9.2,9.4,8.5,9.5,11.0,11.4,24.4,22.1,22.4,21.0,19.1,19.2,19.3,18.6,17.0
122.1,18.6,10.3,4.1,1.0,2.2,6.4,9.4,12.1,3.2,0.0,0.0,0.0,9.4,14.2,21.3,28.6,36.1,40.2,42.0,40.5,34.7,10.0,9.4,7.8,5.8,6.3,6.0,5.8,5.8,4.1,1.0,1.0,3.2,8.0,8.5,7.8,7.8,9.4,9.5,10.0,9.2,8.9,25.1,23.0,21.2,20.2,20.9,20.6,19.1,17.2,16.1
107.4,19.0,9.4,4.2,1.0,2.0,6.1,9.5,10.8,3.2,0.0,0.0,0.0,8.1,14.0,20.6,28.6,35.2,39.6,41.5,39.6,34.4,8.1,8.5,7.8,6.7,5.1,5.0,5.4,5.7,5.1,1.4,1.4,2.8,7.0,8.2,9.4,8.6,8.1,8.5,10.2,10.2,9.8,25.9,22.2,22.0,20.2,19.4,20.2,19.4,17.7,15.7
137.2,17.2,8.5,3.2,1.4,2.0,5.4,8.9,10.0,2.8,0.0,0.0,0.0,7.3,12.5,18.9,25.6,32.0,36.4,38.3,35.8,31.4,7.8,7.1,7.2,6.0,5.0,4.5,5.0,5.0,5.0,2.2,1.0,2.2,6.4,6.4,8.1,8.1,8.1,8.2,8.2,10.0,9.2,23.0,19.6,19.3,18.0,16.4,18.4,17.2,16.2,14.1
134.4,20.4,10.8,4.2,2.0,2.2,7.0,10.0,12.4,3.2,0.0,0.0,0.0,8.2,15.0,23.1,31.4,38.8,42.8,46.3,42.1,38.1,10.0,9.8,8.0,7.3,5.8,6.4,6.7,6.1,4.5,2.0,1.0,3.2,8.6,9.4,9.2,9.0,9.1,10.8,11.4,10.8,11.2,28.2,25.0,23.3,20.6,21.6,21.5,20.2,19.1,17.7
122.1,18.0,9.2,3.6,1.0,2.2,6.1,9.0,11.0,3.0,0.0,0.0,0.0,7.6,13.2,20.0,28.1,34.2,39.1,41.0,39.0,34.0,9.0,9.1,8.1,6.4,5.8,5.4,6.0,5.8,4.5,2.2,1.4,2.2,7.3,8.1,8.9,7.8,8.5,9.4,9.8,10.0,10.0,24.8,21.5,21.6,19.1,19.0,20.1,18.0,16.6,15.6
107.4,22.0,11.4,6.3,3.0,1.4,6.4,9.9,12.0,3.2,0.0,0.0,0.0,9.8,16.1,23.6,32.6,39.7,44.7,46.4,45.2,38.3,10.4,9.4,7.1,7.1,7.6,7.1,5.8,5.7,4.5,2.2,0.0,4.2,9.0,8.5,8.9,10.0,10.8,10.4,10.0,10.0,11.4,27.3,23.2,22.0,22.1,21.6,21.0,19.4,19.1,18.4
137.2,16.4,7.8,3.2,1.4,2.0,5.4,8.1,9.2,2.8,0.0,0.0,0.0,7.3,11.7,18.6,25.5,31.1,35.5,36.4,35.2,30.2,15.8,14.9,13.0,12.2,10.2,10.4,10.0,10.3,9.0,3.6,1.4,5.1,12.2,14.1,16.1,16.3,16.0,16.1,16.8,17.2,17.7,44.1,39.1,38.3,36.2,34.7,35.5,34.2,31.8,28.6
134.4,17.2,8.9,4.0,2.2,1.0,4.2,7.2,8.9,2.0,0.0,0.0,0.0,7.8,12.0,19.2,26.1,31.9,35.8,37.6,35.5,30.5,16.6,13.6,13.4,11.4,13.0,9.4,8.5,8.1,9.1,3.6,1.0,5.1,13.0,14.1,15.0,15.2,16.1,15.1,16.8,18.8,18.4,43.0,38.6,37.6,35.4,35.0,33.2,33.8,31.6,30.3
122.1,17.5,9.5,5.0,2.0,1.4,5.0,7.6,9.5,3.0,0.0,0.0,0.0,7.8,12.8,18.9,26.4,31.8,35.8,38.6,35.2,31.4,8.6,7.3,6.0,5.0,6.1,5.7,5.4,3.0,4.1,1.4,1.0,3.0,7.8,6.7,7.1,7.1,9.0,8.9,7.8,7.8,9.2,23.8,18.0,18.6,17.0,17.8,17.9,15.8,15.1,15.1
107.4,19.3,10.0,5.0,2.2,1.0,5.4,8.9,10.8,2.8,0.0,0.0,0.0,9.1,14.6,21.2,29.5,36.2,40.3,42.4,40.8,34.5,10.4,7.8,6.4,6.4,7.3,6.3,5.0,3.6,4.5,2.0,0.0,4.2,8.1,7.6,7.2,9.2,10.3,10.2,9.0,9.1,10.8,24.7,21.0,20.0,20.2,20.2,18.9,18.4,17.8,17.5
137.2,18.0,9.2,4.2,2.0,1.4,5.1,8.1,10.2,2.0,0.0,0.0,0.0,8.2,13.2,21.0,30.1,34.1,39.0,42.0,40.1,33.1,9.4,7.6,8.1,7.1,5.7,5.0,4.5,6.0,4.1,1.0,1.0,2.2,6.3,7.3,9.0,8.9,9.4,8.5,9.9,9.4,9.1,22.8,22.8,20.5,19.4,19.2,17.5,19.0,18.0,15.3
134.4,16.3,8.5,4.2,1.0,2.2,5.0,8.1,9.5,2.2,0.0,0.0,0.0,7.1,12.0,18.2,25.7,31.0,34.9,37.7,35.4,30.3,8.0,7.1,7.2,5.7,5.4,4.5,5.0,5.0,4.5,1.4,1.4,1.4,6.0,7.1,8.1,7.8,7.2,8.1,9.2,9.0,8.2,22.2,19.9,19.2,17.0,17.0,17.3,17.1,15.8,14.1
122.1,19.9,10.3,5.0,3.2,1.0,5.1,8.2,9.8,2.8,0.0,0.0,0.0,9.1,14.3,21.8,30.1,36.8,40.5,42.4,40.0,34.9,10.0,7.6,6.7,7.2,6.7,6.1,4.1,4.5,5.0,2.0,0.0,3.6,8.1,7.6,7.6,8.6,10.0,9.5,9.2,10.2,10.2,24.4,22.1,20.4,20.2,20.0,18.2,19.0,17.5,17.7
107.4,17.7,9.1,5.4,2.8,1.0,4.5,7.3,9.1,2.2,0.0,0.0,0.0,8.1,12.1,19.3,26.7,32.8,36.7,38.6,36.4,31.0,8.1,6.4,7.2,6.3,7.1,5.0,4.2,3.6,5.1,1.4,1.0,3.2,6.4,7.1,7.8,7.6,8.1,7.1,8.2,9.5,9.9,21.0,19.4,19.3,17.9,17.8,15.6,17.0,16.2,15.3
137.2,22.4,11.4,6.0,2.2,1.4,5.8,9.8,12.2,3.0,0.0,0.0,0.0,9.9,16.4,24.2,33.5,39.8,44.7,47.0,45.3,37.7,11.4,9.5,7.0,6.1,6.7,7.8,6.3,5.0,4.1,1.4,0.0,4.1,9.2,8.9,8.5,9.1,11.0,10.8,10.6,9.9,10.8,28.2,24.2,22.6,22.7,22.5,21.2,20.2,19.0,18.7
134.4,22.2,10.6,5.4,3.0,1.4,5.8,10.0,11.3,3.2,0.0,0.0,0.0,9.5,15.7,23.9,33.0,39.4,44.4,46.9,45.3,38.5,10.4,9.0,7.1,7.6,7.1,7.6,5.0,5.1,5.4,2.0,0.0,4.1,7.6,8.1,9.0,10.4,10.8,9.9,9.4,10.3,11.0,26.4,23.6,22.8,21.9,21.8,20.0,21.1,19.9,18.9
107.4,18.0,8.5,4.0,1.4,2.0,5.0,9.2,10.3,2.2,0.0,0.0,0.0,7.2,13.5,20.8,28.3,35.0,39.1,40.8,39.2,33.4,8.5,8.1,8.2,7.1,5.4,5.0,5.7,6.1,5.1,2.0,1.4,2.0,7.1,7.8,8.5,9.0,8.2,8.5,9.8,10.6,10.3,24.2,22.4,21.6,19.8,19.1,19.4,19.7,18.1,16.0
137.2,18.7,9.8,4.2,1.4,2.2,6.1,9.5,11.7,3.6,0.0,0.0,0.0,9.1,14.0,22.2,29.6,36.4,39.8,43.9,40.4,35.4,9.2,8.6,6.7,5.8,6.3,6.0,6.7,4.2,4.1,2.2,1.0,2.8,9.1,8.1,9.2,7.8,8.6,10.2,10.0,8.9,9.5,26.9,21.0,21.0,19.4,19.6,21.0,17.2,17.0,15.7
134.4,20.0,10.8,5.0,2.2,1.0,5.0,8.6,11.2,2.0,0.0,0.0,0.0,8.6,14.1,22.7,31.6,37.4,42.2,44.7,43.2,36.8,10.8,7.8,8.1,7.6,7.0,5.4,4.2,5.4,5.1,1.4,1.0,3.6,7.3,7.6,8.6,9.4,9.5,9.1,10.0,11.2,11.4,22.4,24.1,22.5,20.2,21.1,19.2,21.4,18.4,17.5
122.1,19.6,10.3,5.8,3.0,1.4,5.1,9.1,10.4,2.2,0.0,0.0,0.0,8.0,14.1,22.6,31.3,37.9,42.7,45.9,42.6,36.3,9.1,8.5,8.1,7.8,7.3,6.0,5.1,5.8,5.8,2.2,1.0,3.6,8.1,8.2,9.5,10.0,9.4,9.5,9.5,12.0,11.4,26.1,22.8,23.2,22.0,20.4,20.6,20.1,19.8,17.5
107.4,18.7,10.0,4.5,2.8,1.0,5.0,8.5,10.2,2.0,0.0,0.0,0.0,8.1,13.9,20.9,28.6,34.7,39.3,42.1,38.6,33.2,10.0,8.2,6.3,6.4,7.2,6.1,5.1,4.5,5.0,2.0,0.0,3.6,8.2,7.0,8.1,8.5,10.0,9.4,8.9,9.2,11.0,24.1,19.7,20.2,20.4,19.0,18.2,16.8,17.0,16.3
137.2,18.0,9.1,4.5,2.2,2.0,5.7,8.9,10.8,2.2,0.0,0.0,0.0,7.8,12.5,20.6,27.5,34.8,39.2,41.2,38.9,33.5,9.1,8.1,7.3,7.8,6.7,5.1,5.0,5.4,5.0,2.2,1.0,2.8,7.3,7.1,9.1,9.8,9.2,8.6,9.4,10.4,11.0,24.0,20.6,21.5,20.4,18.0,19.0,18.7,17.5,16.3
134.4,20.9,11.2,6.4,3.2,1.0,5.1,8.5,9.4,2.2,0.0,0.0,0.0,8.0,14.1,21.6,30.4,37.6,42.4,46.1,43.7,37.7,10.4,7.8,7.2,7.1,7.3,6.1,5.0,3.6,4.5,2.0,0.0,3.6,8.2,7.2,7.1,7.8,10.3,10.0,10.0,9.2,10.8,28.2,23.0,22.1,20.6,21.2,18.9,17.0,17.0,15.7
122.1,21.9,11.4,5.4,2.0,1.4,5.7,8.5,10.3,3.2,0.0,0.0,0.0,8.9,13.9,22.2,30.4,38.9,43.3,47.0,44.2,39.2,10.4,8.9,6.4,6.4,6.3,7.0,5.4,4.2,3.6,2.0,0.0,3.6,7.3,7.2,7.2,9.2,10.3,10.2,10.0,10.0,10.8,28.2,23.0,23.0,22.1,20.9,19.7,18.0,17.0,15.8
107.4,21.6,10.8,5.0,1.0,2.8,5.8,8.9,10.8,3.2,0.0,0.0,0.0,8.6,14.1,22.0,30.2,37.7,43.8,47.2,44.8,39.2,10.6,9.4,8.1,6.0,6.1,5.8,6.4,5.1,4.1,1.0,1.4,2.2,6.4,8.1,8.2,9.0,9.1,10.4,11.7,10.6,10.3,28.3,25.1,23.6,21.3,21.2,21.6,19.3,17.3,15.0
137.2,17.0,9.2,4.5,2.2,1.0,4.1,7.6,8.6,1.4,0.0,0.0,0.0,7.1,12.6,18.8,25.9,31.8,36.2,38.5,36.4,31.0,7.6,6.7,6.4,6.4,6.1,4.1,4.1,4.5,4.5,2.2,1.0,3.2,6.3,6.7,7.8,8.6,8.5,8.1,8.1,9.1,9.8,22.5,19.1,20.0,19.2,17.5,17.1,17.0,17.0,14.8
134.4,20.6,11.2,5.0,2.2,2.0,6.1,10.4,13.0,3.6,0.0,0.0,0.0,10.0,15.0,23.5,32.6,38.9,44.0,46.3,44.7,37.5,10.0,10.8,7.2,6.4,7.2,7.1,7.3,5.7,4.1,2.0,1.0,3.6,9.2,9.2,8.9,9.4,9.9,11.2,10.2,10.0,11.0,29.7,22.6,22.4,21.0,21.0,22.8,19.7,18.6,17.8
122.1,17.9,9.2,5.1,2.8,0.0,4.2,7.6,8.5,2.0,0.0,0.0,0.0,7.1,12.8,18.9,25.9,32.6,36.2,37.2,36.1,30.8,17.1,14.0,12.2,11.7,12.0,10.8,9.1,9.2,8.6,4.0,0.0,6.3,13.9,13.6,14.1,16.1,16.6,16.3,15.6,17.5,18.4,44.9,37.6,37.4,37.1,35.4,34.4,33.0,32.0,30.0
107.4,20.1,10.8,5.0,1.4,2.2,6.3,10.3,12.2,3.6,0.0,0.0,0.0,9.1,14.6,22.8,30.9,38.1,42.1,45.2,42.5,36.8,10.4,10.0,8.1,6.3,6.1,7.1,6.4,5.4,5.0,1.4,1.0,3.2,8.1,8.5,8.6,9.2,9.4,10.4,11.0,10.4,10.3,27.5,23.0,21.4,19.6,20.6,20.8,19.8,17.9,16.8
137.2,20.9,11.2,5.8,3.2,1.0,5.1,9.5,11.2,2.8,0.0,0.0,0.0,9.0,15.1,22.6,31.3,37.9,43.7,45.1,43.0,37.7,10.0,8.9,7.1,6.1,8.1,7.8,6.7,4.1,5.0,1.4,0.0,3.6,8.9,8.6,8.9,8.9,10.4,10.2,10.3,10.0,10.6,28.1,22.8,22.0,20.8,21.9,20.2,18.4,17.3,18.0
134.4,19.3,10.2,5.1,2.2,1.4,5.8,9.5,11.0,3.0,0.0,0.0,0.0,9.2,15.3,21.5,29.7,35.7,40.5,42.5,39.8,34.4,10.4,8.2,8.1,6.4,5.7,6.3,5.1,5.0,4.2,1.0,1.0,3.2,7.3,9.0,7.3,7.6,8.6,9.2,9.8,10.4,9.0,23.4,21.5,19.9,18.0,20.2,19.0,18.7,16.1,15.8
107.4,19.8,10.3,4.0,2.2,2.0,5.8,9.2,10.6,2.8,0.0,0.0,0.0,7.6,13.0,20.6,29.1,36.8,41.8,44.7,42.8,37.8,9.4,8.5,8.9,8.0,6.3,5.8,5.7,6.3,5.0,2.0,1.4,2.2,5.8,7.8,8.6,9.5,9.0,9.0,10.4,11.7,11.4,25.1,24.7,23.7,21.1,20.0,19.8,19.7,17.5,14.0
137.2,19.6,10.0,5.0,2.0,2.0,5.0,8.5,10.2,2.2,0.0,0.0,0.0,7.2,13.0,20.9,30.8,35.9,41.5,45.9,44.6,36.1,10.4,8.1,8.2,7.6,6.4,5.8,5.1,5.1,4.5,2.0,1.0,2.2,6.7,7.3,9.0,8.5,9.4,9.2,10.6,11.2,11.0,26.1,24.1,22.8,20.6,20.9,18.4,19.0,16.8,14.3
134.4,19.9,10.3,5.0,2.2,1.0,5.1,7.3,8.9,2.2,0.0,0.0,0.0,8.0,13.2,20.4,28.2,34.8,40.3,42.8,40.6,34.7,9.5,9.2,6.0,5.1,5.4,5.7,6.3,4.0,3.2,2.8,1.0,3.2,7.2,6.0,7.1,7.3,8.5,10.0,8.5,7.6,10.3,27.7,19.8,19.8,19.4,18.0,18.8,14.3,15.3,14.1
122.1,19.9,10.8,4.5,1.0,2.2,6.1,9.5,10.8,3.2,0.0,0.0,0.0,7.1,13.0,20.6,30.1,36.4,42.7,45.6,43.9,37.7,10.2,10.0,8.9,7.1,5.8,6.3,6.0,5.8,5.0,1.4,1.4,2.0,6.7,8.1,9.2,8.9,8.6,9.9,10.8,11.2,11.0,27.7,25.1,23.1,20.6,20.2,20.0,19.6,17.0,15.0
107.4,17.0,9.2,5.1,2.8,0.0,3.6,6.7,7.6,2.0,0.0,0.0,0.0,6.4,10.8,17.9,25.5,30.9,35.4,38.1,36.9,31.1,8.5,7.2,5.8,6.1,6.1,5.0,4.2,3.6,4.1,2.8,0.0,3.2,5.7,4.5,6.7,8.2,8.1,7.6,7.6,8.6,10.0,22.1,18.0,19.3,18.0,17.0,15.6,15.0,14.3,13.2
137.2,19.2,9.8,4.0,1.0,2.2,5.7,8.6,10.3,3.2,0.0,0.0,0.0,8.1,12.8,19.8,28.4,34.2,39.2,43.3,40.4,34.7,11.0,8.9,7.8,5.8,6.3,7.0,5.0,5.0,3.2,0.0,1.0,2.2,7.0,7.3,6.7,7.1,8.5,8.9,10.0,10.0,8.5,24.7,23.3,20.0,19.0,19.4,17.5,18.0,14.9,13.6
134.4,18.2,9.1,5.4,2.8,0.0,4.5,7.3,8.1,2.0,0.0,0.0,0.0,6.7,11.7,18.4,26.3,31.4,36.7,39.3,37.6,31.6,9.2,7.0,6.1,6.3,6.4,5.4,4.0,4.0,4.1,2.2,0.0,3.6,6.1,6.0,6.1,8.2,8.6,8.6,8.1,8.9,10.0,23.0,19.2,19.4,19.2,17.1,16.3,15.0,15.1,13.9
122.1,16.8,8.1,4.1,1.4,1.4,5.8,7.6,9.2,3.2,0.0,0.0,0.0,6.4,11.2,17.5,24.0,31.0,35.4,38.6,35.8,31.4,8.5,8.5,7.0,5.1,5.4,5.8,5.0,5.0,3.2,1.0,1.4,2.0,5.7,6.7,8.1,7.1,7.3,7.6,9.2,8.6,8.5,22.8,20.8,19.1,17.0,17.8,17.0,15.8,14.0,12.0
107.4,17.5,9.5,5.0,1.4,2.0,5.0,8.1,9.5,3.2,0.0,0.0,0.0,7.1,12.0,18.1,25.5,32.0,36.9,39.3,36.1,32.1,9.1,8.2,6.4,5.0,5.0,5.4,5.1,3.6,2.8,1.0,1.0,2.2,6.0,7.3,5.8,6.4,7.8,8.9,9.2,9.0,8.2,22.7,21.2,18.4,17.5,18.0,16.1,15.8,13.4,13.0
137.2,20.6,10.2,5.1,2.0,2.0,5.4,8.5,10.2,3.0,0.0,0.0,0.0,8.5,13.6,20.6,28.6,35.8,40.7,43.4,41.2,35.4,10.0,8.5,6.1,5.0,6.1,6.4,5.4,4.1,4.0,1.4,1.0,3.0,7.1,7.3,7.1,8.1,9.2,9.8,9.2,9.2,10.3,26.9,20.8,20.8,20.5,19.2,19.2,15.8,15.3,15.0
122.1,17.5,9.5,5.1,2.2,1.0,4.2,7.2,8.9,2.0,0.0,0.0,0.0,7.8,13.6,19.7,26.4,33.1,36.7,38.3,36.4,31.4,16.1,14.9,11.7,11.4,13.0,11.0,10.2,8.5,10.0,5.0,0.0,6.7,14.1,13.4,14.4,16.3,16.6,16.5,15.1,17.0,18.4,47.7,37.1,38.3,38.1,35.0,36.5,31.6,32.6,30.4
134.4,17.0,8.6,4.1,1.0,2.2,5.7,9.2,10.8,3.2,0.0,0.0,0.0,7.6,12.8,19.1,25.5,31.2,36.1,37.5,36.1,31.1,17.0,15.7,14.1,12.0,11.2,11.7,10.3,11.0,7.3,2.2,1.0,4.1,13.5,15.3,14.9,15.0,15.1,15.8,18.4,17.7,17.0,42.4,41.2,37.0,34.8,35.5,34.7,35.5,31.3,28.1
107.4,19.1,9.5,5.0,2.2,1.4,5.1,8.0,10.2,2.0,0.0,0.0,0.0,8.2,14.0,21.0,29.1,35.1,40.1,42.0,40.0,33.1,8.9,8.1,7.2,7.2,6.1,6.1,5.4,5.0,5.4,3.6,1.0,3.2,7.3,6.7,8.6,9.4,9.5,9.1,9.1,10.2,11.2,25.3,21.0,22.0,21.4,18.7,19.3,18.0,18.4,16.6
137.2,21.2,11.2,6.1,3.2,2.0,6.3,10.4,12.2,4.0,0.0,0.0,0.0,10.0,15.7,23.8,32.3,39.3,44.3,45.3,43.9,37.6,9.8,10.0,7.3,6.3,6.7,6.4,6.1,5.1,4.1,1.4,1.0,3.2,8.2,9.0,8.2,8.5,10.3,10.6,10.8,9.8,10.2,28.3,22.8,22.0,22.2,22.4,20.9,19.2,19.0,18.2
134.4,19.0,10.4,5.0,2.2,2.0,6.1,9.2,11.4,3.6,0.0,0.0,0.0,9.2,14.0,21.4,29.3,34.2,39.1,41.4,39.1,33.0,9.2,8.0,6.3,5.4,5.0,6.4,6.1,5.1,4.1,1.4,1.0,2.2,7.0,7.3,8.1,7.8,8.5,9.4,9.5,8.1,8.0,24.8,21.1,19.7,19.7,20.2,19.4,18.0,16.0,16.5
107.4,18.0,10.2,5.0,2.2,1.4,5.4,8.1,10.0,2.0,0.0,0.0,0.0,7.3,13.3,21.1,28.0,35.0,38.0,42.2,37.5,34.4,9.2,7.6,7.8,7.8,7.6,4.0,4.1,3.6,5.8,3.2,1.0,3.6,7.1,7.1,8.5,8.1,9.2,8.5,9.5,11.0,11.2,23.9,21.2,22.2,19.0,18.1,19.4,19.2,17.7,16.4
137.2,18.0,9.5,5.0,2.8,1.0,4.0,8.1,9.2,2.2,0.0,0.0,0.0,8.2,13.2,20.0,27.0,32.0,36.0,38.0,36.1,30.1,8.6,6.4,6.7,6.1,6.1,5.0,4.2,4.5,5.1,1.4,1.0,3.0,6.4,7.1,7.8,8.5,9.0,7.1,7.3,8.9,9.2,21.0,19.6,19.3,18.4,17.0,16.3,17.2,16.2,15.1
134.4,19.2,11.0,5.8,2.8,0.0,4.5,8.2,10.0,2.2,0.0,0.0,0.0,8.9,14.6,21.6,30.4,36.3,40.8,42.2,40.5,34.2,9.8,8.1,7.0,7.1,7.2,5.8,5.1,5.1,5.1,2.2,0.0,3.2,7.6,7.1,8.1,9.1,9.8,9.2,9.2,10.0,10.4,24.6,20.5,21.3,20.8,20.1,19.0,18.2,18.0,16.8
122.1,19.4,11.0,5.1,2.2,2.0,5.4,9.2,11.0,3.2,0.0,0.0,0.0,9.4,14.9,21.8,30.4,36.5,40.8,42.4,40.8,34.8,9.4,9.1,7.1,6.1,6.7,7.1,6.1,5.0,4.1,1.4,1.0,3.0,8.1,8.1,8.0,8.1,9.5,10.0,9.2,9.4,9.5,26.0,21.9,19.8,19.8,20.2,19.3,18.2,17.0,16.3
107.4,21.5,11.2,6.3,3.6,1.0,5.0,8.9,10.8,3.0,0.0,0.0,0.0,9.2,15.3,24.2,31.8,39.9,44.8,46.5,44.4,38.6,10.8,8.2,8.1,8.0,8.1,6.4,5.4,5.1,5.0,2.2,1.0,4.0,8.6,8.5,8.5,10.0,10.4,9.4,10.0,11.3,11.2,26.2,23.9,22.7,22.6,21.6,20.1,20.9,20.0,18.2
137.2,21.4,11.7,7.1,3.2,0.0,5.0,9.1,11.4,2.8,0.0,0.0,0.0,10.0,16.0,24.3,32.8,40.0,44.7,46.4,44.2,37.1,10.3,8.2,7.1,7.1,7.6,6.4,5.8,5.4,6.1,3.2,0.0,4.1,8.9,8.2,9.1,10.0,10.8,10.0,9.9,10.6,11.7,26.6,22.8,23.4,22.7,21.1,20.1,20.2,20.2,18.2
134.4,21.4,11.2,6.1,3.0,1.4,5.7,9.2,11.7,3.2,0.0,0.0,0.0,10.0,15.6,23.4,32.8,39.4,44.2,46.1,45.3,38.2,11.7,10.0,8.5,7.2,7.1,7.6,6.0,5.0,4.2,1.0,1.0,4.1,8.5,9.0,8.2,8.5,9.4,10.6,11.2,10.8,11.0,27.0,24.2,21.5,21.5,21.4,21.0,20.4,18.4,18.0
137.2,17.5,9.5,5.0,2.0,1.4,5.0,8.1,9.8,3.0,0.0,0.0,0.0,8.5,13.6,20.2,27.3,32.6,36.7,39.1,36.6,32.2,9.2,8.5,6.0,6.0,6.3,6.4,5.4,4.0,4.1,1.4,0.0,3.2,7.1,7.6,7.3,7.1,9.1,8.9,8.6,8.5,8.6,22.8,19.4,17.8,17.7,18.6,17.9,16.5,15.1,15.1
134.4,20.2,10.8,5.0,2.0,2.2,6.0,10.2,11.7,3.2,0.0,0.0,0.0,9.0,15.1,22.8,31.6,38.6,43.3,45.9,43.2,37.9,9.1,9.5,7.8,6.7,6.3,6.0,7.1,5.8,6.3,1.4,1.4,2.8,8.0,8.5,10.0,10.0,9.4,9.8,10.2,11.2,10.8,28.2,24.3,24.0,21.2,21.2,22.1,20.2,18.4,17.2
137.2,19.4,10.8,5.0,2.2,2.0,6.0,9.2,11.7,3.6,0.0,0.0,0.0,9.2,14.0,22.2,29.6,35.9,40.6,42.4,40.2,34.1,10.0,9.5,6.4,5.7,5.4,6.1,6.3,5.7,4.5,2.0,1.0,3.6,8.1,8.2,8.1,8.5,9.2,10.3,10.2,9.1,9.2,26.1,22.4,20.1,20.0,19.1,19.9,18.4,17.0,16.4
134.4,21.1,11.4,6.1,3.6,0.0,4.5,7.6,8.5,2.0,0.0,0.0,0.0,7.8,13.5,20.8,29.4,36.6,42.4,45.2,43.4,37.6,10.0,8.1,8.5,7.8,6.7,5.1,4.0,5.4,4.2,2.2,1.0,2.8,6.1,7.0,8.1,8.9,9.9,8.6,10.3,11.4,12.0,26.2,23.3,22.8,21.1,20.0,19.1,19.0,17.5,14.9
122.1,20.5,10.3,5.1,2.0,1.4,5.7,9.2,10.8,3.6,0.0,0.0,0.0,8.1,12.8,20.5,29.0,36.8,41.8,45.3,42.4,36.9,11.0,9.5,7.8,5.7,5.8,6.3,5.4,4.2,3.6,1.0,1.0,2.2,7.0,7.3,8.1,7.8,9.2,9.8,10.2,10.0,10.2,27.5,23.5,22.1,21.0,21.0,19.6,17.9,15.8,14.9
107.4,20.6,11.4,6.1,3.2,0.0,4.2,8.1,8.9,2.0,0.0,0.0,0.0,7.8,13.6,21.1,29.2,35.8,42.2,45.5,42.2,37.8,9.2,7.6,7.8,7.2,6.3,5.0,4.1,4.5,5.0,2.2,1.0,3.2,6.3,6.7,8.1,10.0,9.8,9.2,9.1,11.0,11.2,25.5,23.2,23.0,21.1,19.6,19.0,18.4,17.0,15.0
38.2,19.1,9.0,3.2,0.0,2.2,5.0,8.2,8.9,2.2,0.0,0.0,0.0,6.7,12.6,20.4,28.3,35.4,41.4,44.7,43.0,36.7,8.6,7.3,6.1,4.5,3.6,3.6,4.1,3.6,2.2,1.0,1.4,2.0,6.4,7.6,8.0,8.2,8.5,8.9,10.6,10.3,9.2,27.0,24.2,22.5,20.6,19.2,20.0,18.7,16.6,14.2
137.2,19.6,9.8,3.6,1.0,1.0,4.1,6.4,7.8,1.4,0.0,0.0,0.0,7.0,12.0,20.4,28.9,36.1,41.0,44.7,42.6,36.5,7.0,7.0,6.1,5.0,4.2,2.0,3.0,3.0,3.6,2.2,1.0,2.8,6.1,6.0,8.2,8.9,9.2,9.2,9.2,10.4,11.0,26.9,21.8,23.3,21.0,19.0,19.2,17.5,16.4,14.2
134.4,17.7,9.4,4.1,1.0,1.4,5.0,7.1,8.9,2.2,0.0,0.0,0.0,6.7,10.6,17.0,25.1,30.0,34.8,39.6,36.1,32.0,17.2,15.8,12.0,11.0,11.7,11.3,9.8,7.1,6.1,2.8,1.0,5.1,12.5,13.3,14.0,15.0,14.9,16.6,17.7,17.8,19.2,47.2,38.2,36.8,35.4,35.0,32.7,29.1,27.3,26.1
122.1,18.4,9.5,4.0,1.4,2.2,5.0,8.6,9.8,3.2,0.0,0.0,0.0,6.4,12.0,18.6,26.8,33.5,38.9,42.4,41.6,34.7,9.1,9.1,8.1,7.1,5.8,4.5,5.0,5.0,4.5,2.2,1.4,2.2,6.7,7.1,8.2,7.6,8.6,9.9,10.3,10.2,11.0,26.2,21.9,20.9,19.1,18.0,19.1,17.1,15.3,12.7
107.4,19.2,9.8,5.0,3.0,1.0,4.1,7.0,8.2,2.0,0.0,0.0,0.0,6.3,11.0,19.0,27.0,33.1,39.1,41.0,40.0,34.1,8.5,8.1,7.2,6.7,6.0,5.1,4.5,4.2,5.1,2.8,1.0,2.8,6.1,6.0,7.3,9.2,9.4,8.5,9.5,11.0,11.7,25.1,20.1,22.0,20.6,17.1,18.4,16.3,15.8,14.6
137.2,20.6,11.0,5.4,1.4,1.4,5.4,9.2,10.0,3.0,0.0,0.0,0.0,7.2,13.0,20.6,31.4,36.5,42.2,45.4,46.8,37.4,11.4,9.2,8.6,6.3,6.0,7.1,6.4,5.8,3.0,0.0,1.0,2.8,7.3,8.6,9.2,9.8,9.5,10.2,11.2,10.8,9.9,26.5,24.5,22.1,21.5,21.1,19.8,18.6,17.0,14.9
134.4,18.7,8.9,5.0,2.0,1.4,5.0,9.2,10.8,3.2,0.0,0.0,0.0,8.1,13.0,20.4,28.8,35.1,40.3,41.8,40.8,34.7,8.9,9.1,8.2,7.2,6.4,5.8,6.1,5.8,3.6,1.4,1.4,3.0,7.2,9.5,9.0,8.2,7.6,9.4,10.6,11.2,10.2,25.2,23.0,21.0,19.0,19.6,20.0,19.4,17.0,16.4
107.4,20.0,10.8,6.1,3.0,1.0,5.0,8.1,9.8,3.0,0.0,0.0,0.0,9.2,14.1,22.0,29.4,36.6,40.8,42.6,40.4,34.7,10.0,8.9,6.3,6.1,7.1,6.4,5.8,4.1,4.0,1.4,0.0,3.2,8.1,7.8,8.1,8.5,10.0,10.2,8.9,9.4,9.9,25.2,21.0,19.7,19.4,19.8,19.4,17.5,16.5,16.0
137.2,20.2,11.2,6.1,3.2,1.0,4.5,8.5,11.2,3.0,0.0,0.0,0.0,8.6,14.8,21.9,30.7,36.7,41.4,43.9,41.1,35.8,10.0,8.2,7.0,6.1,6.3,6.4,5.4,4.0,4.0,1.4,1.0,3.0,8.1,8.1,8.0,8.1,9.5,10.0,9.2,9.4,9.8,26.0,21.3,19.8,19.8,20.2,19.3,17.5,17.1,17.1
134.4,20.0,10.0,5.0,2.2,1.4,5.4,9.2,12.0,3.0,0.0,0.0,0.0,7.6,14.3,22.2,30.1,38.0,42.1,44.6,42.8,37.7,9.8,9.0,8.5,7.2,6.4,5.8,6.0,5.8,4.2,1.4,1.4,3.0,8.1,9.2,9.1,9.5,9.4,10.0,11.7,11.7,10.0,25.6,24.7,22.1,19.9,20.4,20.0,20.6,18.4,16.4
122.1,19.2,10.0,5.4,2.8,1.0,5.1,8.1,10.0,3.2,0.0,0.0,0.0,8.1,13.9,20.6,28.4,34.4,39.6,41.0,39.6,33.2,9.5,9.1,6.1,5.4,5.0,5.8,6.0,4.5,3.6,2.2,1.0,4.0,8.1,8.2,7.0,8.2,8.9,10.0,9.2,8.5,9.2,24.4,20.2,19.7,19.7,18.7,19.0,17.1,15.5,15.3
107.4,19.3,10.2,5.4,2.8,1.0,5.0,8.1,9.5,2.2,0.0,0.0,0.0,7.1,13.0,20.1,28.2,34.5,39.0,41.6,39.8,34.5,8.6,8.1,7.3,7.1,5.8,4.2,5.0,5.1,5.4,2.0,1.4,3.0,7.2,7.8,9.5,9.1,9.1,9.5,9.8,9.9,10.3,25.0,21.6,21.3,20.0,18.0,19.2,18.4,18.0,15.5
137.2,18.0,9.2,5.8,3.6,0.0,4.0,7.1,8.1,2.2,0.0,0.0,0.0,7.6,12.6,19.2,25.3,34.2,37.3,36.3,36.7,32.8,7.6,6.1,5.1,5.1,5.8,5.4,4.1,4.1,4.5,3.2,0.0,3.2,6.4,6.7,7.3,10.0,8.5,8.6,7.8,9.2,9.5,23.3,17.0,18.4,19.2,17.1,17.1,15.0,16.3,15.3
134.4,20.2,11.0,5.4,2.2,1.0,5.1,9.0,11.0,3.2,0.0,0.0,0.0,8.9,14.6,22.2,29.1,36.1,40.2,42.6,40.8,34.7,9.8,8.1,6.1,5.1,5.8,6.4,5.1,4.0,4.1,1.4,1.0,3.2,7.6,8.0,8.1,8.2,8.9,9.9,9.4,8.9,9.2,25.6,21.4,20.0,20.2,19.7,19.6,18.1,17.0,16.5
137.2,19.8,10.3,6.0,3.2,0.0,3.6,7.8,9.4,2.2,0.0,0.0,0.0,8.1,13.5,21.2,29.7,36.1,41.0,43.1,41.1,35.4,18.9,15.6,14.4,13.6,13.0,11.2,8.5,9.4,9.1,4.2,1.0,6.7,14.9,15.8,17.0,18.4,19.4,18.0,19.2,21.2,22.0,49.1,43.4,43.1,41.2,39.2,37.5,36.9,36.1,33.1
134.4,19.7,10.4,6.1,3.6,0.0,3.6,7.2,9.8,2.0,0.0,0.0,0.0,8.5,14.2,21.6,29.7,35.8,40.8,43.0,40.6,34.2,10.0,8.1,6.1,6.7,7.1,6.1,5.0,4.1,5.0,3.0,0.0,3.6,8.5,7.0,8.1,9.2,10.0,10.0,8.6,9.8,11.2,25.5,20.1,21.0,20.6,20.1,19.0,17.5,17.5,17.0
122.1,18.2,10.0,5.4,2.2,1.0,4.0,8.0,9.1,3.2,0.0,0.0,0.0,8.1,13.0,19.4,26.5,32.4,35.5,37.9,36.4,31.3,9.2,6.7,6.1,5.1,6.1,5.8,4.5,4.0,3.0,1.0,0.0,3.2,7.2,7.2,6.7,7.6,9.1,8.2,8.9,8.6,8.5,22.2,19.2,17.2,17.8,17.8,17.0,15.8,15.0,15.0
137.2,17.9,9.2,5.1,3.6,0.0,3.6,6.7,8.2,2.0,0.0,0.0,0.0,7.1,12.2,18.9,26.8,32.2,36.2,38.6,36.9,31.1,8.5,7.2,6.7,6.1,6.3,5.0,3.6,4.5,4.0,2.2,1.0,3.0,6.4,7.1,7.8,8.5,9.0,8.2,8.5,9.4,10.0,22.2,18.8,18.9,18.4,17.0,16.6,16.6,16.3,15.1
134.4,18.4,9.8,4.2,2.0,1.0,5.0,8.1,10.4,3.2,0.0,0.0,0.0,7.1,13.0,20.2,27.9,34.2,39.1,41.4,39.3,33.2,9.1,8.2,8.1,6.4,5.4,5.1,5.1,5.0,4.5,1.4,1.4,2.2,7.1,8.1,8.9,8.5,8.6,9.4,10.4,11.0,9.5,23.9,22.6,21.0,19.0,19.1,19.6,19.7,16.3,15.0
122.1,18.6,10.3,5.0,2.2,1.0,4.2,8.6,10.3,3.2,0.0,0.0,0.0,8.6,13.5,20.6,28.8,34.7,39.4,41.2,39.7,34.7,9.2,8.9,8.1,6.0,5.1,4.5,5.8,4.1,4.5,1.0,1.4,2.2,7.2,8.6,9.2,8.1,9.0,9.5,10.3,9.9,10.0,25.5,21.6,20.0,18.4,18.4,19.7,17.7,17.1,15.1
137.2,19.8,10.3,6.0,2.8,1.4,4.5,9.2,10.6,2.8,0.0,0.0,0.0,8.5,13.4,22.0,31.9,37.5,42.6,44.8,45.8,36.4,9.8,10.0,8.5,6.4,7.8,5.4,7.0,5.4,5.8,1.4,1.4,3.0,8.6,9.4,10.2,8.0,9.1,10.3,11.3,12.1,10.8,27.5,23.6,24.2,19.6,19.4,22.0,20.2,18.0,17.0
134.4,22.4,13.0,6.3,3.6,1.0,5.1,9.0,11.0,3.2,0.0,0.0,0.0,10.3,15.8,23.8,32.4,39.5,44.7,47.1,45.4,39.3,11.7,9.1,8.1,6.3,7.2,7.2,6.1,5.4,3.6,1.4,0.0,4.1,9.2,8.9,9.2,10.0,10.2,11.7,11.3,10.8,10.8,28.7,24.2,22.5,22.0,22.1,21.1,20.1,18.7,18.4
122.1,19.9,11.0,6.3,3.6,0.0,3.2,7.3,9.1,2.0,0.0,0.0,0.0,8.1,14.3,21.2,29.1,35.2,39.8,42.7,40.3,34.9,9.4,7.3,7.3,7.0,6.7,5.0,4.5,4.1,4.1,2.2,0.0,4.0,7.8,6.7,7.6,10.0,9.5,9.4,8.6,9.9,11.2,25.1,20.6,21.2,20.0,19.2,18.0,17.3,18.0,16.8
137.2,19.4,10.8,5.7,3.2,0.0,4.0,7.1,9.2,2.2,0.0,0.0,0.0,7.0,12.0,20.2,27.7,33.7,38.6,41.3,39.1,34.1,9.1,7.3,7.6,7.8,6.3,5.0,4.1,5.0,4.5,2.2,1.0,2.8,7.1,7.0,8.2,9.4,8.6,8.9,9.8,11.2,11.4,23.3,20.6,21.1,20.1,17.5,18.0,18.9,18.4,15.7
134.4,19.1,10.8,6.1,3.2,0.0,3.6,7.1,9.2,2.2,0.0,0.0,0.0,8.1,13.6,20.6,29.0,35.4,39.7,42.0,40.8,34.2,10.0,8.1,6.3,6.7,6.4,6.3,5.1,4.1,5.0,2.0,0.0,3.6,8.2,8.0,8.1,9.5,10.6,9.4,8.9,9.5,11.0,24.8,20.6,20.9,20.4,20.0,18.2,17.7,17.9,17.0
137.2,19.2,9.8,5.0,2.2,1.0,3.6,7.1,7.8,1.4,0.0,0.0,0.0,5.8,11.3,17.7,26.2,32.6,38.3,40.3,39.6,34.0,19.7,16.1,15.1,14.3,10.6,9.4,7.3,8.2,7.2,3.0,1.0,4.1,12.5,13.6,15.1,16.3,17.0,17.8,19.8,21.1,21.4,46.6,43.0,41.1,39.2,35.5,34.1,34.2,31.4,26.4
134.4,22.2,12.0,6.7,2.2,1.4,5.0,7.8,9.9,2.8,0.0,0.0,0.0,8.2,13.0,20.6,30.2,38.0,43.3,47.5,44.8,39.8,10.3,10.2,8.2,6.7,5.8,5.0,5.1,5.1,4.2,1.0,1.4,2.0,7.1,8.9,9.1,9.1,9.2,10.3,12.0,11.7,11.7,28.3,24.2,22.8,20.2,19.9,20.1,18.2,16.2,14.4
122.1,22.4,12.0,6.3,2.8,1.0,5.1,8.2,10.0,3.0,0.0,0.0,0.0,7.6,12.6,20.6,30.3,37.2,43.7,46.6,45.6,39.3,10.0,10.0,8.9,7.1,5.8,5.4,6.0,5.4,3.6,1.4,1.4,2.2,7.1,8.1,9.8,9.2,9.2,10.8,11.7,12.0,11.2,28.0,25.0,24.2,21.0,20.0,20.4,19.7,17.2,14.9
107.4,20.2,10.8,5.7,3.2,0.0,4.0,7.0,8.2,2.0,0.0,0.0,0.0,6.1,11.0,19.0,26.0,34.1,39.1,43.0,40.0,36.0,8.5,8.1,8.2,7.1,5.8,5.0,4.2,5.1,4.1,2.0,1.4,2.0,5.8,7.1,8.9,9.1,8.1,9.2,9.8,11.4,10.3,24.7,23.0,21.9,19.2,18.4,17.5,18.2,16.0,13.6
137.2,19.9,11.0,6.1,2.2,1.0,4.1,7.3,9.1,3.0,0.0,0.0,0.0,6.4,11.2,18.4,26.9,34.2,39.2,41.8,40.9,36.4,9.4,8.6,7.3,6.0,5.1,5.4,5.0,5.0,3.2,0.0,1.0,2.2,6.7,7.8,8.5,8.2,9.1,10.0,10.8,10.0,10.0,25.3,23.3,20.6,18.4,19.8,18.4,16.8,15.0,13.0
134.4,20.9,11.0,5.1,2.2,1.0,4.5,7.3,9.1,3.0,0.0,0.0,0.0,6.4,11.2,18.4,26.2,33.5,38.9,42.2,41.2,35.8,9.2,8.9,7.1,6.1,5.1,5.0,5.4,4.0,3.6,1.0,1.0,2.2,6.7,7.8,8.5,8.2,9.0,10.2,10.3,11.3,9.4,25.6,21.9,20.6,18.9,17.9,18.7,17.0,15.3,13.0
122.1,17.7,9.4,5.1,2.2,1.0,3.6,6.4,7.8,1.4,0.0,0.0,0.0,5.0,9.2,15.6,24.1,28.3,33.2,36.9,37.0,30.5,16.6,13.6,13.0,11.7,10.0,8.6,7.6,8.0,7.2,2.0,1.0,4.1,10.8,13.4,15.3,17.1,17.1,16.1,17.7,19.4,18.7,43.3,39.2,38.5,34.5,33.0,31.3,31.1,27.5,24.7
107.4,23.3,13.0,7.1,3.6,1.4,4.1,7.3,9.5,2.8,0.0,0.0,0.0,8.0,13.0,21.2,30.6,36.9,43.6,47.4,47.3,39.2,11.0,9.8,7.8,5.8,5.4,6.0,5.8,3.6,3.2,1.0,1.0,3.6,8.1,8.5,8.6,9.2,10.0,11.7,12.0,11.0,11.4,29.4,24.1,22.6,20.9,20.6,20.8,18.4,16.1,14.9
137.2,21.2,12.8,7.6,3.2,1.4,3.6,5.8,7.6,2.2,0.0,0.0,0.0,6.4,12.2,19.2,26.9,34.0,38.3,41.2,40.0,36.4,8.1,8.1,6.7,5.0,3.6,4.1,4.1,4.2,3.0,1.4,1.4,2.8,8.2,9.0,9.8,10.0,9.2,10.0,10.8,10.0,10.2,25.6,22.0,21.1,19.6,18.0,19.2,18.4,17.2,15.2
134.4,26.0,16.5,10.0,6.0,3.2,4.1,6.1,7.3,1.4,0.0,0.0,0.0,7.3,12.5,19.2,27.7,34.4,39.8,43.8,42.9,39.8,9.9,7.2,6.3,5.0,4.5,3.2,2.0,1.4,2.2,1.0,1.0,4.5,9.5,9.4,11.3,12.5,12.2,11.2,11.4,11.7,12.0,27.2,22.5,21.9,21.6,20.0,19.2,18.4,18.6,17.2
137.2,25.5,16.3,9.2,5.4,3.6,5.0,6.0,5.1,1.0,0.0,0.0,0.0,3.2,7.3,13.6,20.9,27.9,34.0,38.3,39.6,37.4,9.9,8.1,7.1,5.4,3.6,3.0,1.0,1.4,2.0,1.0,1.4,3.0,9.4,11.0,11.7,12.0,11.7,12.4,13.0,13.4,12.8,24.1,21.9,21.2,20.2,17.5,17.0,16.6,15.3,14.3
134.4,37.1,25.0,17.0,11.2,10.0,10.8,10.4,8.9,1.4,0.0,0.0,0.0,2.8,8.1,16.1,26.1,34.0,42.0,49.0,51.0,50.1,17.1,13.0,10.6,7.3,6.3,5.8,4.1,4.1,1.4,1.0,1.4,4.2,13.6,15.6,17.5,19.3,18.6,18.4,18.7,19.2,18.7,30.4,27.9,26.2,24.7,24.1,24.2,22.2,19.1,17.1
122.1,31.1,21.0,14.0,9.5,8.6,9.5,9.5,8.1,1.4,0.0,0.0,0.0,2.8,6.0,13.0,21.0,28.2,35.0,41.1,42.2,41.4,15.1,10.3,8.6,6.3,6.3,5.0,3.2,3.0,1.4,1.4,1.4,3.6,11.7,12.8,14.3,15.2,16.4,15.1,15.8,16.3,15.8,25.3,23.8,22.0,19.7,21.1,20.2,18.4,16.3,14.6
107.4,37.2,25.6,17.5,11.0,10.8,12.0,11.4,9.9,2.2,0.0,0.0,0.0,2.2,8.1,15.3,24.7,33.8,41.8,48.5,50.7,49.8,16.0,13.0,9.2,7.3,7.3,4.5,5.4,3.2,2.2,1.0,1.4,4.5,14.3,15.3,18.0,19.2,18.9,19.0,18.4,18.4,19.6,33.7,27.9,26.2,25.5,25.1,24.2,21.6,19.1,18.0
137.2,18.0,9.4,5.1,1.0,8.1,15.0,20.1,20.0,5.0,0.0,0.0,0.0,7.6,8.2,15.8,28.0,38.8,45.3,48.3,46.2,35.8,13.5,12.5,11.0,10.8,10.0,9.5,9.1,9.4,8.6,4.1,1.0,4.1,12.0,12.6,14.0,13.4,13.5,14.8,15.3,14.9,15.0,30.6,28.6,28.2,25.5,24.4,24.4,24.0,22.1,19.1
134.4,15.2,15.6,12.8,8.2,6.4,12.0,16.3,16.5,3.2,0.0,0.0,0.0,4.5,12.0,20.5,29.7,36.1,37.5,36.9,29.7,21.1,17.5,19.7,20.6,20.5,20.0,20.2,19.2,19.0,19.0,7.3,1.4,2.0,5.4,6.4,7.6,7.0,6.4,5.4,9.2,13.0,15.2,59.9,53.0,51.9,46.0,44.6,43.6,43.4,37.1,34.4
107.4,15.2,16.1,14.1,8.9,7.0,12.0,15.8,16.4,2.8,0.0,0.0,0.0,5.4,12.0,21.0,30.1,36.0,38.1,36.1,29.0,20.9,10.2,9.1,9.0,11.2,10.8,10.0,9.2,9.4,9.2,4.5,1.0,1.0,3.0,2.0,3.2,3.6,3.2,3.6,2.8,5.8,8.2,29.7,26.1,26.0,24.3,22.4,22.5,20.1,20.0,16.4
137.2,10.2,14.4,15.8,13.0,11.0,11.4,13.9,14.8,2.8,0.0,0.0,0.0,10.4,16.3,24.0,32.1,35.1,37.0,36.1,29.0,17.5,5.8,5.7,5.0,5.0,6.7,7.1,6.0,5.0,6.3,2.2,1.4,1.0,4.2,4.5,4.0,2.2,2.0,3.0,3.0,2.2,3.6,32.4,28.3,28.8,26.4,25.8,24.0,23.0,22.1,20.1
134.4,13.6,10.0,8.2,5.0,2.0,7.2,11.4,12.2,3.2,0.0,0.0,0.0,12.5,18.4,25.5,33.6,38.6,40.2,39.6,33.5,26.0,6.0,6.3,5.4,5.0,6.0,6.3,5.4,4.1,4.1,2.2,0.0,1.4,2.0,1.0,1.0,1.4,0.0,2.2,3.6,3.6,4.5,32.3,26.6,25.1,23.7,23.7,22.0,19.2,18.4,17.2
122.1,11.4,8.5,7.2,5.0,1.0,5.4,8.9,9.8,2.0,0.0,0.0,0.0,10.6,15.6,22.6,29.1,33.4,34.4,33.3,29.7,22.0,11.4,9.1,10.2,10.4,11.0,9.1,8.1,9.0,8.1,2.2,1.0,1.4,1.4,2.2,2.8,1.4,1.4,3.6,4.5,6.1,8.5,54.1,46.6,44.1,42.8,38.8,36.3,36.3,33.2,27.5
107.4,10.8,8.1,6.3,3.2,1.4,6.3,10.4,11.7,3.6,0.0,0.0,0.0,11.0,16.0,23.1,29.2,33.4,35.7,34.9,29.8,23.2,6.1,6.7,5.0,4.1,5.4,5.8,4.2,3.6,3.6,2.2,0.0,1.4,2.0,0.0,1.0,1.4,0.0,2.2,2.8,3.6,3.6,27.8,23.6,21.3,21.2,20.5,18.4,17.0,15.6,14.4
137.2,17.9,8.1,1.4,5.4,10.4,13.3,14.1,13.2,2.2,0.0,0.0,0.0,11.7,17.1,22.8,29.4,32.6,35.8,34.9,36.2,30.0,14.2,13.9,13.0,11.0,12.5,13.6,11.0,10.4,8.6,3.2,1.0,2.2,4.1,4.0,5.1,6.7,8.6,9.1,10.2,10.8,12.7,23.3,21.1,18.4,18.4,20.8,17.3,19.2,15.8,14.9
134.4,23.3,24.0,22.1,19.6,14.8,11.4,9.5,7.3,2.2,0.0,0.0,0.0,8.1,10.3,17.0,24.7,30.0,31.8,31.8,27.5,24.8,9.8,8.5,7.8,8.6,10.8,11.0,11.0,10.0,11.7,5.4,1.0,5.0,10.6,10.3,9.8,10.8,11.2,11.0,9.2,9.5,9.8,53.0,45.4,45.5,46.3,46.3,45.3,44.3,43.7,40.5
122.1,25.1,25.1,24.0,20.4,16.2,11.3,8.9,7.3,1.0,0.0,0.0,0.0,8.1,10.3,17.8,26.0,32.0,34.5,32.7,29.2,24.8,2.8,4.2,5.4,5.0,4.1,5.0,6.3,7.2,6.4,3.0,1.0,2.2,4.5,5.8,6.3,6.1,5.1,5.0,6.1,5.8,5.7,28.9,25.5,26.4,24.2,24.0,26.6,25.5,23.7,21.1
137.2,15.8,8.2,2.0,4.1,13.9,21.0,25.8,25.2,5.7,0.0,0.0,0.0,12.7,18.4,26.2,32.6,39.8,41.4,40.8,36.1,30.2,10.8,11.4,11.4,12.4,13.0,12.4,12.6,13.4,14.9,7.0,1.0,1.0,2.2,3.2,2.8,3.2,1.0,1.4,2.2,4.2,7.6,33.5,29.0,30.4,27.9,26.9,28.8,27.5,26.2,24.4
134.4,12.4,5.0,7.1,13.0,18.6,22.0,21.9,20.2,4.5,0.0,0.0,0.0,13.0,15.0,19.0,22.0,25.0,26.0,27.2,26.3,23.3,18.4,20.0,22.6,24.7,26.0,26.0,26.0,26.1,25.8,10.4,1.0,2.2,5.1,5.1,3.2,2.0,2.2,2.8,4.1,9.5,14.2,50.3,44.8,44.0,41.2,40.2,39.3,40.4,38.0,34.0
107.4,16.1,6.4,5.7,12.6,19.0,24.2,23.3,21.3,3.6,0.0,0.0,0.0,17.1,19.6,23.8,28.2,30.4,32.9,33.6,33.1,29.1,22.1,22.2,24.0,26.4,29.1,29.4,27.5,28.2,27.5,11.7,1.4,2.2,5.1,5.0,5.4,2.2,1.4,3.2,5.0,9.1,15.1,59.2,51.7,50.7,48.9,47.5,45.5,45.2,43.9,41.0
137.2,16.3,10.3,11.0,15.7,23.0,25.2,26.4,21.6,5.0,0.0,0.0,0.0,20.0,22.0,25.5,27.6,29.7,30.8,29.4,28.4,24.8,13.0,15.1,19.4,19.7,23.3,26.2,27.2,26.6,26.1,9.9,1.0,7.1,17.2,14.9,14.3,14.0,13.3,9.2,7.1,6.7,9.4,76.5,68.4,65.3,61.0,60.7,61.4,60.1,54.6,51.9
134.4,9.4,1.0,6.7,13.0,19.9,24.3,23.0,19.2,3.6,0.0,0.0,0.0,20.6,25.1,29.1,32.8,33.0,31.9,31.1,26.9,21.3,22.0,23.4,23.5,24.2,28.0,30.7,30.8,26.9,29.1,11.7,1.4,5.4,14.6,14.0,13.3,10.8,9.5,9.2,11.2,12.0,15.1,59.4,50.6,51.4,46.8,47.7,45.3,41.8,40.5,39.1
122.1,7.3,2.0,7.1,13.0,19.4,22.1,21.5,17.8,3.6,0.0,0.0,0.0,17.5,21.4,25.2,28.0,28.0,27.2,25.5,22.4,17.1,18.0,20.1,23.5,23.7,24.2,25.0,26.4,27.3,25.7,9.5,0.0,6.4,13.2,12.1,10.3,10.8,10.6,9.2,8.9,11.7,15.3,52.2,46.3,45.2,42.2,38.9,39.2,39.4,36.7,33.1
107.4,7.1,2.2,8.2,14.0,20.0,22.2,21.6,18.4,4.5,0.0,0.0,0.0,18.4,22.4,25.2,28.0,28.1,27.3,25.7,21.8,17.3,19.1,21.6,22.8,26.0,27.0,26.0,24.4,27.0,24.7,10.8,0.0,7.1,12.8,12.2,11.7,12.1,11.2,11.2,8.5,11.2,17.1,49.8,46.9,40.5,43.4,38.6,37.1,41.5,35.0,32.8
137.2,10.0,14.6,16.8,21.6,25.1,28.1,26.9,22.4,5.0,0.0,0.0,0.0,22.0,25.5,27.6,27.6,25.8,23.3,21.2,16.1,12.5,17.5,19.3,19.0,19.0,22.1,21.9,20.9,24.0,22.8,8.1,3.0,12.0,27.8,28.0,29.5,30.2,28.0,24.7,22.5,22.0,24.2,58.4,52.6,50.4,51.1,46.0,47.9,51.1,44.2,45.9
134.4,2.8,8.2,12.4,15.2,19.4,22.6,23.0,21.5,5.1,0.0,0.0,0.0,21.1,25.5,29.4,30.3,29.0,26.2,23.1,17.5,10.8,19.0,20.6,20.6,19.8,20.6,22.8,24.0,23.4,22.6,8.1,2.2,8.1,21.4,22.6,22.2,21.6,19.9,19.1,20.1,19.9,19.2,55.4,49.7,47.0,45.3,45.9,45.5,43.8,40.8,38.6
107.4,4.1,10.0,15.0,18.2,22.8,25.8,26.2,23.9,4.5,0.0,0.0,0.0,23.0,28.3,32.4,34.0,32.1,29.4,24.4,18.4,9.9,13.0,11.4,10.6,11.4,13.6,13.0,13.4,12.0,13.0,5.4,0.0,5.0,13.0,12.5,11.3,12.1,13.2,12.4,11.2,10.3,11.4,29.8,27.7,28.1,26.0,25.2,24.4,23.8,24.3,22.8
137.2,7.1,11.4,13.0,14.9,17.5,21.2,22.2,20.1,4.5,0.0,0.0,0.0,26.1,32.2,36.4,36.6,34.7,29.1,22.8,13.9,5.4,32.0,30.1,29.0,27.3,27.0,26.8,27.2,26.2,26.8,11.0,1.4,10.0,26.4,27.0,28.3,28.7,29.2,29.2,30.4,31.0,30.0,56.3,51.6,49.0,45.5,47.4,47.4,45.2,43.6,40.2
134.4,9.1,12.0,13.0,12.6,14.4,16.3,15.7,15.3,4.1,0.0,0.0,0.0,25.7,30.7,34.8,34.5,30.6,25.1,18.2,10.3,4.0,15.0,14.0,12.5,12.5,12.2,11.3,10.0,8.9,9.8,3.6,0.0,5.8,15.0,14.9,15.0,15.0,15.5,16.2,17.5,17.1,16.3,24.8,23.1,21.9,20.6,20.6,20.6,20.4,20.8,19.2
137.2,12.4,16.1,16.1,15.8,17.2,17.8,17.1,14.0,3.2,0.0,0.0,0.0,31.4,36.4,39.8,38.6,34.7,27.0,19.4,11.4,7.1,17.9,17.3,15.0,13.0,12.0,11.2,10.3,10.4,9.8,4.0,1.4,5.4,17.7,18.0,19.8,21.1,21.4,20.2,19.8,19.0,19.8,28.3,25.2,24.8,24.0,24.1,25.1,24.0,23.0,22.2
134.4,13.0,15.7,16.1,16.1,17.0,16.1,15.5,13.0,3.0,0.0,0.0,0.0,25.3,29.1,31.4,30.4,26.6,20.4,15.1,9.2,8.0,28.7,26.6,21.6,19.7,20.1,17.7,17.3,16.3,14.0,5.1,1.4,12.0,31.4,30.9,33.5,34.8,33.0,34.0,33.0,34.7,35.1,47.0,43.0,41.2,41.4,37.3,39.4,39.6,36.7,37.2
122.1,12.7,15.8,16.4,16.3,16.6,17.1,16.1,12.2,3.2,0.0,0.0,0.0,25.1,29.2,32.0,30.6,26.1,20.2,15.0,9.4,8.1,31.8,24.7,22.6,19.1,18.0,17.7,17.3,16.3,17.0,6.7,1.0,11.7,31.6,33.5,33.1,33.1,33.7,31.6,33.7,34.5,32.6,41.2,43.4,42.0,38.9,41.0,39.7,37.2,37.7,35.1
107.4,13.4,17.7,19.6,21.2,22.4,22.8,20.6,16.6,3.0,0.0,0.0,0.0,28.9,32.3,34.0,32.7,28.2,22.0,17.7,11.3,9.1,30.8,24.6,24.2,23.0,18.4,20.4,17.7,17.0,20.6,8.5,2.0,11.7,33.1,33.2,35.1,36.8,36.2,34.1,35.7,32.7,30.9,45.5,47.4,45.6,41.1,46.6,45.4,44.4,45.3,41.9
137.2,11.4,15.7,17.5,18.4,19.4,19.8,18.4,14.9,3.0,0.0,0.0,0.0,25.6,28.7,29.7,29.1,24.4,20.4,15.1,10.0,7.0,26.9,20.9,21.6,19.1,15.8,18.0,17.3,15.8,19.1,8.1,2.0,10.2,28.4,29.4,30.6,32.2,32.8,30.5,31.6,29.4,26.9,40.4,41.0,39.6,36.9,41.2,40.3,38.5,40.3,36.9
134.4,13.9,19.7,26.4,28.8,31.6,29.0,28.2,24.2,4.1,0.0,0.0,0.0,31.1,34.1,38.6,36.8,32.4,26.9,19.7,12.0,4.5,17.0,15.8,14.4,13.0,15.2,15.3,15.3,14.9,13.0,4.5,2.2,6.0,17.5,17.7,19.4,20.2,19.1,18.4,16.8,17.0,19.2,29.1,26.8,27.3,27.3,25.5,26.5,26.4,24.7,25.6
107.4,11.2,16.8,20.9,23.4,25.5,26.1,24.1,20.0,4.5,0.0,0.0,0.0,24.1,27.6,29.0,29.0,25.8,21.0,16.1,10.2,4.5,26.4,26.0,23.3,22.2,24.3,23.3,23.7,23.0,21.3,7.3,2.2,10.0,27.3,28.4,30.5,31.1,29.4,28.2,28.0,28.7,29.7,46.8,44.0,43.3,43.5,40.8,41.7,42.3,40.3,41.8
137.2,8.5,15.5,20.9,24.4,26.4,28.3,26.2,22.0,5.4,0.0,0.0,0.0,23.3,26.0,28.6,29.5,27.2,23.3,19.2,12.6,5.1,25.6,24.8,25.2,26.5,25.7,26.2,26.4,25.1,26.4,11.0,2.8,7.8,22.4,24.2,25.1,27.5,25.0,23.9,23.8,26.0,26.4,45.7,44.4,44.0,41.4,41.0,42.7,42.0,43.1,40.8
134.4,6.4,13.6,18.6,22.0,26.2,26.6,25.1,20.6,4.0,0.0,0.0,0.0,23.1,27.0,29.3,29.6,29.7,25.9,21.3,14.9,7.2,25.8,25.2,24.5,24.0,25.1,26.9,28.2,26.5,26.9,10.0,1.0,9.1,23.0,23.1,23.4,22.6,23.3,23.0,23.1,22.5,21.9,44.7,42.8,43.4,40.8,44.4,44.0,41.2,42.0,38.3
137.2,5.4,13.6,18.7,22.4,25.1,25.0,23.5,19.3,5.0,0.0,0.0,0.0,17.9,21.5,24.6,26.6,25.5,24.0,20.4,15.8,8.9,21.0,20.6,21.9,22.7,24.6,23.3,23.2,23.3,22.4,8.6,2.0,6.1,16.4,17.7,19.0,19.2,19.2,19.3,19.0,21.0,22.6,47.4,42.5,40.8,40.3,38.1,38.9,37.2,36.3,32.3
134.4,5.0,14.0,19.1,23.3,25.3,25.9,23.4,19.2,3.6,0.0,0.0,0.0,19.2,22.7,25.6,26.9,27.3,25.3,23.2,16.0,9.1,22.2,20.8,19.7,21.8,25.7,24.2,25.0,24.5,19.9,8.1,0.0,7.8,18.1,18.0,18.4,18.4,20.0,19.3,18.4,19.8,19.2,48.2,43.4,43.2,43.3,40.5,40.8,39.1,38.1,35.4
122.1,5.1,14.0,19.0,23.0,25.3,26.2,23.7,19.2,4.2,0.0,0.0,0.0,18.9,22.2,26.1,28.2,27.5,25.3,22.0,17.1,9.2,21.0,21.4,21.0,22.8,25.2,23.6,23.5,23.1,22.0,9.0,1.4,8.0,17.7,17.1,18.1,20.6,19.8,18.6,17.9,19.0,21.2,48.1,44.9,43.4,42.7,40.8,40.2,40.8,38.3,35.5
107.4,4.0,12.0,18.0,22.1,24.7,25.6,23.3,18.4,3.6,0.0,0.0,0.0,19.4,22.8,26.6,28.7,28.2,26.7,23.0,18.1,10.0,21.6,21.9,22.4,22.4,22.0,25.1,24.8,22.5,23.2,8.1,1.0,5.7,17.7,18.4,18.4,19.1,19.2,18.4,19.4,18.4,17.5,46.6,42.8,44.7,40.7,42.4,42.1,37.0,39.4,34.4
137.2,4.1,11.7,19.7,24.6,27.5,27.5,25.1,20.4,4.1,0.0,0.0,0.0,18.8,21.9,25.9,27.8,27.8,27.7,25.8,21.5,13.9,19.0,19.2,21.4,22.0,25.0,22.2,22.0,23.8,22.1,8.5,0.0,7.2,17.1,17.7,17.2,18.8,18.4,17.0,14.1,14.0,16.3,56.0,50.1,48.9,47.2,46.1,45.5,45.4,41.0,40.5
134.4,5.1,10.6,18.0,23.0,26.9,27.7,25.6,19.9,4.0,0.0,0.0,0.0,18.4,21.0,24.2,26.9,28.2,28.3,27.0,23.1,16.3,15.8,17.5,19.4,20.0,20.4,21.2,21.6,22.7,19.7,7.2,0.0,7.3,16.1,14.6,15.1,16.0,15.5,14.3,11.7,13.9,15.5,59.2,52.0,49.0,48.3,47.9,47.1,46.0,41.5,38.1
107.4,5.0,10.4,17.5,22.5,26.0,27.3,24.0,19.6,4.5,0.0,0.0,0.0,18.4,22.2,25.0,27.7,28.3,27.8,27.8,23.3,17.1,15.7,18.0,18.4,19.1,20.2,21.9,22.2,22.4,20.1,7.3,1.0,6.7,14.9,15.3,15.6,16.4,15.2,13.6,13.0,13.9,14.9,58.0,51.8,49.0,47.5,48.1,48.3,46.1,42.0,38.5
137.2,6.3,7.6,14.1,19.2,24.5,26.2,23.3,18.4,4.5,0.0,0.0,0.0,20.6,23.3,25.7,26.9,29.4,28.2,26.9,23.6,18.4,13.6,16.3,17.1,17.0,18.0,21.2,21.5,20.2,20.5,8.0,1.0,6.7,14.6,14.3,14.8,14.2,12.0,10.6,10.0,10.8,11.7,54.7,48.4,48.1,46.2,48.0,47.8,45.7,45.0,43.7
134.4,5.4,7.6,14.3,20.2,23.8,25.6,23.3,18.4,3.6,0.0,0.0,0.0,19.3,21.8,25.0,26.2,26.9,26.8,26.1,22.2,17.0,12.0,12.7,14.9,16.3,18.0,17.9,19.6,20.1,20.4,8.1,1.0,6.3,14.9,14.0,14.0,12.2,12.4,11.7,9.5,9.1,11.0,53.6,49.3,48.5,45.9,45.6,47.4,47.4,44.3,42.7
107.4,7.2,8.2,14.4,20.6,25.8,27.3,25.3,20.2,4.0,0.0,0.0,0.0,21.2,24.2,26.9,28.8,29.4,28.6,28.3,25.0,20.0,15.0,11.0,13.0,16.0,18.4,20.0,21.6,21.0,19.8,9.1,1.0,6.0,16.3,14.8,13.4,11.2,13.0,12.2,11.2,12.0,10.6,59.9,53.3,52.4,48.3,50.6,53.2,45.9,49.0,44.6
137.2,7.3,6.7,12.0,18.0,22.1,23.5,21.5,17.2,3.6,0.0,0.0,0.0,19.7,22.8,25.1,26.9,27.5,27.8,26.2,23.3,18.4,10.8,12.7,13.5,13.5,15.6,18.4,19.2,19.2,17.7,7.2,1.0,6.4,13.2,13.0,14.1,12.6,11.2,9.5,10.0,12.0,11.0,53.8,48.0,46.3,46.5,45.9,44.4,46.3,43.2,42.6
134.4,7.0,7.1,13.6,19.9,24.7,27.2,25.0,19.6,4.5,0.0,0.0,0.0,20.8,24.1,27.7,29.2,29.4,28.3,28.2,25.1,19.0,13.0,13.0,15.8,16.2,18.4,18.9,19.8,20.6,19.7,7.6,1.0,7.1,15.8,14.9,14.3,13.3,14.0,12.0,11.0,10.4,12.1,60.2,55.1,53.8,50.2,51.0,52.5,50.9,48.9,46.8
122.1,6.1,6.3,13.0,18.0,23.0,24.1,22.6,17.9,3.6,0.0,0.0,0.0,19.4,22.0,24.2,26.1,26.4,25.5,25.5,22.0,17.8,13.6,11.7,12.5,15.3,14.9,16.4,17.7,19.4,17.7,8.5,1.0,5.8,14.1,14.0,12.2,11.2,11.4,9.5,9.5,10.0,10.2,51.6,48.2,48.0,44.3,44.4,47.8,45.6,44.4,40.4
107.4,8.2,6.1,13.0,19.4,23.3,25.5,23.8,18.0,3.6,0.0,0.0,0.0,22.5,25.5,28.6,30.5,31.0,31.0,29.4,25.3,21.1,11.4,16.1,15.0,16.3,19.2,19.7,17.7,19.2,20.1,7.2,1.4,5.8,14.1,13.9,15.3,15.0,12.0,12.5,10.8,8.9,11.2,61.0,53.1,51.1,51.0,49.4,49.2,53.2,47.5,47.9
137.2,6.7,7.3,13.0,18.6,23.0,23.7,22.5,17.1,4.0,0.0,0.0,0.0,19.6,22.1,25.3,27.5,27.9,27.5,26.1,23.0,18.0,13.0,11.2,14.1,14.0,13.0,17.1,19.0,18.0,19.2,7.3,1.0,6.1,14.9,13.9,12.5,12.1,12.4,10.4,8.9,10.0,12.0,53.9,48.2,48.4,44.4,46.9,47.9,43.7,43.6,42.0
134.4,7.0,7.3,13.2,18.4,22.4,25.0,22.2,17.1,3.6,0.0,0.0,0.0,19.4,22.7,26.2,28.4,28.6,28.3,27.8,23.3,19.3,10.8,11.7,14.3,13.9,14.9,15.8,18.1,18.0,17.5,5.8,0.0,6.3,14.8,13.5,12.7,13.5,12.2,10.8,8.5,9.4,11.7,57.0,51.6,49.0,46.8,47.4,48.6,48.3,45.2,43.6
122.1,10.8,8.1,14.3,22.5,27.3,30.0,27.0,21.4,5.1,0.0,0.0,0.0,26.6,30.1,34.2,36.4,37.3,37.2,35.4,31.9,25.0,7.2,8.1,8.1,8.1,10.0,11.2,11.4,10.0,10.0,5.0,1.0,4.1,8.1,7.2,8.6,8.5,7.2,6.4,5.8,6.7,5.8,36.5,31.3,29.5,30.0,30.0,29.7,29.1,28.3,27.9
107.4,7.1,7.3,14.1,20.2,24.1,26.0,24.3,18.8,3.6,0.0,0.0,0.0,20.5,23.4,26.9,29.1,30.4,29.8,28.0,25.2,19.7,13.6,13.9,15.7,17.5,17.2,17.0,18.4,19.2,19.4,8.6,1.0,5.4,15.3,14.0,13.2,13.3,13.3,11.4,9.5,7.1,9.2,59.1,52.1,52.0,48.8,49.0,51.3,47.9,48.3,44.4
137.2,8.1,5.7,11.4,17.1,20.9,21.9,20.0,15.6,2.2,0.0,0.0,0.0,20.2,23.3,26.9,27.8,29.7,28.3,26.6,24.8,19.1,11.4,10.8,10.8,13.0,15.6,15.6,15.3,16.6,16.5,8.9,1.4,4.5,13.6,14.0,15.1,11.4,11.2,10.8,9.8,8.2,7.3,55.1,48.0,48.2,46.3,45.9,46.6,45.8,44.6,41.9
134.4,8.2,7.8,13.3,19.2,23.5,25.3,22.4,18.4,3.6,0.0,0.0,0.0,19.7,23.3,26.4,29.1,30.0,29.4,28.4,24.8,19.8,8.5,12.1,13.9,13.4,14.9,16.6,17.2,17.0,15.6,5.1,0.0,7.1,14.0,13.2,13.3,13.6,12.5,10.8,8.2,9.0,10.0,57.3,50.2,47.0,48.2,47.0,48.4,49.0,43.9,43.9
122.1,8.1,6.4,11.4,17.5,19.9,21.0,18.0,13.5,2.2,0.0,0.0,0.0,17.5,20.6,24.6,26.8,28.7,28.8,27.8,24.8,19.8,10.0,11.2,12.0,14.0,15.3,14.6,13.9,14.8,14.2,6.1,1.4,4.1,10.8,12.1,12.4,11.0,10.0,10.0,9.1,8.2,8.6,55.2,49.2,48.1,46.8,43.7,43.3,44.0,40.3,35.8
137.2,9.2,7.6,12.7,18.4,22.7,23.0,21.0,16.3,4.1,0.0,0.0,0.0,19.2,23.0,27.0,30.0,31.1,31.3,30.6,26.9,22.1,11.2,12.4,13.6,14.1,16.3,16.5,17.0,16.3,14.2,6.0,0.0,6.1,13.0,12.1,13.0,13.6,14.1,11.0,10.8,10.4,9.5,59.2,53.5,50.7,47.3,48.7,47.0,43.6,41.1,39.4
134.4,8.1,6.3,13.2,17.3,21.1,22.0,19.4,14.8,2.8,0.0,0.0,0.0,18.0,21.3,25.5,28.4,30.0,29.4,28.7,25.9,20.1,10.6,11.3,11.4,13.6,15.6,15.6,15.0,15.0,15.2,5.8,1.4,4.2,11.0,13.0,12.4,12.1,11.2,10.8,10.4,10.2,11.0,56.5,51.2,50.6,48.1,45.9,44.9,46.6,41.1,38.3
107.4,8.2,6.0,11.2,14.8,18.4,19.9,17.1,13.2,2.8,0.0,0.0,0.0,17.1,19.6,23.5,25.7,27.7,27.5,26.1,23.0,19.0,9.2,12.0,12.4,12.0,12.4,14.0,13.0,12.2,13.9,5.1,1.4,4.1,10.3,11.4,12.0,12.5,9.8,10.0,10.0,9.2,9.9,52.8,43.9,43.9,43.6,41.7,39.9,38.1,38.1,35.1
137.2,8.1,6.3,11.3,17.0,20.5,22.2,19.7,14.3,3.2,0.0,0.0,0.0,18.0,22.0,26.1,28.0,30.0,30.1,28.3,25.5,20.6,10.8,13.2,12.6,13.0,15.5,16.1,15.0,14.0,15.5,5.4,1.4,4.1,11.4,12.5,13.6,12.8,11.4,11.3,10.6,9.2,10.3,58.2,49.8,48.2,48.1,44.7,43.6,44.4,40.6,38.0
134.4,9.4,8.6,15.3,20.6,23.9,24.8,22.7,17.0,4.1,0.0,0.0,0.0,19.7,23.1,28.2,31.0,32.6,32.3,31.3,27.8,22.5,12.2,14.2,14.2,15.0,15.0,16.6,17.5,17.5,15.0,5.7,0.0,6.4,13.0,13.3,13.6,13.9,13.9,12.2,10.8,11.4,11.4,65.1,57.6,54.8,51.5,51.5,50.8,48.8,44.4,41.6
122.1,9.4,9.2,15.7,22.4,26.1,28.4,24.1,18.8,3.2,0.0,0.0,0.0,21.5,26.0,31.0,35.2,35.4,36.1,35.3,30.4,23.3,5.1,7.1,8.5,9.2,9.1,8.2,10.0,10.8,8.1,3.0,0.0,3.6,8.2,8.1,7.2,8.6,8.5,7.2,5.7,6.4,8.1,36.4,32.6,30.4,29.1,28.0,28.7,28.9,24.0,23.0
107.4,8.6,7.2,13.0,17.5,21.6,22.0,19.2,15.2,3.0,0.0,0.0,0.0,18.8,22.1,26.2,29.1,30.7,30.5,29.1,26.4,20.2,12.8,12.8,12.2,12.8,13.6,15.0,15.2,14.3,13.2,7.2,1.0,5.0,11.0,12.2,13.3,13.4,11.7,10.3,10.8,10.8,9.5,57.0,50.0,49.0,47.0,46.1,45.6,42.4,41.4,37.6
137.2,6.7,6.4,11.2,16.3,19.0,19.7,16.6,13.5,2.2,0.0,0.0,0.0,16.4,20.2,23.3,25.6,27.5,27.5,26.2,23.3,18.4,14.3,9.0,9.0,10.4,13.0,14.3,15.0,14.0,14.6,8.1,1.4,4.0,10.8,12.2,12.0,9.4,8.6,8.9,10.6,12.7,8.1,52.8,44.7,46.0,43.6,42.4,41.6,36.2,39.6,34.0
134.4,7.8,6.4,12.1,18.0,22.8,24.2,22.0,17.2,3.2,0.0,0.0,0.0,22.1,25.7,28.6,30.8,32.0,30.7,29.5,25.9,21.1,13.6,13.9,13.0,14.2,17.2,17.9,17.1,16.8,19.0,8.5,1.4,5.0,14.1,14.6,15.7,13.6,12.2,11.7,11.7,9.8,10.2,58.1,51.3,51.5,50.1,48.5,49.8,49.5,49.1,45.9
122.1,6.4,5.8,12.0,16.4,20.5,22.7,20.2,15.8,3.0,0.0,0.0,0.0,19.0,22.1,25.2,27.2,28.1,27.0,26.1,22.2,17.5,12.0,12.0,12.2,13.3,15.1,15.0,15.0,16.3,17.0,7.3,1.0,5.4,13.0,14.1,13.0,11.7,11.7,11.2,10.3,8.6,9.4,52.0,46.0,47.0,44.1,43.0,45.2,44.4,43.1,40.3
107.4,6.1,6.3,12.0,17.0,21.0,23.1,20.6,16.1,3.6,0.0,0.0,0.0,18.4,21.6,25.2,26.6,27.2,26.9,26.2,22.0,18.0,10.3,13.0,13.6,14.6,13.6,14.3,16.1,15.6,16.3,6.1,1.0,5.4,13.9,13.0,13.0,13.0,12.0,11.0,9.1,7.1,10.4,52.8,47.1,46.4,42.3,43.3,45.0,45.9,40.5,39.8
137.2,7.2,5.8,13.0,18.6,22.8,24.8,22.0,18.0,3.2,0.0,0.0,0.0,20.0,24.1,28.1,31.1,28.1,29.0,28.4,25.7,17.7,12.0,12.0,13.2,14.1,16.0,16.0,16.0,18.4,17.5,7.3,1.4,5.0,14.1,14.4,14.3,12.6,11.7,11.7,9.8,8.6,10.6,56.9,50.4,50.2,48.9,47.4,49.2,49.7,46.2,44.2
134.4,7.6,6.1,11.4,17.0,21.4,23.3,21.5,17.1,3.2,0.0,0.0,0.0,21.4,25.0,28.2,30.4,30.8,29.4,28.1,25.0,19.0,11.7,13.2,11.4,13.0,15.8,16.5,17.0,18.1,17.1,7.2,2.2,6.1,13.4,13.6,14.1,12.2,10.8,10.6,10.6,10.6,11.7,55.7,49.0,48.2,47.4,46.9,45.2,47.9,45.2,43.6
137.2,9.2,6.7,12.8,18.9,22.8,24.0,20.8,16.2,3.0,0.0,0.0,0.0,19.4,24.2,28.2,31.3,32.4,32.6,31.3,28.5,22.5,15.8,14.4,13.6,15.8,16.4,17.9,16.6,16.2,18.0,8.5,1.4,4.2,12.0,13.2,13.6,13.0,11.7,12.1,12.1,11.4,11.2,61.0,53.5,55.2,52.8,48.8,49.7,46.7,47.4,40.8
134.4,8.5,7.2,13.9,19.7,23.9,24.8,22.0,16.6,3.2,0.0,0.0,0.0,19.0,23.5,27.5,29.4,31.8,32.0,30.7,26.9,21.0,16.8,14.6,14.6,16.3,18.0,17.5,18.0,17.0,18.4,8.2,1.4,4.0,13.5,13.9,13.9,12.4,13.0,12.4,12.4,10.8,10.8,63.0,55.7,56.5,51.2,50.1,51.2,47.3,46.5,41.2
107.4,8.9,7.0,13.4,18.0,22.8,22.8,20.4,16.0,4.1,0.0,0.0,0.0,19.1,22.4,25.7,27.5,30.4,29.2,28.1,26.0,21.0,10.0,16.3,15.6,13.6,16.4,16.4,14.3,14.9,13.9,3.6,1.0,5.0,11.0,11.2,13.3,13.9,11.7,11.7,9.5,8.5,11.0,61.5,51.4,45.5,51.0,47.0,45.2,44.7,40.3,39.4
137.2,7.8,7.2,12.5,17.9,22.5,22.8,19.8,15.7,2.2,0.0,0.0,0.0,17.5,21.2,25.0,27.2,28.5,28.8,27.7,24.6,19.7,11.7,13.0,13.0,16.2,14.3,15.8,15.8,16.0,15.5,5.4,1.0,5.0,12.0,12.6,11.7,13.0,12.2,11.7,11.2,9.5,11.7,56.6,51.9,51.6,50.0,43.8,47.5,44.1,43.1,37.2
134.4,8.5,7.8,14.6,21.2,25.0,26.0,23.7,18.4,4.5,0.0,0.0,0.0,20.1,24.2,27.7,31.6,31.4,31.4,30.6,27.8,21.4,13.0,16.1,16.1,14.4,17.0,18.9,19.3,16.8,17.1,6.4,1.0,5.8,13.3,12.6,14.3,14.4,13.6,11.7,13.0,13.0,13.6,66.3,57.4,55.0,53.2,52.7,50.4,48.8,46.0,43.8
122.1,7.3,7.6,14.0,20.0,24.1,24.5,22.1,16.6,2.8,0.0,0.0,0.0,20.5,24.1,28.4,31.2,33.3,31.8,30.5,27.0,20.8,18.4,15.2,14.9,17.1,17.5,17.7,17.0,17.0,17.9,9.5,1.4,5.1,14.1,15.8,15.2,14.6,13.6,13.2,13.0,11.7,11.7,63.3,55.8,56.4,52.0,51.0,51.4,47.5,46.9,42.4
107.4,8.2,6.3,14.0,19.1,24.0,25.1,21.8,17.0,2.8,0.0,0.0,0.0,20.5,24.1,29.1,31.1,32.5,31.9,31.4,27.2,21.1,14.1,15.0,15.5,17.3,18.0,18.0,18.2,18.7,17.0,7.1,1.0,5.8,13.9,14.4,14.1,13.5,13.6,13.5,12.2,11.4,14.4,64.0,57.3,55.6,54.1,49.6,50.7,51.0,46.0,42.4
137.2,9.0,7.6,15.0,20.1,25.1,26.0,24.3,18.4,4.2,0.0,0.0,0.0,20.8,24.8,28.3,31.8,32.6,32.2,30.5,27.3,21.5,14.9,16.3,17.0,17.0,17.0,18.4,19.7,18.0,16.3,5.8,0.0,6.4,15.0,13.0,14.1,15.3,15.8,13.0,12.2,13.0,14.0,66.8,59.8,57.0,53.5,53.9,53.3,50.4,46.0,42.7
134.4,6.3,6.1,12.0,17.1,21.0,22.0,19.4,15.2,2.8,0.0,0.0,0.0,18.4,21.9,25.5,28.3,28.3,28.3,27.0,23.6,18.9,15.2,13.9,13.9,15.5,17.5,15.3,15.6,16.3,16.1,7.3,1.4,4.0,12.7,13.0,13.9,12.6,13.0,13.3,12.4,10.8,11.7,56.9,51.5,51.2,48.2,46.0,46.2,44.1,42.0,37.8
137.2,8.2,5.8,12.0,17.0,21.1,22.6,20.2,15.8,3.6,0.0,0.0,0.0,19.8,22.8,25.8,28.6,29.2,28.3,27.6,24.8,18.6,14.8,16.1,15.3,13.9,16.2,16.4,17.0,14.1,16.1,7.1,1.0,4.5,11.2,12.1,14.3,14.0,13.0,12.0,12.2,11.2,10.4,59.0,50.2,51.4,47.0,48.0,46.9,42.7,42.0,38.4
134.4,7.2,6.3,12.7,17.0,21.2,22.8,19.7,15.5,2.2,0.0,0.0,0.0,19.0,23.0,26.0,30.1,28.0,29.0,27.3,24.5,18.2,15.6,16.3,15.0,15.0,16.3,16.6,15.7,15.7,17.5,7.2,1.4,4.1,13.0,13.9,14.1,14.0,13.0,13.0,12.0,11.0,12.4,60.4,52.0,52.1,48.8,48.1,47.0,44.9,43.9,39.7
122.1,6.1,7.0,13.3,18.7,22.8,24.3,21.0,16.5,3.2,0.0,0.0,0.0,18.8,22.0,26.1,28.0,29.2,27.7,26.9,23.4,18.7,12.5,14.8,15.3,14.8,15.7,16.6,17.5,17.0,15.0,5.0,0.0,5.7,13.0,12.4,13.3,14.9,13.9,12.5,11.7,12.6,14.6,61.0,54.2,51.0,48.9,48.0,48.1,46.6,41.6,39.2
107.4,7.6,7.0,12.1,17.0,20.1,21.2,19.2,15.0,3.2,0.0,0.0,0.0,17.1,20.4,24.0,26.0,26.7,26.3,25.2,22.1,17.0,10.8,13.9,14.4,13.6,13.9,15.0,15.6,14.4,13.0,4.5,0.0,5.4,11.2,10.8,11.7,13.3,13.0,11.0,10.2,11.4,13.2,54.6,48.3,45.0,44.0,43.4,43.4,41.1,36.6,35.4
137.2,5.4,5.4,11.0,16.0,19.1,20.4,17.7,13.9,2.2,0.0,0.0,0.0,17.5,20.6,24.2,26.8,26.4,25.8,24.8,20.5,16.3,17.2,13.6,13.6,15.3,15.0,15.6,14.9,14.2,15.2,7.6,1.4,4.1,10.8,13.4,13.3,12.0,12.0,12.0,13.0,11.4,11.4,52.0,47.4,48.0,44.1,43.2,43.7,39.9,40.0,34.7
134.4,7.6,7.1,12.1,17.5,21.9,23.4,20.4,17.0,4.1,0.0,0.0,0.0,19.6,23.4,26.6,28.2,29.1,28.2,26.3,22.1,18.0,14.0,16.0,16.1,15.0,16.1,17.3,17.9,16.4,14.9,6.1,1.0,5.4,12.4,12.1,15.3,14.9,14.1,13.5,13.5,14.1,14.1,59.1,52.2,49.7,47.4,48.1,46.9,45.0,40.6,39.2
122.1,7.0,6.0,13.9,19.7,23.4,24.7,22.2,17.1,3.2,0.0,0.0,0.0,20.6,25.2,28.8,31.1,32.2,30.4,29.2,24.4,19.9,16.5,18.7,18.2,18.2,18.2,17.9,17.5,17.8,19.1,7.1,1.0,5.4,13.9,16.3,16.4,16.6,16.1,16.1,15.2,12.2,15.6,65.1,57.7,57.0,53.5,51.4,51.2,51.2,46.2,43.4
107.4,8.5,8.1,14.3,19.7,24.6,26.0,22.8,18.0,4.1,0.0,0.0,0.0,21.8,26.0,29.2,32.3,32.0,31.0,29.4,26.2,20.0,14.8,17.0,18.4,17.9,18.9,18.9,19.1,18.9,15.7,6.3,0.0,6.1,14.2,14.8,16.6,16.8,17.3,15.1,13.3,14.6,15.5,67.6,58.7,55.1,54.0,54.0,52.0,50.7,44.9,43.4
137.2,6.1,6.7,13.0,18.0,22.0,23.2,20.2,16.1,2.8,0.0,0.0,0.0,19.8,23.6,27.5,29.2,29.8,29.0,26.9,23.4,17.2,14.9,16.1,15.5,14.9,17.7,17.1,16.0,16.3,14.9,5.4,1.4,5.0,12.4,15.0,16.3,15.8,14.3,15.2,15.2,14.8,16.2,61.7,55.1,51.9,53.2,47.6,47.2,48.8,43.2,41.0
134.4,5.4,7.1,12.1,17.1,19.7,21.1,19.2,14.9,3.6,0.0,0.0,0.0,17.0,20.6,23.4,25.6,25.1,24.6,23.3,20.2,15.0,13.0,13.9,14.8,14.3,14.3,15.2,16.5,15.0,13.3,5.0,0.0,5.4,12.1,12.4,13.2,15.0,14.1,12.4,12.2,13.0,14.1,55.1,48.8,46.6,43.8,43.6,43.9,40.8,37.6,35.4
122.1,5.7,6.4,12.5,17.9,22.0,22.8,20.5,15.8,3.2,0.0,0.0,0.0,18.7,22.6,26.2,27.7,28.9,27.9,25.3,21.5,17.0,15.8,15.8,15.8,16.6,16.3,15.6,16.4,17.5,15.3,6.4,0.0,6.1,14.4,14.2,14.4,15.3,16.2,15.3,13.6,13.9,14.9,60.5,53.9,53.1,48.1,48.4,48.1,46.1,43.2,37.8
107.4,10.8,10.0,18.4,25.9,31.8,33.3,29.7,23.3,5.1,0.0,0.0,0.0,30.7,35.2,41.0,43.9,44.4,42.7,39.8,34.9,25.9,12.0,12.0,12.0,11.0,12.0,13.0,13.6,11.2,11.4,5.4,1.0,3.6,9.2,10.4,11.7,12.2,11.4,9.9,10.8,11.4,9.2,45.2,38.9,38.3,35.2,36.4,36.1,31.6,32.0,28.6
137.2,5.0,6.3,12.0,17.0,21.1,21.4,19.3,15.3,2.8,0.0,0.0,0.0,17.2,20.6,24.6,26.4,26.1,25.0,23.4,19.8,15.6,12.2,15.1,16.0,15.1,16.3,14.6,15.7,16.4,13.5,4.1,0.0,5.8,13.6,12.5,13.9,15.8,14.9,15.0,12.0,13.5,16.3,57.5,50.2,45.8,45.6,43.7,44.1,44.0,37.7,35.7
134.4,6.3,7.2,13.6,18.7,22.5,23.3,20.8,15.6,2.8,0.0,0.0,0.0,18.9,23.3,26.4,28.6,28.2,26.9,25.8,21.4,16.3,15.8,14.4,15.0,15.8,16.1,15.2,15.8,17.3,15.1,5.8,1.0,6.0,14.2,15.2,14.6,15.3,16.0,16.0,14.0,14.0,17.0,60.6,55.3,53.6,49.0,48.3,48.3,48.1,42.2,38.6
122.1,6.4,6.4,12.5,17.0,21.1,22.8,19.8,15.3,3.0,0.0,0.0,0.0,20.4,23.2,27.3,29.3,29.4,28.9,26.6,22.8,17.0,17.5,17.1,13.9,14.4,16.1,16.8,16.3,14.0,17.1,7.8,1.4,4.1,13.0,14.1,16.1,15.5,15.3,15.5,15.8,13.9,13.3,61.0,52.9,54.2,49.2,48.8,47.4,44.7,44.3,39.3
107.4,6.7,7.3,14.4,19.4,23.3,25.5,22.8,17.0,3.0,0.0,0.0,0.0,21.6,25.3,29.7,31.6,32.0,30.6,28.3,24.0,18.0,16.1,17.3,17.0,17.0,18.1,17.5,17.1,17.0,17.0,6.1,1.0,6.4,16.0,17.1,17.0,16.6,17.2,18.4,15.6,14.9,18.6,68.9,60.1,56.9,56.1,52.4,51.9,52.3,46.4,43.7
137.2,7.3,8.1,13.2,18.7,22.4,24.1,22.1,17.5,3.6,0.0,0.0,0.0,20.6,24.2,27.8,29.5,30.9,28.6,27.5,22.8,18.2,11.4,17.0,15.8,15.3,17.0,17.1,16.0,18.4,12.4,4.5,1.0,6.3,12.8,14.8,17.1,19.1,16.3,16.0,14.0,15.5,15.3,62.8,55.7,49.3,55.0,47.5,47.4,48.8,43.1,40.6
134.4,7.0,6.3,12.0,17.0,21.0,23.0,20.2,15.7,3.6,0.0,0.0,0.0,21.3,25.5,28.3,30.5,30.4,29.2,26.9,23.3,18.4,16.5,17.1,15.8,15.5,16.8,17.9,16.4,15.6,15.6,6.1,1.4,5.4,13.6,15.7,17.0,17.0,15.8,15.8,16.1,14.8,15.3,63.0,54.1,52.4,52.2,49.6,48.0,47.5,43.3,40.8
122.1,5.8,6.7,12.8,17.7,21.4,23.9,21.0,15.3,3.0,0.0,0.0,0.0,20.2,23.5,26.7,28.9,29.4,27.2,26.0,22.0,16.1,13.5,14.9,14.9,16.3,17.0,15.6,17.0,18.0,15.1,5.0,1.4,7.1,14.9,14.4,15.7,16.2,17.5,17.1,15.1,15.1,17.3,62.2,55.0,53.0,50.5,48.8,47.9,47.4,41.7,38.8
107.4,6.3,7.1,12.5,17.9,21.0,22.1,20.4,16.0,3.2,0.0,0.0,0.0,19.7,23.7,27.3,29.5,30.0,27.9,26.0,21.6,16.3,18.0,14.0,15.0,16.0,17.1,16.0,16.3,17.7,16.6,7.1,1.0,5.7,15.0,16.3,14.9,15.7,15.8,15.6,15.6,16.6,16.6,60.4,54.8,54.5,51.4,48.0,48.8,46.6,44.1,38.5
137.2,5.8,6.3,12.8,18.4,21.4,23.3,20.6,16.1,3.0,0.0,0.0,0.0,20.0,23.2,27.3,29.3,29.2,28.1,26.0,22.1,16.1,17.0,16.0,15.0,17.0,17.0,16.3,16.2,17.0,16.3,7.0,1.0,5.8,15.3,16.0,15.5,15.8,17.0,16.6,15.0,15.3,16.1,61.7,55.4,55.2,51.0,48.8,49.0,48.5,44.2,39.8
134.4,7.2,8.1,13.5,18.6,22.0,23.3,21.4,16.6,4.1,0.0,0.0,0.0,20.4,24.2,27.2,29.2,29.3,27.7,26.2,22.5,16.6,14.3,15.7,15.7,14.8,15.3,16.6,16.3,16.6,14.3,4.5,1.0,6.1,13.9,14.2,16.3,18.0,16.2,14.9,15.2,16.2,17.1,63.9,55.7,52.2,50.6,50.0,48.4,47.8,41.7,40.6
107.4,5.4,6.4,11.4,16.8,19.9,21.0,18.9,14.1,2.8,0.0,0.0,0.0,17.5,21.5,24.2,26.4,25.9,24.7,23.0,19.2,14.9,13.6,13.9,14.2,15.0,14.4,13.4,13.9,15.3,14.0,5.0,1.0,6.0,14.2,14.3,13.6,14.3,15.0,15.0,13.0,13.0,15.0,54.8,50.2,48.3,45.5,43.9,43.6,43.8,39.1,35.8
137.2,5.8,7.3,13.4,18.8,22.8,23.1,21.6,17.0,4.1,0.0,0.0,0.0,20.2,23.3,26.9,29.5,28.6,27.5,25.5,22.2,16.1,17.0,17.5,17.5,16.3,14.1,16.3,16.6,17.0,15.2,5.8,1.4,7.0,14.9,14.9,17.2,17.9,15.3,14.3,14.3,16.2,19.0,63.0,54.9,50.2,50.0,50.2,48.8,47.0,41.6,40.3
134.4,6.0,6.3,11.0,15.0,19.0,20.1,18.4,14.8,3.6,0.0,0.0,0.0,19.2,23.3,26.2,27.6,26.9,26.4,24.7,20.6,15.7,15.3,15.8,14.2,13.6,15.0,15.6,15.3,14.3,13.6,6.3,1.4,5.1,12.1,14.4,15.6,16.1,14.3,14.3,15.2,14.9,14.9,56.9,48.5,47.7,47.0,45.3,43.4,41.1,39.4,36.9
122.1,7.0,6.3,12.0,17.0,21.0,22.1,20.6,16.1,3.6,0.0,0.0,0.0,20.8,25.6,29.1,30.5,31.2,29.4,26.9,22.8,17.5,17.7,17.5,16.1,15.3,15.3,17.0,17.3,14.9,15.8,6.3,1.0,5.4,14.3,14.9,17.1,18.1,16.5,15.5,17.5,17.1,15.2,62.6,55.0,53.8,50.2,51.0,49.6,44.3,43.4,40.3
107.4,6.0,7.3,13.0,18.0,22.2,22.8,20.6,15.8,3.6,0.0,0.0,0.0,20.6,23.9,27.5,28.3,29.4,27.0,25.5,21.3,17.2,19.7,17.5,15.7,16.6,16.6,16.3,15.6,14.4,16.8,8.5,1.0,5.0,14.9,16.4,16.3,16.6,18.0,17.5,16.2,13.4,14.3,61.2,54.6,54.8,50.1,49.0,48.8,44.0,45.8,39.7
137.2,6.1,8.6,13.6,18.7,22.1,23.3,21.6,17.0,3.6,0.0,0.0,0.0,20.2,24.6,27.3,30.0,29.5,28.3,26.4,21.3,16.3,16.6,16.1,17.5,15.7,16.2,17.1,17.3,16.1,14.9,5.4,1.0,7.0,14.9,15.0,17.0,17.7,18.1,16.0,16.0,16.0,18.1,62.6,55.6,52.2,50.2,49.4,48.9,47.2,42.2,38.8
134.4,5.4,6.4,11.4,15.5,19.3,20.1,17.8,14.2,2.2,0.0,0.0,0.0,19.2,22.8,26.0,27.3,27.7,26.4,24.4,20.0,14.9,17.1,15.5,13.6,13.4,15.2,15.0,15.0,12.0,14.9,6.7,1.4,4.0,13.6,14.9,16.1,15.0,15.0,15.3,16.5,13.6,14.3,56.0,49.7,49.7,45.5,44.8,43.9,41.0,40.5,36.1
122.1,4.5,7.1,12.5,15.8,19.7,20.0,19.1,14.2,2.8,0.0,0.0,0.0,18.4,21.2,25.1,24.7,27.2,24.7,23.1,17.9,15.0,17.0,12.8,11.4,13.4,17.0,14.2,14.3,14.9,13.0,7.2,1.0,4.1,13.4,14.9,15.8,13.0,15.8,16.3,15.3,15.0,11.7,56.8,48.8,48.3,44.6,44.7,43.3,41.2,39.6,35.5
107.4,7.3,8.6,14.3,19.3,22.4,23.3,21.3,17.0,4.5,0.0,0.0,0.0,20.6,24.4,28.2,29.4,29.7,27.7,26.4,22.2,16.3,14.3,17.7,17.5,15.8,15.3,16.2,16.6,15.6,14.9,5.0,1.0,6.7,14.6,14.3,17.5,19.8,17.2,16.4,15.8,16.4,17.5,63.0,54.9,52.3,50.1,49.6,48.7,48.2,42.2,40.5
137.2,5.4,9.0,14.3,19.1,22.1,24.0,21.1,16.2,3.6,0.0,0.0,0.0,19.8,24.0,27.6,29.8,29.7,27.8,25.6,20.6,15.7,18.9,15.3,15.8,17.8,17.0,16.3,16.6,17.1,15.1,7.8,0.0,7.2,15.8,17.0,16.4,17.7,18.4,16.6,16.2,17.0,17.5,60.3,56.0,54.5,49.0,49.1,49.7,46.5,43.3,38.6
134.4,4.5,6.3,11.7,17.0,19.7,20.9,18.2,15.0,2.2,0.0,0.0,0.0,18.4,21.6,25.2,26.6,26.4,24.6,22.5,18.7,14.1,16.2,15.7,13.9,14.9,16.6,15.8,14.9,15.6,15.2,6.7,1.0,5.0,14.0,15.8,15.3,15.8,15.6,15.6,15.8,15.0,16.4,55.4,49.4,47.9,46.6,43.4,43.0,42.0,38.9,35.6
137.2,5.1,7.2,12.1,17.5,21.0,21.6,19.8,15.6,3.2,0.0,0.0,0.0,18.7,21.4,25.3,26.5,26.7,25.3,23.3,19.2,14.4,16.0,15.0,16.0,16.0,15.3,14.6,16.2,15.6,15.0,5.1,0.0,5.8,14.6,14.0,16.0,16.5,17.5,15.3,15.3,15.7,16.6,55.7,49.8,47.4,44.4,44.8,44.6,42.2,38.2,34.8
134.4,4.5,8.1,13.6,18.0,22.8,23.3,22.0,18.2,4.1,0.0,0.0,0.0,21.9,24.8,27.7,28.3,28.3,25.6,22.5,18.4,13.6,14.3,15.8,16.5,16.5,18.8,16.1,17.0,20.2,16.2,6.4,0.0,7.8,17.1,16.3,17.7,18.8,18.6,17.0,14.1,15.6,17.7,56.9,50.5,46.5,46.6,45.6,46.3,48.8,41.1,42.2
137.2,3.2,7.8,12.5,17.5,21.6,24.1,21.3,17.0,3.2,0.0,0.0,0.0,21.2,24.5,27.7,28.6,27.3,25.0,23.1,18.2,12.6,18.2,12.6,13.6,14.6,17.5,16.8,18.4,18.8,17.8,7.3,1.0,7.2,19.1,18.1,16.5,14.3,17.0,16.3,17.2,20.0,17.8,51.1,49.0,50.0,45.7,44.8,45.9,44.3,44.3,40.2
134.4,4.1,6.1,11.7,15.8,19.9,21.4,20.0,16.3,3.6,0.0,0.0,0.0,21.9,25.0,27.8,28.4,27.6,25.5,23.0,18.4,13.4,15.2,17.5,15.8,14.8,17.8,17.7,17.0,17.7,14.3,6.4,1.4,6.4,15.0,16.8,18.4,18.4,16.4,16.4,15.8,15.7,15.7,53.7,46.8,44.3,47.5,43.1,43.6,44.8,41.6,40.5
137.2,4.0,8.1,14.1,19.0,23.0,25.1,23.5,19.2,2.8,0.0,0.0,0.0,25.1,28.6,32.2,33.1,31.8,28.8,25.5,21.3,15.0,20.2,17.7,16.5,16.8,18.4,20.0,19.1,17.3,20.6,9.5,2.2,7.1,19.1,20.6,20.4,19.0,19.0,18.2,19.6,18.4,17.5,59.0,53.9,55.5,50.8,52.8,51.9,48.9,50.3,47.0
134.4,4.0,7.3,12.2,17.1,20.4,22.1,20.1,17.0,3.2,0.0,0.0,0.0,22.6,25.3,28.3,29.6,28.9,26.6,23.7,18.9,12.8,17.0,16.6,14.4,15.0,17.5,18.0,17.3,17.0,18.2,8.1,2.0,6.7,17.0,17.7,18.0,17.5,17.7,17.3,17.1,16.0,16.1,54.8,48.0,49.3,47.5,45.7,45.8,46.7,44.1,42.1
122.1,5.0,8.1,13.9,18.4,22.4,23.3,22.2,17.8,4.5,0.0,0.0,0.0,21.1,25.0,28.2,28.0,28.2,25.5,22.8,17.9,13.6,17.1,14.0,15.0,16.0,17.3,17.0,17.7,18.9,16.3,6.1,1.0,7.3,17.2,16.2,17.5,18.0,18.4,16.2,15.8,17.7,18.8,54.5,50.6,48.2,44.6,45.6,46.5,46.9,42.0,41.0
107.4,5.0,9.4,15.2,19.7,24.6,26.1,24.1,20.0,4.5,0.0,0.0,0.0,24.1,27.0,31.0,32.0,31.1,28.4,25.3,21.0,15.3,9.2,8.5,9.2,9.1,8.0,9.0,10.0,9.8,9.9,4.0,0.0,4.1,10.0,8.9,9.5,10.0,10.0,9.2,9.1,10.2,9.5,30.0,27.5,26.4,25.0,25.5,26.6,25.1,24.3,22.1
137.2,5.0,8.6,13.0,18.0,21.0,23.3,21.3,17.8,4.5,0.0,0.0,0.0,22.2,25.1,28.0,28.0,27.3,24.7,23.4,17.9,13.0,16.5,16.3,17.3,16.0,16.0,16.1,18.0,17.5,17.0,6.3,1.4,8.0,17.7,17.2,18.8,19.4,19.0,17.1,16.1,17.3,19.0,55.0,50.3,46.6,46.2,44.7,46.3,45.9,42.0,39.8
134.4,4.5,8.1,13.3,18.7,22.4,24.0,22.2,18.0,3.6,0.0,0.0,0.0,25.0,28.8,31.9,32.4,31.4,28.3,25.5,20.2,14.3,19.1,18.0,15.8,17.2,19.7,18.8,18.4,19.0,18.2,7.6,2.0,7.8,20.2,21.0,21.3,19.8,19.7,20.6,19.9,19.6,19.6,59.1,54.3,54.1,51.8,49.6,49.6,52.3,48.5,46.5
122.1,4.5,9.0,15.1,19.2,24.0,26.1,23.8,18.8,3.6,0.0,0.0,0.0,24.2,27.5,30.5,31.1,31.4,27.7,24.8,19.4,14.3,19.7,17.0,17.5,17.5,18.4,17.7,18.9,19.3,19.0,8.5,1.0,8.5,20.9,20.0,20.2,21.2,21.6,19.1,18.4,19.1,20.0,61.0,55.8,53.9,50.2,51.2,52.5,50.7,48.6,45.6
107.4,4.2,8.1,14.2,18.6,23.9,24.6,23.4,18.0,3.0,0.0,0.0,0.0,24.2,28.7,30.9,31.8,30.9,27.9,24.5,20.1,14.0,19.0,17.3,16.1,17.3,18.7,18.8,18.6,19.1,19.7,7.6,1.4,9.0,20.6,20.2,20.2,20.0,20.6,19.7,18.4,18.4,20.6,59.9,54.4,53.0,51.0,50.1,51.0,51.0,48.5,45.7
137.2,5.0,7.8,13.4,18.4,22.4,24.4,22.7,18.9,4.1,0.0,0.0,0.0,25.1,28.0,31.1,33.0,30.1,27.7,24.7,20.6,13.9,8.6,9.2,9.2,8.1,9.4,9.8,9.0,10.2,7.3,2.2,1.4,4.2,9.1,10.2,11.2,10.6,9.4,9.4,9.8,10.4,9.2,30.2,25.1,23.1,27.2,24.7,23.3,24.8,22.0,23.1
134.4,5.0,9.0,15.3,19.4,24.2,26.0,24.2,20.2,5.0,0.0,0.0,0.0,25.8,29.2,32.2,32.8,31.4,28.3,24.8,20.2,13.4,21.0,20.1,20.2,19.6,18.2,19.0,20.2,19.2,19.8,8.0,1.4,7.6,19.7,20.0,21.9,23.3,22.8,20.2,19.1,19.0,19.1,61.4,54.7,52.8,50.1,50.6,52.6,49.2,48.7,44.4
137.2,5.4,9.2,14.9,20.5,24.1,25.0,23.7,19.6,5.0,0.0,0.0,0.0,24.7,27.9,31.0,32.0,31.0,27.5,25.0,20.1,14.3,19.6,17.7,19.0,18.4,18.4,18.6,19.8,20.1,19.4,7.8,1.0,8.2,20.6,20.6,21.1,22.2,21.9,20.2,18.6,19.4,21.2,61.7,55.2,53.0,50.2,50.7,52.0,50.2,48.3,45.3
134.4,4.2,9.0,14.1,19.2,23.1,25.0,23.3,18.4,3.6,0.0,0.0,0.0,24.2,28.0,30.2,31.1,30.0,27.6,23.4,18.9,13.4,19.2,18.0,18.0,17.5,18.4,18.4,18.0,19.2,18.8,8.1,0.0,9.2,21.0,19.9,20.6,22.0,22.2,20.6,19.0,19.0,21.6,60.0,55.3,53.2,50.4,50.2,51.0,51.2,47.9,44.4
122.1,5.0,8.5,13.6,17.2,21.4,22.6,21.4,17.5,4.1,0.0,0.0,0.0,21.1,24.5,27.7,28.6,26.2,24.0,21.2,17.5,12.1,17.5,17.5,16.4,16.1,16.3,15.3,16.6,16.1,18.2,7.8,1.0,6.7,17.5,17.0,18.7,20.1,20.8,18.4,17.8,14.4,15.7,53.1,49.2,48.8,41.3,45.0,45.6,43.8,43.1,38.5
107.4,4.5,8.0,13.3,17.5,22.4,24.0,22.1,18.0,4.2,0.0,0.0,0.0,24.8,29.1,32.0,32.8,31.9,28.3,25.2,20.6,14.3,20.0,19.2,16.3,16.5,17.5,19.2,19.2,17.0,18.9,7.3,2.0,7.1,20.5,21.5,21.4,20.0,20.2,19.6,20.6,20.1,19.7,58.7,53.3,53.0,50.0,51.0,49.5,49.0,48.1,46.5
137.2,5.4,8.5,13.2,17.3,21.6,22.1,21.5,17.7,4.5,0.0,0.0,0.0,22.5,25.0,28.2,28.2,28.8,25.5,22.2,18.4,12.8,19.1,16.0,15.1,16.0,17.1,16.2,18.0,17.7,17.5,7.3,1.4,7.1,18.4,18.6,19.7,19.4,20.0,17.7,17.7,17.1,16.2,54.5,49.6,48.3,43.4,46.3,47.4,44.2,43.0,39.4
134.4,5.1,7.8,13.9,18.4,22.0,25.0,22.7,19.2,4.0,0.0,0.0,0.0,25.0,29.0,32.1,33.0,31.0,28.4,25.0,20.2,13.9,9.0,10.0,9.2,8.5,8.2,9.8,10.6,9.4,8.5,3.2,1.0,4.0,9.9,10.3,11.4,11.0,10.2,9.5,9.5,10.3,10.0,30.4,27.0,25.5,25.2,26.0,25.3,25.1,23.1,22.5
137.2,5.0,8.2,12.1,17.0,20.6,22.1,21.2,18.0,4.5,0.0,0.0,0.0,22.5,25.6,28.4,29.2,28.3,24.6,22.1,17.5,13.0,16.6,17.5,17.2,15.6,16.3,17.0,18.4,17.5,17.0,6.4,2.0,7.2,17.5,18.0,20.4,20.1,19.2,17.7,17.7,18.6,18.4,55.3,49.2,46.5,45.9,46.0,46.1,44.3,41.9,40.8
134.4,5.1,8.1,13.0,18.1,22.0,24.1,22.8,18.8,4.2,0.0,0.0,0.0,25.2,29.2,32.6,33.3,31.4,28.4,24.8,20.0,14.3,20.1,19.0,18.4,17.5,18.2,19.0,19.9,18.4,17.7,7.1,2.2,7.2,19.6,21.1,23.3,22.0,21.5,19.4,21.2,20.0,19.1,61.2,53.9,52.2,50.6,51.9,51.6,48.5,47.5,46.5
122.1,7.1,11.2,17.5,23.3,27.9,30.1,29.2,24.2,5.4,0.0,0.0,0.0,31.4,36.1,39.7,41.1,38.6,35.0,31.4,25.0,17.1,22.8,25.2,23.0,22.0,22.7,23.4,24.6,24.5,23.0,7.8,2.0,10.3,25.0,26.0,27.5,28.6,26.4,25.5,24.8,25.0,26.9,78.1,68.9,65.1,64.0,63.0,64.5,64.4,58.7,57.7
107.4,3.6,8.2,13.0,17.5,20.2,22.8,21.2,17.1,4.1,0.0,0.0,0.0,20.5,24.8,26.9,28.3,26.2,23.6,21.0,16.2,11.2,16.8,16.5,16.3,16.1,15.0,16.0,17.3,15.8,17.0,6.0,1.4,7.3,18.0,17.7,18.9,19.3,19.1,17.0,18.0,18.0,19.4,54.5,49.5,47.9,43.6,45.6,45.6,44.4,41.4,40.0
137.2,3.6,7.0,11.2,16.1,19.0,21.1,19.2,15.7,2.8,0.0,0.0,0.0,21.6,25.1,27.8,29.5,26.1,24.2,21.9,17.2,11.7,15.8,16.1,15.2,15.3,16.4,16.3,14.8,16.2,16.1,5.8,1.4,8.1,18.6,18.7,19.0,19.2,18.8,18.9,17.0,16.3,19.1,52.8,48.0,45.6,46.8,42.0,43.1,46.6,40.5,40.0
134.4,6.0,8.6,14.3,19.2,22.8,25.2,23.3,18.9,4.1,0.0,0.0,0.0,24.3,28.1,31.1,32.0,30.1,27.9,24.7,19.2,14.4,7.6,9.8,8.9,7.8,9.2,9.2,9.8,11.0,7.0,2.2,1.0,4.5,8.9,10.4,12.0,12.6,10.0,10.0,9.2,10.0,10.8,31.6,27.7,24.2,26.9,25.0,25.3,25.9,22.7,22.8
122.1,5.0,9.5,14.3,19.2,23.4,25.0,23.2,19.0,4.1,0.0,0.0,0.0,24.4,27.7,31.2,31.4,31.1,26.9,24.7,18.7,14.0,19.0,18.4,18.4,17.9,18.6,18.4,18.6,19.7,19.1,7.8,1.0,9.2,21.1,20.9,22.1,23.3,22.8,20.2,20.0,20.6,21.9,62.6,55.4,53.7,51.3,51.0,52.0,51.5,47.7,46.0
107.4,6.1,8.5,13.6,18.6,22.8,24.8,22.2,19.3,4.0,0.0,0.0,0.0,26.0,29.0,32.1,33.1,32.0,29.2,25.7,20.2,14.3,8.2,10.0,9.0,8.2,8.2,9.5,9.2,10.8,7.6,2.2,1.4,4.1,9.8,10.8,12.2,12.6,10.0,10.0,10.0,10.4,9.8,32.1,26.6,24.4,27.6,25.1,26.0,26.0,22.8,23.3
137.2,5.1,7.1,11.7,16.1,19.7,22.2,19.8,16.1,4.0,0.0,0.0,0.0,24.2,27.0,30.0,30.1,29.2,26.7,23.4,18.8,13.6,17.3,17.0,17.0,15.1,16.1,17.5,17.9,17.0,15.0,6.1,2.2,7.1,17.8,19.2,20.6,20.4,19.0,18.2,18.4,19.0,18.8,57.1,49.2,48.3,46.7,47.2,47.0,44.9,44.0,42.1
134.4,4.1,7.3,12.2,16.5,19.6,21.5,19.7,15.6,3.6,0.0,0.0,0.0,22.1,25.7,27.9,28.6,27.2,24.2,21.1,16.4,12.7,18.4,15.0,15.0,16.1,15.8,14.9,16.3,17.0,16.2,7.3,0.0,7.8,19.2,18.4,18.9,19.8,19.7,18.0,16.8,19.0,19.2,52.5,50.5,49.0,45.9,44.6,46.6,46.0,43.9,40.3
122.1,4.5,7.1,11.7,15.3,20.0,20.5,19.2,15.2,3.0,0.0,0.0,0.0,24.0,27.1,30.1,30.1,29.0,26.0,22.6,18.7,13.4,16.1,18.4,15.7,15.2,18.1,16.0,15.7,17.5,15.8,6.1,2.0,8.5,21.0,20.1,22.7,19.8,20.2,20.6,17.0,15.0,19.2,59.8,48.5,45.1,48.3,47.8,45.3,47.0,40.2,43.0
107.4,4.1,6.4,11.2,15.7,19.7,20.6,19.1,16.1,3.0,0.0,0.0,0.0,23.0,27.0,30.0,30.0,29.0,26.2,22.8,18.4,13.4,18.4,17.5,16.1,14.8,16.6,17.0,17.5,15.8,16.1,7.2,2.2,7.1,19.4,19.9,21.0,19.4,19.3,19.7,19.2,18.4,17.7,55.6,49.0,49.2,47.4,47.4,47.2,45.2,44.7,42.0
137.2,5.4,7.3,13.4,18.4,21.6,24.3,22.2,18.4,4.2,0.0,0.0,0.0,27.0,30.5,33.3,33.9,32.6,29.4,25.6,20.9,14.9,18.0,20.2,18.4,16.1,20.0,18.4,16.6,19.8,15.6,6.3,2.0,9.2,21.1,21.9,22.0,23.6,22.5,22.8,20.0,20.1,22.2,62.2,55.4,51.9,55.6,48.6,50.2,54.7,47.4,47.5
134.4,3.6,7.3,12.5,17.9,21.5,22.8,21.2,17.1,3.2,0.0,0.0,0.0,25.2,28.4,32.0,32.0,30.2,27.8,24.7,19.6,13.2,20.1,19.4,16.6,17.2,19.8,18.6,18.4,18.7,19.0,7.8,1.4,8.2,21.0,22.2,22.2,21.8,22.8,21.3,20.5,20.6,20.0,60.6,54.7,54.4,51.6,51.0,51.0,51.4,48.8,45.8
122.1,5.1,7.6,12.2,17.3,20.4,21.8,19.7,16.4,3.6,0.0,0.0,0.0,22.5,25.3,28.2,29.4,26.9,25.1,22.2,17.7,12.8,17.8,16.4,16.1,16.1,16.2,15.8,18.1,17.3,15.2,6.3,1.0,7.2,18.1,18.0,20.2,20.5,19.7,18.0,18.0,18.4,18.2,56.8,50.2,48.2,45.1,47.2,46.9,44.6,42.9,40.0
107.4,5.0,8.5,13.9,18.9,22.4,24.7,22.4,18.0,4.1,0.0,0.0,0.0,24.7,28.2,31.8,31.8,30.5,27.5,24.5,19.1,14.0,19.7,18.4,18.8,18.6,17.0,17.8,18.9,19.0,20.0,7.2,1.0,9.1,21.1,20.9,21.1,23.3,22.4,21.6,20.0,20.6,21.4,61.6,55.5,55.7,50.4,51.2,52.8,50.1,49.6,45.8
137.2,4.5,8.2,14.0,19.0,23.1,25.5,23.4,18.9,4.2,0.0,0.0,0.0,25.1,29.5,32.7,33.1,31.8,28.3,24.8,19.8,13.6,21.1,19.7,18.8,19.3,19.4,19.0,19.2,19.9,20.0,8.0,1.0,9.9,23.0,21.5,22.5,24.0,23.9,22.1,20.9,21.4,23.2,63.7,58.0,56.3,53.3,52.2,53.7,53.7,50.2,47.1
134.4,5.8,9.1,14.0,19.0,23.0,24.3,22.8,19.4,5.0,0.0,0.0,0.0,25.2,28.7,31.9,33.5,30.9,27.7,24.8,20.0,13.0,18.4,19.6,18.2,17.1,18.0,19.0,19.0,18.9,16.3,6.1,2.2,8.1,20.9,22.5,24.1,23.3,21.6,21.2,21.0,22.1,22.4,64.0,55.1,52.9,54.2,51.7,51.6,52.2,48.3,47.4
122.1,5.4,7.1,12.2,16.4,19.8,21.9,19.4,17.1,4.0,0.0,0.0,0.0,24.0,27.0,30.1,30.0,29.0,26.2,22.6,18.0,12.5,16.0,18.2,17.3,14.9,16.2,17.0,17.7,16.1,15.5,4.2,2.2,7.3,18.8,19.1,21.5,21.4,20.0,19.2,18.4,18.8,19.7,59.0,50.0,46.7,48.8,47.2,46.9,46.4,42.5,42.8
107.4,5.0,7.6,13.3,17.3,22.1,22.8,21.6,17.7,3.2,0.0,0.0,0.0,26.0,29.6,32.4,33.0,31.6,28.8,24.6,19.4,14.1,9.8,10.4,8.5,8.5,10.2,9.0,8.5,8.5,9.4,3.0,1.0,4.2,11.2,11.7,12.0,10.8,10.8,11.4,11.0,10.0,11.0,32.0,27.3,26.9,28.2,24.8,24.8,25.9,24.3,24.1
137.2,5.7,9.1,13.9,18.4,22.1,23.5,22.0,18.4,4.5,0.0,0.0,0.0,25.6,28.6,32.0,32.2,31.1,28.2,24.4,19.6,14.0,16.2,20.2,19.0,18.4,17.3,18.0,18.0,18.0,17.0,5.4,1.4,8.5,20.1,21.0,23.4,25.0,22.8,21.8,20.1,18.0,21.1,65.0,55.1,50.9,49.6,51.4,50.8,51.9,45.0,46.4
134.4,6.1,8.6,13.0,17.1,21.0,22.5,20.5,17.2,4.1,0.0,0.0,0.0,23.1,26.7,28.6,29.6,28.2,25.1,22.0,17.8,12.7,17.1,17.0,17.0,16.1,15.5,15.8,17.5,17.7,17.5,5.8,1.4,7.6,19.7,19.2,20.6,21.5,21.2,19.0,18.1,19.4,19.3,57.0,51.5,49.4,46.7,46.9,49.0,47.1,45.1,42.1
137.2,5.7,9.2,13.9,18.4,23.1,24.5,23.0,18.2,4.1,0.0,0.0,0.0,24.7,29.2,32.0,32.8,31.1,27.3,24.4,19.4,14.0,20.0,17.8,17.8,18.4,18.6,17.5,18.0,19.2,18.2,7.6,1.0,9.8,21.2,21.1,22.2,23.4,23.6,21.9,20.6,21.4,22.8,63.9,57.7,55.8,52.2,52.2,53.5,52.2,49.6,46.5
134.4,5.8,7.1,13.0,17.1,21.8,22.4,22.0,17.7,4.2,0.0,0.0,0.0,26.9,30.8,33.0,33.0,32.8,29.1,25.3,20.6,15.1,19.7,19.8,17.7,16.3,17.8,19.2,18.2,18.0,17.5,7.2,2.2,8.2,21.9,23.2,23.3,23.3,22.2,21.2,21.4,19.7,20.6,63.6,55.7,54.3,54.0,52.8,52.4,50.6,49.2,47.8
107.4,5.0,9.0,14.3,18.7,22.4,24.0,22.2,18.0,3.6,0.0,0.0,0.0,25.0,29.0,31.1,31.9,30.0,28.0,23.7,19.3,14.1,19.3,19.0,17.1,16.8,18.2,18.0,17.5,17.5,18.4,7.1,1.0,9.2,22.1,21.5,22.0,23.4,24.6,22.6,20.2,19.0,21.0,63.9,56.2,55.1,51.9,51.4,51.7,51.9,48.4,46.4
137.2,8.0,10.3,16.2,22.4,27.3,29.7,27.0,21.5,5.1,0.0,0.0,0.0,33.5,37.1,40.5,39.8,41.2,35.1,31.4,24.4,18.4,12.7,12.2,11.2,9.8,10.8,12.2,13.2,10.8,11.4,4.1,1.4,5.0,13.9,14.1,15.3,13.9,13.6,14.1,14.4,13.0,12.6,38.3,33.7,34.1,31.8,33.1,32.6,30.5,30.1,30.0
134.4,5.0,7.0,11.4,15.5,19.4,20.0,18.1,15.2,2.8,0.0,0.0,0.0,22.7,26.2,29.0,29.0,28.3,25.0,22.0,17.5,12.4,17.0,16.1,13.4,14.4,16.6,15.8,16.0,15.1,15.2,6.3,1.4,8.5,19.9,20.0,20.2,19.7,20.5,20.0,19.2,18.0,17.7,53.6,48.5,49.0,45.4,45.2,44.4,46.0,42.5,41.8
122.1,6.0,7.8,12.5,17.0,20.2,21.4,19.1,16.1,4.1,0.0,0.0,0.0,22.4,25.1,28.2,29.1,26.3,23.8,21.9,17.5,12.0,16.5,15.3,15.1,15.0,15.0,16.0,15.8,16.4,14.4,6.3,1.4,8.1,18.7,18.4,20.5,22.0,20.6,18.1,18.0,18.1,17.7,53.8,50.4,47.9,45.5,46.0,46.3,45.6,42.0,39.6
107.4,5.4,7.8,13.5,18.4,21.2,22.8,21.5,17.5,3.0,0.0,0.0,0.0,25.1,28.4,31.8,32.4,30.1,27.0,23.2,18.7,13.4,12.0,8.1,7.6,8.1,9.2,9.0,9.1,8.2,9.4,5.4,1.0,4.5,11.2,12.2,11.2,10.0,11.3,11.2,10.4,10.4,9.1,28.7,27.5,28.1,26.2,25.1,25.5,23.6,25.3,23.1
137.2,4.5,8.1,12.0,17.0,20.0,22.2,19.6,16.1,3.6,0.0,0.0,0.0,22.2,25.6,28.8,28.3,27.2,23.4,22.0,16.6,13.0,17.5,18.8,18.8,17.5,17.1,15.2,15.0,17.0,18.0,8.1,1.0,7.8,21.0,19.7,23.6,23.4,23.9,20.6,17.0,12.2,16.0,57.0,50.4,47.8,44.9,46.9,46.9,46.6,42.2,40.2
134.4,6.0,8.6,14.3,18.8,22.5,23.6,21.9,18.9,4.1,0.0,0.0,0.0,25.7,28.3,31.3,31.4,30.6,27.2,23.3,20.2,14.1,8.6,8.6,8.6,9.2,9.4,8.5,8.2,10.0,9.8,4.0,0.0,5.1,10.8,10.4,12.2,12.2,12.5,10.6,9.9,10.0,11.7,31.4,28.6,26.9,26.0,24.5,26.0,26.2,24.2,22.4
122.1,6.3,8.1,12.8,17.7,20.6,22.0,20.2,16.1,4.0,0.0,0.0,0.0,23.2,25.7,28.9,28.9,27.5,25.1,22.0,17.3,13.0,14.3,16.6,15.2,14.3,17.5,15.3,15.6,17.1,15.0,4.5,1.4,9.0,19.8,18.9,19.9,22.0,22.6,20.6,17.9,18.4,20.5,56.3,51.6,49.1,47.4,44.7,47.2,49.3,42.2,41.1
107.4,7.1,8.5,13.9,17.9,22.0,22.8,21.3,17.9,4.0,0.0,0.0,0.0,26.2,30.6,33.5,33.5,32.0,28.8,25.9,20.8,14.9,8.2,10.2,10.0,8.1,8.0,9.5,10.0,8.6,8.1,3.2,1.4,3.6,10.4,11.7,12.8,12.6,11.2,10.0,11.0,10.4,9.8,32.0,27.9,26.1,25.6,27.0,26.0,25.1,23.3,23.8
137.2,6.0,7.2,11.4,15.5,19.9,20.1,19.2,15.6,4.1,0.0,0.0,0.0,25.1,27.3,29.7,28.2,30.4,26.1,22.8,18.4,14.2,13.9,17.3,16.1,14.0,15.3,16.1,16.6,16.4,13.5,4.1,2.2,8.1,18.2,20.6,21.2,23.3,19.6,19.4,19.0,19.2,17.7,55.7,50.7,49.2,47.7,46.0,46.0,49.0,41.0,43.2
134.4,5.4,8.2,13.0,16.0,20.2,20.9,19.7,15.6,2.8,0.0,0.0,0.0,22.8,26.1,27.8,28.3,26.6,24.8,21.3,17.2,12.1,18.8,14.4,12.8,14.4,16.4,15.8,16.2,16.3,16.3,8.6,1.4,8.0,20.6,21.2,19.1,19.1,20.9,20.0,18.4,18.4,17.0,53.9,49.4,49.7,46.5,46.0,46.6,43.8,46.0,40.9
122.1,5.8,8.1,12.0,16.1,20.0,21.0,19.6,16.1,4.2,0.0,0.0,0.0,22.8,26.2,28.3,29.0,27.7,24.4,22.4,18.0,13.2,16.6,15.3,15.6,14.1,14.2,15.8,17.1,16.0,15.8,5.8,2.0,7.0,19.8,19.7,22.2,21.4,20.6,18.6,18.4,19.1,17.5,56.0,49.9,47.8,45.5,47.0,47.4,44.7,42.6,40.9
107.4,5.8,7.2,12.0,17.0,20.5,22.2,21.0,16.5,3.2,0.0,0.0,0.0,26.2,29.6,32.0,32.6,31.3,28.0,24.1,20.4,13.9,17.3,18.4,16.2,15.3,19.2,17.0,17.0,19.0,15.5,6.4,2.0,8.1,22.0,22.8,24.5,23.0,22.4,22.5,21.1,19.1,18.4,63.3,53.7,52.8,51.4,51.7,50.0,51.0,45.8,47.4
137.2,6.4,8.1,12.6,17.1,20.9,22.4,21.0,17.7,2.8,0.0,0.0,0.0,25.9,29.7,32.2,33.8,30.9,28.2,25.3,20.2,14.0,22.2,17.7,16.1,15.6,14.4,18.2,19.0,14.1,19.7,9.4,2.2,7.0,22.0,23.3,23.3,21.5,22.0,20.6,22.0,19.2,15.5,56.7,52.8,54.2,46.1,53.4,51.0,45.3,48.8,44.3
134.4,5.4,8.6,13.5,18.4,21.2,23.6,21.0,17.3,3.0,0.0,0.0,0.0,25.0,29.1,32.1,32.1,31.0,27.1,24.5,19.9,13.4,9.5,8.9,7.6,8.1,8.6,8.6,8.1,8.5,9.1,4.2,0.0,5.4,12.2,11.7,10.8,11.0,12.2,11.7,9.4,9.4,10.0,30.7,28.3,28.0,26.9,25.3,26.0,26.2,25.0,23.9
137.2,5.0,7.2,11.7,15.8,18.4,20.6,18.4,15.8,3.0,0.0,0.0,0.0,23.4,26.9,28.9,29.8,28.2,25.1,22.5,17.8,12.7,17.1,17.0,14.0,14.0,16.3,16.6,15.6,15.0,15.7,6.7,2.0,7.8,20.6,20.8,22.2,20.6,20.4,20.0,19.4,18.0,17.1,55.0,49.8,49.6,47.4,46.6,46.2,46.0,44.4,41.9
134.4,7.1,9.0,13.6,18.7,21.6,23.2,22.0,18.0,4.2,0.0,0.0,0.0,26.1,29.2,32.0,32.0,31.1,28.2,24.4,20.4,15.0,16.2,18.4,16.1,16.4,16.3,17.7,17.9,18.4,17.0,5.8,2.0,9.1,21.4,22.8,24.2,24.3,22.4,21.1,20.6,20.5,20.8,62.6,54.4,51.9,52.2,51.2,51.8,50.5,47.4,46.3
122.1,6.4,8.1,12.6,17.1,20.6,22.2,21.0,17.1,3.6,0.0,0.0,0.0,26.4,29.2,32.2,32.8,31.8,28.2,24.7,21.2,15.0,20.2,17.0,15.3,15.1,14.3,17.5,18.9,16.3,17.1,7.3,2.2,7.2,21.8,22.5,23.4,23.8,21.4,20.0,22.2,20.6,17.9,60.0,54.4,53.8,48.8,53.6,52.2,47.1,49.0,45.8
137.2,6.4,9.1,14.6,19.0,22.4,24.0,22.2,17.1,3.6,0.0,0.0,0.0,24.7,28.6,30.6,31.4,30.2,27.3,23.4,19.4,14.0,18.4,17.7,17.0,17.0,15.3,16.8,16.3,17.0,19.3,7.3,1.0,9.2,22.4,22.4,22.0,25.3,24.4,21.2,20.0,19.4,21.5,60.2,56.4,54.9,50.0,50.6,52.8,50.9,48.4,46.1
134.4,6.7,9.4,14.1,18.4,22.0,23.0,21.5,18.2,4.1,0.0,0.0,0.0,26.1,30.4,32.6,33.5,31.1,29.0,25.3,20.9,15.2,9.4,8.6,8.5,8.6,7.2,8.9,9.5,8.0,9.5,3.2,1.0,4.1,10.3,11.7,12.0,12.6,11.4,9.2,10.6,10.6,9.8,31.4,28.7,27.2,25.2,26.1,26.9,24.4,24.2,22.1
107.4,4.5,7.0,11.4,15.3,18.1,20.0,18.4,14.8,2.8,0.0,0.0,0.0,22.6,26.2,28.4,29.1,27.6,24.2,22.0,17.5,12.6,18.4,14.9,13.3,13.9,15.3,16.0,15.5,13.9,15.6,7.1,1.0,7.2,21.0,20.9,20.8,19.8,20.8,19.0,19.2,17.0,15.0,52.9,49.0,49.0,45.6,46.0,46.1,42.9,44.6,40.8
137.2,5.8,9.1,14.0,19.0,22.1,24.3,22.1,17.8,4.2,0.0,0.0,0.0,24.7,28.2,31.8,31.3,30.0,27.0,24.1,19.4,14.3,19.2,17.8,15.6,16.3,17.8,18.4,17.7,17.3,18.1,8.1,1.4,10.0,24.2,24.0,24.0,22.4,22.8,22.2,21.3,19.8,21.4,61.3,54.9,54.4,51.6,51.0,51.0,51.6,48.9,46.6
134.4,5.0,9.1,13.0,17.0,20.1,21.4,20.2,15.8,2.8,0.0,0.0,0.0,23.0,26.4,28.7,28.7,27.5,24.1,21.3,18.0,12.1,17.1,16.5,15.3,15.1,17.0,15.5,15.7,16.4,16.6,7.6,1.0,9.4,21.4,20.4,21.9,22.0,22.5,19.9,18.2,18.1,19.0,55.4,51.2,48.7,46.3,46.0,47.2,47.1,44.3,42.0
137.2,5.7,9.0,13.2,17.1,20.0,21.1,19.6,17.0,4.2,0.0,0.0,0.0,23.3,26.2,29.1,29.1,26.9,24.2,22.0,17.5,12.4,17.0,16.2,15.8,15.1,15.0,15.0,16.8,16.6,16.4,6.3,2.0,8.1,19.6,21.0,22.1,22.8,20.8,18.8,19.0,19.4,19.0,55.0,50.0,47.5,45.2,45.6,46.4,45.2,42.0,40.5
134.4,4.0,6.7,11.4,15.5,18.4,20.6,18.4,15.0,3.0,0.0,0.0,0.0,23.1,26.5,28.4,28.9,27.5,25.6,22.0,17.8,12.0,18.2,16.8,14.8,14.3,15.3,17.7,16.1,15.3,16.0,7.1,2.0,8.1,20.6,21.2,22.4,20.4,21.0,19.6,19.7,17.5,16.4,53.5,47.6,47.8,45.7,45.9,45.2,43.3,44.2,41.3
137.2,5.4,8.6,14.1,18.4,21.3,22.5,20.6,17.1,3.0,0.0,0.0,0.0,24.5,28.2,31.3,31.0,29.6,27.2,24.0,19.4,13.0,18.4,16.4,14.2,15.6,17.8,18.0,16.5,18.1,16.3,7.2,1.4,9.1,23.3,23.8,23.2,22.1,22.5,21.4,20.5,19.8,19.2,61.1,53.3,52.8,51.6,49.1,50.0,50.8,47.5,45.9
134.4,5.4,7.1,11.4,15.3,18.4,19.8,18.4,14.6,3.2,0.0,0.0,0.0,23.2,27.0,29.0,29.0,28.2,25.3,22.8,18.4,13.6,18.4,15.7,15.0,13.6,15.6,15.8,15.8,14.0,14.1,6.4,2.0,7.6,20.6,21.3,21.5,20.1,20.2,20.2,19.7,17.8,17.0,54.2,49.5,49.2,46.8,46.0,46.9,45.7,43.8,42.2
122.1,5.7,9.2,15.2,19.3,23.1,24.3,23.0,18.0,3.6,0.0,0.0,0.0,28.7,32.2,35.8,35.2,35.0,30.4,27.2,22.4,16.0,21.8,20.0,17.0,17.0,18.1,19.3,19.4,18.4,19.2,8.2,2.2,9.9,25.2,26.8,26.9,26.4,25.0,24.2,24.0,21.4,20.9,67.7,61.1,59.9,58.3,57.0,56.9,55.7,54.6,52.4
107.4,6.3,9.4,14.1,18.4,22.0,23.9,21.9,17.1,4.0,0.0,0.0,0.0,25.1,28.4,31.6,31.6,30.3,27.0,24.3,19.9,14.3,16.2,18.0,16.8,16.6,16.1,16.3,16.4,17.1,17.1,5.8,1.4,9.1,22.6,21.5,23.5,25.0,24.0,22.4,19.4,18.4,19.8,63.6,55.9,53.8,51.0,51.9,52.0,52.2,47.7,46.0
137.2,5.0,8.1,13.3,17.5,21.1,23.0,21.4,16.1,2.8,0.0,0.0,0.0,24.8,29.7,31.1,31.8,30.5,27.2,24.6,19.3,14.3,17.5,17.9,15.3,15.2,19.2,16.2,16.0,19.1,16.5,6.7,1.0,9.2,24.4,22.8,25.0,22.1,24.2,22.5,19.1,16.6,19.1,64.0,52.6,51.1,51.6,50.1,50.7,49.9,46.6,45.2
134.4,6.4,8.1,12.6,16.8,20.6,22.1,21.1,17.1,3.6,0.0,0.0,0.0,26.4,29.4,32.2,33.0,31.1,27.7,25.3,20.4,15.0,15.7,17.8,15.6,14.4,18.4,16.6,17.1,19.1,14.3,5.4,2.0,9.2,22.8,23.7,25.3,24.1,22.1,22.5,19.8,19.4,19.4,63.0,53.3,51.6,52.8,51.2,49.3,52.0,45.2,47.2
107.4,5.1,7.3,11.2,15.1,18.7,19.7,18.0,14.9,3.2,0.0,0.0,0.0,22.8,26.0,28.2,29.2,26.8,25.2,21.9,17.7,12.2,16.5,16.0,13.0,13.0,15.1,16.2,15.0,14.9,14.8,6.3,1.0,8.6,21.0,21.5,22.0,20.8,20.6,20.2,19.0,17.3,16.5,54.7,48.5,48.3,47.5,45.2,44.4,44.2,43.0,42.2
137.2,6.1,8.5,13.3,17.7,21.2,22.0,19.8,16.6,3.0,0.0,0.0,0.0,25.1,29.2,31.4,32.0,30.9,27.8,24.8,20.5,15.0,18.0,17.5,15.1,14.1,17.0,17.5,17.0,16.4,16.4,7.3,1.4,8.9,23.3,23.5,24.2,23.3,22.0,22.1,20.1,19.0,19.1,60.1,54.2,53.8,52.5,50.2,50.8,50.4,48.1,46.6
134.4,5.8,9.2,14.0,19.1,22.4,23.4,22.0,17.0,3.6,0.0,0.0,0.0,25.1,27.7,30.5,31.8,29.5,26.6,24.0,19.2,13.4,17.9,16.2,16.6,16.5,17.1,16.0,16.5,17.9,17.7,7.1,1.0,10.3,23.2,23.3,23.3,24.2,23.9,21.5,19.6,20.2,21.0,60.4,55.0,53.9,52.0,50.5,51.0,52.4,48.3,45.9
122.1,6.7,8.5,13.0,16.6,19.2,20.2,19.2,16.1,3.6,0.0,0.0,0.0,23.5,26.2,28.5,29.4,27.9,25.3,22.0,18.2,13.6,14.6,15.5,15.3,14.0,15.1,13.6,15.3,16.4,14.9,5.0,2.0,8.1,19.4,20.1,21.5,22.7,21.5,19.9,17.5,18.0,19.2,56.9,49.8,46.2,46.6,44.8,47.0,46.3,42.0,41.3
107.4,6.0,8.6,13.4,17.1,21.1,22.0,20.6,16.1,3.0,0.0,0.0,0.0,25.7,29.2,32.1,31.6,30.8,28.2,24.2,19.4,14.1,19.2,17.7,15.2,14.9,16.6,17.7,17.8,16.2,17.3,7.2,2.0,8.1,22.8,23.4,24.2,23.2,23.0,21.8,21.9,20.2,17.8,59.9,53.0,53.8,52.0,51.5,51.1,47.9,49.2,46.8
137.2,6.7,7.6,13.0,17.0,20.0,21.6,20.6,17.0,3.2,0.0,0.0,0.0,24.8,28.6,31.4,32.8,28.6,27.6,24.2,21.1,13.4,18.7,15.8,14.1,13.0,15.8,19.1,19.2,14.3,17.0,6.4,2.0,8.6,23.1,23.3,22.5,19.2,23.0,20.9,24.2,20.2,20.0,57.6,52.4,53.3,46.6,51.2,49.6,47.0,46.1,45.8
134.4,6.7,9.1,13.2,17.3,21.1,22.0,20.6,17.0,3.6,0.0,0.0,0.0,26.2,29.7,31.8,32.5,30.5,28.0,24.6,20.2,15.3,17.2,17.5,15.8,14.6,15.5,18.0,17.7,17.0,17.0,6.0,2.2,8.5,22.5,24.0,24.4,24.4,22.7,22.0,22.1,20.4,19.0,60.4,54.1,52.5,50.9,52.2,51.0,49.2,47.4,45.9
122.1,5.1,7.8,12.0,16.3,19.2,21.1,19.3,16.0,3.2,0.0,0.0,0.0,23.1,25.5,28.6,29.1,27.5,25.0,22.2,17.5,12.6,17.1,14.3,14.3,15.1,14.0,15.3,15.8,14.3,17.8,6.3,1.0,8.9,21.6,21.2,21.0,21.3,21.6,20.2,19.2,18.2,19.0,55.2,51.0,50.6,44.8,47.0,47.4,46.8,44.0,42.4
107.4,7.3,9.8,14.6,19.4,23.1,24.6,22.0,18.6,4.5,0.0,0.0,0.0,25.9,29.2,32.0,32.3,31.3,27.5,25.5,19.8,15.3,18.2,16.3,16.3,16.8,15.7,16.4,17.7,17.9,18.1,7.8,1.4,8.9,23.8,23.4,24.4,25.3,24.0,22.6,20.2,20.1,20.0,62.6,56.3,53.8,50.8,51.3,52.2,51.2,48.9,46.1
137.2,6.1,8.6,13.5,17.7,20.6,22.0,20.2,17.1,4.0,0.0,0.0,0.0,23.1,26.3,28.4,29.4,27.2,25.0,22.4,17.7,13.4,17.5,15.3,15.3,15.6,15.0,14.6,15.5,15.1,17.5,7.3,1.4,8.1,21.2,21.0,21.6,23.1,22.1,20.0,17.7,15.6,16.1,56.1,50.2,48.1,46.2,46.2,47.2,44.8,45.3,40.6
134.4,7.3,8.9,12.7,17.0,20.5,22.2,20.6,17.3,4.1,0.0,0.0,0.0,26.0,28.1,31.4,31.1,30.0,27.2,24.5,20.2,14.8,15.6,17.5,14.8,14.3,15.2,16.5,17.1,16.8,15.3,5.1,2.2,8.5,21.2,23.0,24.0,24.4,21.3,20.8,20.6,19.6,18.2,58.8,52.8,50.0,50.8,48.8,49.2,48.8,45.5,45.0
122.1,7.3,7.8,12.0,15.6,19.1,20.6,19.2,15.3,4.1,0.0,0.0,0.0,23.3,27.1,29.0,29.0,28.2,25.7,23.4,19.2,13.6,13.0,16.0,15.0,12.4,13.9,14.8,15.0,17.5,12.2,4.2,2.2,8.6,19.2,21.5,23.3,23.3,20.1,19.0,17.3,18.4,17.5,56.0,48.4,45.2,48.3,44.8,45.7,46.5,42.0,41.7
107.4,7.2,8.2,12.1,16.1,19.3,20.6,19.0,16.3,3.6,0.0,0.0,0.0,23.8,26.0,28.6,29.2,27.5,25.5,23.1,18.0,13.3,14.3,15.8,15.2,13.0,13.0,14.9,15.8,15.5,14.0,5.0,2.2,7.6,19.7,21.2,22.4,22.2,20.2,18.7,18.4,18.0,17.7,55.8,48.9,46.2,46.5,46.3,47.0,45.5,42.2,41.4
137.2,5.0,7.3,11.7,15.3,18.8,19.9,18.1,15.3,2.2,0.0,0.0,0.0,22.5,25.5,28.2,28.2,26.9,24.0,21.2,17.0,13.2,16.4,14.9,12.7,13.5,15.3,14.9,15.1,15.0,15.2,6.3,1.4,9.1,21.3,21.2,21.0,20.4,21.0,19.8,18.4,16.6,17.0,53.4,48.3,47.5,46.0,45.1,44.7,44.6,43.4,41.4
134.4,7.3,8.6,13.5,17.7,21.9,23.6,22.4,18.2,4.1,0.0,0.0,0.0,26.1,30.0,32.0,32.1,31.0,28.2,25.0,21.5,15.3,8.5,9.2,8.0,7.1,7.1,9.2,9.4,8.5,7.6,3.2,1.4,3.6,11.0,12.2,13.0,12.2,10.8,10.4,11.0,11.0,9.5,29.8,26.7,26.0,25.8,25.6,26.0,24.2,24.2,23.3
107.4,6.7,9.8,14.4,18.9,22.4,24.4,22.2,18.1,4.1,0.0,0.0,0.0,25.0,27.9,30.5,31.4,29.7,26.7,24.0,20.0,14.3,17.5,15.3,16.1,16.3,16.4,15.7,16.5,18.0,18.0,7.1,1.4,9.5,23.3,22.8,24.2,25.1,23.8,21.5,18.6,19.2,20.6,59.0,55.0,52.0,49.8,50.0,50.3,51.2,47.2,45.4
137.2,7.3,10.3,14.9,18.7,23.4,25.1,22.0,17.8,4.1,0.0,0.0,0.0,25.6,29.1,31.6,32.0,30.7,27.3,25.2,19.8,15.0,20.6,14.4,15.0,15.0,15.6,15.8,18.0,17.1,20.2,8.6,1.4,9.0,24.1,23.4,22.4,23.2,23.1,22.0,19.8,21.3,19.2,59.5,55.2,54.6,47.1,53.2,53.0,46.5,49.5,45.6
134.4,6.0,8.1,13.0,17.1,20.1,21.6,20.5,16.1,3.0,0.0,0.0,0.0,25.7,29.3,31.1,32.2,29.6,27.5,24.6,19.4,14.1,18.1,17.0,14.0,14.0,16.1,16.6,15.6,15.8,16.2,7.3,2.0,7.8,22.4,23.9,23.4,23.3,22.8,23.0,21.2,18.0,16.6,59.1,53.1,51.6,50.9,49.9,49.6,48.1,47.5,45.2
122.1,5.0,7.3,12.1,15.2,18.0,20.4,18.0,14.6,2.8,0.0,0.0,0.0,22.0,25.0,28.0,27.8,26.6,24.2,21.8,17.3,12.0,18.4,13.9,12.5,13.0,14.6,14.1,14.0,15.5,15.3,8.2,1.4,8.2,21.0,21.1,20.2,21.0,19.8,19.4,18.8,18.4,16.5,51.1,47.8,48.0,44.9,43.9,44.2,43.6,44.3,40.0
107.4,5.7,8.1,12.6,16.8,19.4,21.1,19.1,15.2,3.6,0.0,0.0,0.0,22.5,24.2,27.0,27.0,26.6,23.7,21.2,17.3,13.0,14.4,14.8,13.6,13.4,14.9,14.1,14.0,16.8,15.0,6.1,1.0,9.2,20.1,19.1,20.2,21.9,20.5,19.4,17.0,17.1,19.6,54.2,48.8,46.0,45.1,44.3,44.8,45.8,42.0,41.1
137.2,6.1,9.9,13.0,17.2,20.5,22.7,20.6,15.5,3.0,0.0,0.0,0.0,25.2,28.0,30.0,30.0,30.1,26.2,24.4,17.9,15.0,19.8,15.6,14.9,15.6,15.3,16.1,16.0,13.3,18.9,8.2,1.0,9.1,24.1,23.1,23.0,23.8,23.7,21.2,20.2,16.1,17.1,59.5,52.8,52.4,49.2,50.0,49.9,47.4,48.8,45.0
134.4,7.3,8.9,12.6,16.8,19.7,21.1,19.8,15.8,4.1,0.0,0.0,0.0,23.3,25.3,28.5,27.5,27.3,24.2,22.0,17.7,13.9,16.0,14.1,13.3,13.2,15.7,13.6,15.8,16.8,16.0,7.1,1.0,7.8,21.2,20.6,22.6,22.0,21.8,19.2,17.5,17.5,16.1,55.1,49.2,47.4,43.6,45.7,46.2,45.6,41.6,40.0
107.4,6.4,10.0,15.1,19.2,22.0,24.1,21.8,17.5,3.6,0.0,0.0,0.0,25.5,28.4,31.4,31.4,29.7,27.7,24.7,19.7,14.3,18.0,15.5,15.5,15.3,17.0,16.3,17.1,17.5,18.6,7.3,1.0,10.8,24.1,23.8,24.2,24.0,24.2,21.6,20.1,20.0,20.1,59.8,55.1,54.4,50.6,50.3,51.0,51.0,49.0,45.9
137.2,6.7,7.1,12.0,15.0,19.0,20.2,18.0,15.0,3.2,0.0,0.0,0.0,23.4,26.9,29.0,29.0,27.6,25.0,22.8,18.4,14.3,16.6,16.1,13.6,12.1,12.6,15.0,16.5,13.0,15.6,7.0,2.2,6.3,20.2,21.0,22.5,20.6,20.5,19.2,19.3,16.1,15.0,53.2,47.3,47.2,44.6,45.5,45.5,42.1,43.6,40.0
134.4,6.3,8.5,14.3,18.2,21.8,22.8,21.6,17.0,3.6,0.0,0.0,0.0,24.6,28.8,30.7,31.0,29.5,26.9,24.1,19.8,13.9,18.2,15.0,14.0,15.0,16.3,15.8,16.1,17.7,17.9,7.6,1.4,9.9,24.2,23.7,24.1,23.9,24.0,22.0,20.1,19.4,19.0,59.8,54.8,53.2,50.3,49.8,51.5,51.2,49.0,45.8
122.1,5.8,8.1,11.3,14.9,18.4,19.7,18.0,15.0,3.2,0.0,0.0,0.0,24.2,26.7,28.9,28.9,28.3,25.0,22.2,18.4,13.9,14.0,15.3,13.2,12.0,15.8,14.8,15.0,15.7,13.0,5.0,2.0,8.6,20.9,21.4,23.0,21.5,21.1,21.1,18.0,17.5,17.0,55.1,47.5,46.2,47.0,45.2,43.9,46.5,41.1,42.6
107.4,6.7,9.8,14.4,18.9,22.0,23.8,22.4,18.0,4.1,0.0,0.0,0.0,25.0,28.2,30.5,31.4,29.4,26.5,24.0,20.1,14.6,14.8,15.3,15.2,14.4,17.0,14.9,15.2,19.1,16.3,6.3,1.4,10.0,22.0,22.5,23.4,26.0,23.4,22.0,18.6,19.8,20.0,61.8,54.8,51.1,52.2,49.0,50.8,52.0,47.4,45.7
137.2,6.7,8.5,13.0,16.1,19.2,20.2,19.2,15.1,3.6,0.0,0.0,0.0,23.5,25.6,27.9,27.9,27.2,24.5,22.0,18.1,13.3,13.0,16.6,13.9,12.2,13.0,14.2,15.2,16.1,14.1,4.5,2.2,7.6,20.1,20.5,22.8,22.1,20.2,19.0,18.4,17.7,17.7,53.9,46.8,44.4,43.1,44.6,44.6,43.9,39.6,39.8
134.4,6.1,7.8,12.5,17.0,20.2,22.0,20.0,16.2,3.0,0.0,0.0,0.0,26.5,29.1,32.0,32.1,30.3,27.9,25.1,19.7,14.9,18.4,17.0,15.3,13.9,14.4,16.4,16.6,14.1,17.1,7.1,2.0,8.2,23.4,24.2,24.5,24.1,23.8,22.0,22.0,18.4,16.6,59.5,53.0,52.2,51.2,50.2,50.6,47.9,48.8,45.6
107.4,6.4,10.0,14.3,18.4,22.2,24.0,21.6,17.0,3.6,0.0,0.0,0.0,24.4,27.7,30.4,31.1,29.8,26.1,24.2,18.7,15.0,15.6,15.6,14.9,14.2,15.3,15.2,15.3,18.0,17.5,7.1,1.4,10.0,22.6,22.4,23.5,25.1,23.3,21.4,19.8,20.0,20.6,59.1,54.6,52.6,50.0,49.8,51.0,50.9,47.4,45.4
137.2,6.1,8.6,13.0,16.6,18.9,20.6,19.1,14.3,3.2,0.0,0.0,0.0,22.6,25.2,27.3,27.1,27.3,23.8,20.1,17.2,12.7,15.5,12.5,11.7,12.5,14.2,14.2,14.2,16.2,13.0,6.7,1.0,9.4,21.2,21.6,20.5,21.9,21.0,19.6,17.7,19.7,17.8,51.5,46.4,45.3,48.8,42.4,44.0,42.7,45.8,40.2
134.4,6.3,9.8,14.4,18.9,22.4,23.4,22.2,17.1,4.1,0.0,0.0,0.0,24.4,28.6,30.4,30.9,29.2,26.7,24.1,19.0,14.6,16.3,15.6,14.1,14.9,15.3,15.2,16.5,18.0,17.1,7.3,1.0,10.0,23.6,23.1,23.0,24.5,23.3,21.2,19.2,19.7,20.6,60.0,54.6,52.6,50.0,49.6,51.1,51.0,47.5,45.1
107.4,5.4,7.6,12.8,16.4,18.9,19.7,18.4,15.0,2.2,0.0,0.0,0.0,22.5,25.5,28.2,28.2,26.0,23.8,21.1,18.0,12.4,15.1,15.0,13.0,12.0,14.0,15.2,15.0,14.1,15.7,6.3,2.0,8.5,21.2,22.0,21.9,21.9,20.4,20.0,19.4,17.1,16.6,53.2,47.4,47.0,46.8,44.7,44.9,45.1,43.2,41.3
137.2,6.0,8.5,13.0,17.5,21.1,22.7,20.8,17.1,4.0,0.0,0.0,0.0,25.5,29.1,31.0,31.1,30.3,26.9,24.7,19.7,14.2,16.1,17.1,15.5,14.1,16.1,17.0,18.8,17.0,15.3,5.4,2.2,9.2,22.8,24.2,24.7,23.9,21.9,21.1,21.2,21.2,19.0,57.7,51.0,50.0,49.7,48.9,49.1,48.5,45.0,44.4
134.4,6.3,8.9,13.3,16.5,19.9,21.0,20.0,16.4,4.1,0.0,0.0,0.0,22.8,26.0,27.9,27.9,26.4,23.9,21.3,17.8,13.0,13.0,15.1,14.1,13.0,14.1,13.3,14.8,16.3,15.2,5.7,2.0,8.5,20.0,20.6,22.5,22.8,20.9,19.2,18.0,18.1,19.0,54.3,48.8,46.1,45.0,44.0,45.2,46.1,41.2,40.3
122.1,5.8,8.1,13.0,17.0,20.0,22.4,20.2,16.4,2.2,0.0,0.0,0.0,25.8,29.2,31.8,31.4,30.2,27.7,24.1,19.4,13.9,17.7,15.0,13.0,14.0,16.1,17.3,17.0,17.0,16.1,7.3,1.4,9.4,24.0,24.0,24.4,22.0,23.3,23.2,22.0,20.2,18.4,57.7,52.0,51.3,50.6,49.0,50.1,48.1,48.4,44.8
107.4,6.3,8.5,13.0,17.0,20.4,21.2,19.7,16.3,3.2,0.0,0.0,0.0,25.1,28.2,31.4,31.4,29.1,27.5,23.3,19.2,13.9,16.3,16.4,13.5,14.2,16.1,16.8,16.0,16.3,17.0,7.1,1.4,10.0,23.4,23.4,23.0,23.8,23.3,21.9,20.2,19.2,19.7,58.1,52.0,51.8,51.1,48.1,48.9,49.7,47.2,45.0
137.2,5.1,7.8,12.8,16.3,19.1,20.0,18.4,15.1,3.0,0.0,0.0,0.0,22.2,24.7,27.9,27.9,26.5,23.1,21.1,17.5,12.1,16.2,13.9,12.5,13.0,14.9,15.3,14.9,15.1,15.3,6.7,1.0,8.9,20.6,21.2,20.6,21.4,21.1,20.2,18.0,17.2,17.0,51.3,46.7,46.6,44.6,43.0,43.9,44.4,41.9,40.5
134.4,5.4,8.5,13.2,17.1,19.4,20.2,18.9,14.9,2.8,0.0,0.0,0.0,21.9,25.0,26.9,27.2,26.0,23.7,21.4,17.0,13.0,13.6,13.0,12.8,13.9,13.9,13.3,14.0,15.3,15.3,6.0,1.0,9.2,21.0,20.2,21.2,22.5,21.9,19.4,17.0,17.1,17.5,53.1,47.8,46.1,44.6,42.7,44.7,45.8,42.1,40.0
122.1,7.8,9.2,14.3,17.9,21.5,22.6,21.0,17.5,3.6,0.0,0.0,0.0,25.6,28.2,31.4,30.9,29.5,27.5,24.3,20.0,15.3,17.3,15.1,15.0,15.0,14.3,14.9,17.0,16.3,18.0,6.7,2.0,8.6,23.1,22.6,24.2,24.8,23.3,21.2,20.0,20.0,19.0,58.7,53.0,51.0,47.8,49.7,51.1,48.3,46.3,44.1
107.4,6.4,9.0,12.6,16.8,20.4,22.0,20.2,16.6,3.6,0.0,0.0,0.0,26.1,29.2,31.2,32.0,30.8,27.3,24.7,20.4,15.0,17.0,16.2,14.3,13.2,14.1,16.1,17.5,16.3,15.3,6.1,2.2,8.1,22.8,24.2,24.7,24.7,22.7,21.1,21.2,19.2,18.0,59.1,52.0,50.8,49.7,49.7,49.6,47.8,46.0,45.3
137.2,5.8,8.2,14.0,18.0,21.1,21.8,20.6,16.3,3.2,0.0,0.0,0.0,25.9,29.2,32.0,32.0,30.0,27.2,24.1,19.8,13.9,16.0,17.1,14.1,14.1,16.3,17.5,16.3,17.5,14.9,6.4,2.2,10.6,23.1,24.2,24.8,24.7,23.8,23.2,22.2,19.9,19.7,58.0,50.2,50.8,51.6,48.8,47.5,49.1,45.9,46.2
134.4,6.3,8.6,12.7,17.0,20.5,21.6,20.2,16.0,3.2,0.0,0.0,0.0,25.3,28.9,31.0,31.0,30.6,27.1,24.1,19.4,14.3,17.0,16.4,14.9,14.1,14.9,17.0,17.3,16.1,16.2,6.3,2.0,8.9,22.8,24.2,24.4,24.0,22.8,22.4,21.4,19.8,18.0,57.3,50.2,51.1,49.6,49.3,48.8,47.5,46.3,44.9
122.1,7.3,10.8,17.7,22.6,27.0,28.7,26.2,21.0,4.1,0.0,0.0,0.0,31.6,35.4,39.2,38.9,37.1,33.2,30.0,24.3,17.1,10.8,9.4,8.9,9.4,11.3,10.3,10.2,11.0,10.4,5.4,0.0,7.1,15.1,15.3,14.9,15.2,15.0,15.3,12.5,12.2,12.0,35.4,33.2,32.2,32.0,30.0,31.0,31.4,29.7,28.4
107.4,5.4,9.4,14.1,17.7,21.4,22.8,19.9,17.0,3.2,0.0,0.0,0.0,25.3,28.6,31.3,31.8,29.7,26.7,24.0,19.1,13.3,19.7,14.9,14.1,15.6,15.6,17.5,17.5,15.1,19.3,7.6,1.0,9.5,24.4,23.9,22.8,23.0,23.8,21.6,21.9,19.1,19.4,55.6,52.8,52.8,47.4,50.1,49.8,47.0,48.5,44.9
137.2,6.4,9.0,14.3,18.2,22.1,23.0,21.6,18.4,4.2,0.0,0.0,0.0,25.5,29.1,31.2,31.2,29.7,26.4,24.2,20.2,14.3,16.1,16.6,16.2,16.3,16.0,17.0,18.0,17.8,17.5,6.7,2.0,9.2,23.3,23.3,25.3,25.1,23.3,21.1,20.6,20.6,20.0,58.7,53.0,50.0,49.2,49.8,50.2,48.8,46.1,44.4
134.4,5.4,7.8,12.0,14.9,18.4,20.2,18.4,15.0,3.2,0.0,0.0,0.0,23.3,26.9,29.1,29.4,27.7,25.1,22.1,18.4,13.0,16.4,14.2,13.4,11.4,14.8,15.8,17.0,13.3,15.8,6.3,2.0,6.7,22.0,22.0,22.4,20.1,21.8,20.0,20.5,17.5,15.2,51.9,46.5,46.1,43.1,45.2,44.7,40.5,42.7,40.0
122.1,5.4,7.8,12.7,16.3,19.2,19.7,18.0,15.0,3.2,0.0,0.0,0.0,23.1,25.5,28.2,27.7,26.9,23.8,21.0,17.1,12.4,14.2,16.1,12.5,11.7,13.9,15.1,15.3,14.6,16.4,5.1,1.4,10.0,22.0,22.1,22.0,20.9,20.6,20.5,18.9,18.4,19.6,50.4,46.3,46.1,46.7,41.7,43.2,43.6,42.2,40.4
107.4,6.3,8.2,13.0,17.0,21.2,23.1,20.6,17.0,4.1,0.0,0.0,0.0,26.9,30.0,31.8,32.7,30.9,28.0,24.8,20.0,14.8,15.5,18.2,15.1,14.0,16.0,16.5,17.2,17.8,16.2,5.0,2.2,8.5,23.4,24.0,26.4,24.1,23.3,22.5,21.4,20.1,21.2,60.4,52.0,49.4,51.6,48.6,49.2,49.1,44.6,44.9
137.2,7.3,9.5,14.1,18.2,22.6,22.5,22.0,17.7,4.5,0.0,0.0,0.0,25.1,28.2,30.5,31.4,29.1,26.9,22.6,20.0,14.3,16.2,14.4,14.4,15.0,16.3,16.3,17.9,18.4,16.5,7.6,1.4,9.8,22.8,22.7,24.2,23.5,23.1,21.5,20.1,21.6,19.8,56.0,53.0,51.0,47.1,48.4,49.6,49.7,45.3,43.5
134.4,6.0,9.9,14.4,18.6,21.3,22.7,21.5,17.5,4.0,0.0,0.0,0.0,25.0,27.2,30.4,30.3,29.1,26.0,23.5,19.3,13.9,14.0,16.1,16.0,15.3,17.5,15.3,16.4,19.3,16.0,5.8,2.2,9.9,22.0,22.5,24.2,24.4,23.8,21.0,19.1,19.0,20.6,59.0,51.5,47.5,48.6,47.5,48.5,51.0,43.0,44.7
122.1,5.1,8.1,13.0,16.6,19.7,19.8,19.2,15.2,3.0,0.0,0.0,0.0,22.2,25.0,28.0,28.0,26.1,23.3,21.2,17.0,11.4,16.0,14.0,13.0,14.1,16.2,14.4,14.9,16.1,16.3,7.1,1.0,8.6,21.0,21.2,20.8,22.0,21.5,20.0,18.1,17.3,16.8,51.1,47.2,46.6,44.0,43.4,44.7,43.4,42.1,40.4
107.4,6.3,11.4,17.0,22.0,26.2,27.2,25.1,20.5,4.1,0.0,0.0,0.0,32.2,36.4,38.9,39.6,37.6,34.1,29.8,24.1,17.5,11.4,10.8,8.9,8.9,10.4,11.0,10.4,9.8,10.6,5.0,1.0,6.1,15.2,15.0,14.6,14.8,14.9,14.4,12.6,11.2,11.2,35.5,32.4,32.1,31.6,30.5,30.4,30.4,29.3,28.6
137.2,5.4,7.8,12.0,15.6,18.4,20.0,17.9,14.0,3.2,0.0,0.0,0.0,24.0,26.9,28.5,28.6,28.8,25.3,22.0,17.3,13.3,15.7,15.8,13.3,12.4,14.3,16.0,16.8,15.6,14.4,6.1,2.2,7.6,20.6,21.1,22.8,21.9,20.8,19.7,19.9,18.0,16.1,52.6,46.0,46.1,44.3,45.6,44.7,41.4,42.0,40.2
134.4,8.6,10.0,15.8,21.6,24.7,28.2,25.2,21.5,4.5,0.0,0.0,0.0,31.8,36.8,39.1,41.4,35.4,34.4,31.3,25.6,18.4,9.2,10.3,8.9,8.1,10.3,10.4,11.2,11.2,8.6,3.0,1.4,5.1,14.4,15.3,16.3,15.7,14.2,14.2,13.4,12.2,11.2,35.8,31.6,31.0,31.4,30.9,29.8,31.4,26.7,29.0
137.2,6.0,7.8,12.1,15.2,18.9,19.8,18.6,14.9,3.2,0.0,0.0,0.0,23.5,27.2,29.1,29.2,28.3,25.7,22.8,18.9,13.5,14.1,15.8,12.6,11.7,14.3,15.0,15.3,14.6,14.0,5.0,2.0,8.5,22.1,21.1,22.0,20.6,21.2,21.1,18.7,17.5,17.5,53.5,46.3,46.0,46.6,44.1,45.0,44.9,41.4,41.0
134.4,6.4,9.0,15.3,18.2,22.0,22.1,21.8,16.6,4.2,0.0,0.0,0.0,25.5,27.8,30.5,29.2,31.9,26.2,22.0,19.3,15.3,17.5,15.0,13.0,15.0,16.3,16.2,16.4,17.8,17.1,8.1,1.0,9.8,24.0,24.1,24.7,25.0,25.2,22.6,20.1,19.0,19.2,58.2,53.2,52.4,49.0,50.0,50.0,49.0,47.1,45.5
107.4,5.0,7.3,12.5,15.7,18.4,19.6,18.0,14.6,2.2,0.0,0.0,0.0,23.3,25.6,28.4,28.4,27.5,25.1,22.1,17.3,13.0,17.0,13.6,11.7,13.4,13.0,16.1,15.0,13.2,17.2,7.1,1.0,9.1,22.0,22.1,21.0,20.9,21.6,20.5,19.7,17.0,17.7,50.9,47.2,47.4,45.5,43.5,44.8,42.8,44.3,41.3
137.2,6.4,7.3,11.7,15.7,18.8,20.6,19.0,14.6,2.8,0.0,0.0,0.0,24.2,27.8,29.2,30.2,28.7,25.6,23.3,19.1,14.0,16.1,14.9,14.3,13.0,14.4,16.3,15.2,14.3,15.0,5.8,2.0,8.5,22.2,22.5,22.0,22.5,21.0,21.2,19.3,18.4,17.8,53.0,47.2,47.6,46.5,44.7,45.2,45.2,42.4,42.1
134.4,6.3,8.2,13.0,17.0,21.0,22.4,20.6,17.0,3.2,0.0,0.0,0.0,26.2,29.4,31.9,32.4,31.4,28.3,25.0,20.6,14.9,15.0,16.5,15.8,14.6,15.7,15.8,18.0,18.7,16.0,5.7,2.2,8.5,23.3,24.2,26.2,24.7,23.2,21.2,20.9,19.7,17.8,59.8,52.4,50.2,48.9,51.2,50.0,49.0,44.8,45.8
137.2,7.0,9.2,13.4,17.9,21.1,22.7,20.8,16.8,4.0,0.0,0.0,0.0,26.0,29.3,32.2,32.2,30.6,28.2,25.5,21.6,16.3,17.0,16.0,15.5,14.9,13.9,16.6,18.4,15.7,17.1,6.4,2.8,8.5,23.1,24.2,24.8,23.3,22.2,20.0,21.2,19.9,18.0,57.0,51.9,51.2,49.8,50.2,51.2,47.5,48.3,44.7
134.4,6.4,10.0,15.1,19.1,22.0,23.2,21.2,17.2,3.6,0.0,0.0,0.0,25.5,28.0,31.1,31.1,29.2,26.9,24.4,20.1,14.6,16.1,15.7,14.8,15.8,16.3,16.0,15.8,17.5,18.4,7.3,1.0,10.0,23.9,23.5,24.1,25.1,24.1,21.6,19.7,19.9,20.1,58.2,53.5,51.4,49.4,48.8,49.7,50.0,48.0,44.9
107.4,6.3,9.8,14.4,18.6,22.8,23.8,21.4,17.1,4.1,0.0,0.0,0.0,24.7,28.2,30.9,30.9,29.5,26.2,23.2,20.0,14.3,15.6,15.8,15.6,15.0,17.1,15.3,16.1,19.3,16.4,7.1,1.4,10.0,23.3,23.4,25.1,26.7,25.2,21.9,19.4,18.8,20.2,59.4,52.9,51.1,49.6,48.8,49.2,51.1,45.7,45.3
137.2,5.4,7.8,12.0,15.6,19.1,20.2,18.4,15.0,3.2,0.0,0.0,0.0,23.3,26.9,29.1,29.1,27.7,25.2,23.0,18.4,13.0,14.8,15.6,13.5,12.0,15.0,15.2,16.0,15.3,14.3,5.4,2.0,8.5,21.5,22.8,23.1,22.0,20.9,20.6,19.8,17.8,17.5,52.7,46.6,46.5,45.1,44.9,43.8,43.9,41.1,41.3
134.4,5.0,8.5,13.9,18.4,21.5,22.6,20.0,16.5,2.8,0.0,0.0,0.0,25.8,29.1,31.9,31.9,29.4,27.3,24.4,19.4,14.0,17.0,16.6,14.4,14.4,16.6,17.3,17.0,16.8,17.5,7.1,1.4,10.0,23.9,24.5,24.2,24.4,23.6,22.8,21.5,19.3,19.0,58.1,52.2,51.2,50.6,49.2,49.2,48.8,46.8,46.0
122.1,5.8,8.5,13.9,17.5,19.7,21.8,20.1,16.3,3.2,0.0,0.0,0.0,21.9,25.6,27.5,27.5,25.9,23.4,21.4,17.0,13.2,15.7,13.9,14.4,14.2,14.4,13.9,15.5,15.3,16.1,7.1,1.4,8.1,20.2,20.6,21.6,23.5,22.2,19.7,17.5,17.0,16.4,52.4,48.3,45.7,43.3,43.3,45.3,44.6,43.4,39.0
107.4,7.1,9.2,13.4,18.4,21.6,22.7,21.4,18.0,4.0,0.0,0.0,0.0,26.3,29.0,32.0,32.0,31.1,27.7,24.7,21.1,14.9,16.1,16.5,16.2,14.8,15.3,17.0,18.9,17.7,17.0,5.8,2.2,9.2,23.3,24.2,24.8,24.4,22.1,21.2,20.9,20.6,19.2,58.9,52.2,50.3,49.2,50.7,50.0,49.4,45.5,44.9
137.2,6.4,8.1,12.4,15.8,19.4,20.0,18.4,15.7,3.6,0.0,0.0,0.0,23.6,26.9,29.0,29.7,27.8,25.2,23.3,19.0,13.2,14.3,15.8,13.9,12.6,16.1,14.9,14.9,16.0,14.1,5.0,2.0,8.6,22.0,22.0,22.7,22.4,22.6,21.1,18.0,17.2,15.0,53.2,46.2,44.8,44.8,44.7,44.2,44.8,39.7,42.0
134.4,7.0,9.2,13.4,18.4,21.6,23.3,20.8,17.7,4.0,0.0,0.0,0.0,25.5,29.1,32.1,33.0,30.1,27.9,26.0,21.1,15.0,8.1,8.1,8.5,7.2,8.6,8.1,10.0,10.4,8.6,3.2,1.4,3.2,11.2,12.0,13.0,12.0,11.0,10.3,10.0,10.6,8.1,29.7,26.1,25.3,23.1,26.1,25.5,24.8,22.8,22.2
122.1,6.7,8.9,12.8,16.4,19.7,20.6,19.4,16.0,3.6,0.0,0.0,0.0,23.5,26.6,29.2,28.8,26.9,25.3,23.0,19.2,13.6,16.8,12.4,14.0,14.0,13.6,14.9,16.6,16.4,16.3,7.2,2.0,8.1,20.9,22.0,22.1,22.0,21.1,18.4,18.2,19.0,16.5,51.2,47.7,46.5,43.3,45.0,46.5,42.0,43.0,38.3
107.4,6.4,8.2,12.5,16.1,19.3,20.6,19.0,15.3,3.6,0.0,0.0,0.0,23.8,26.4,28.7,27.8,27.7,24.7,22.4,18.0,14.1,14.2,14.9,14.2,13.0,13.4,14.9,16.0,15.5,15.0,5.0,2.2,8.2,20.8,20.8,22.8,23.1,21.0,18.6,18.4,18.6,17.5,52.6,47.0,44.7,44.0,44.6,45.5,44.2,41.1,40.0
137.2,5.0,7.3,11.7,15.3,18.8,19.9,18.1,14.3,2.8,0.0,0.0,0.0,23.7,26.1,28.8,28.8,27.8,24.7,22.6,18.1,13.0,15.0,15.1,13.2,12.4,14.9,15.8,15.0,15.7,14.3,5.7,1.4,8.6,21.0,22.5,22.0,21.6,19.9,20.1,19.2,16.8,16.6,51.0,45.6,44.8,45.0,43.5,43.4,43.7,41.2,41.1
134.4,6.0,7.8,12.5,16.1,18.9,19.8,18.6,15.8,4.0,0.0,0.0,0.0,23.2,26.0,28.0,29.0,27.1,24.7,21.5,18.4,12.8,13.0,15.0,14.9,13.6,12.8,14.8,16.3,15.1,14.3,5.0,2.2,8.1,20.0,21.1,21.6,22.1,19.7,18.9,18.4,18.6,17.9,51.9,46.5,44.0,44.3,43.4,44.3,43.8,39.8,39.6
137.2,6.1,8.9,13.6,17.7,21.5,22.8,21.3,17.5,4.1,0.0,0.0,0.0,26.2,29.6,32.4,32.6,31.0,28.2,25.6,20.6,14.9,16.3,18.0,17.0,14.3,14.0,17.0,18.6,15.6,18.8,5.8,2.8,8.5,23.2,24.6,25.5,26.4,22.4,21.1,21.2,19.0,20.1,57.0,51.3,51.4,48.1,49.4,49.3,50.1,45.5,45.8
134.4,8.9,11.2,17.8,23.0,27.5,29.1,26.9,23.2,4.5,0.0,0.0,0.0,32.6,37.2,40.7,42.1,37.2,34.7,31.1,27.1,18.4,10.0,11.2,9.8,8.2,10.4,11.0,11.7,10.8,9.9,3.2,2.2,6.1,14.4,16.3,16.3,16.1,13.5,13.6,13.9,13.2,12.0,37.2,32.1,31.1,32.9,30.8,31.2,32.0,28.0,28.9
107.4,6.4,9.0,13.3,16.5,20.2,21.0,19.2,16.6,4.2,0.0,0.0,0.0,24.1,25.5,29.1,28.3,27.6,25.0,22.4,18.0,14.1,15.2,15.2,14.6,13.3,13.0,14.1,16.8,15.0,17.5,6.3,2.0,7.6,20.9,21.0,23.4,22.8,22.2,19.3,18.7,17.1,17.0,53.7,48.0,46.6,43.8,44.7,46.3,42.7,42.0,39.4
137.2,5.8,9.1,14.0,18.0,21.2,22.8,20.1,15.6,3.6,0.0,0.0,0.0,24.4,27.3,30.0,29.5,29.7,25.8,23.3,18.0,13.9,18.0,14.3,13.6,14.6,15.3,15.6,16.6,16.2,18.0,8.5,1.0,10.0,23.0,23.8,23.4,23.0,23.8,21.1,20.6,19.0,17.5,54.2,50.6,52.3,46.6,49.0,49.0,45.2,47.8,43.9
134.4,6.3,8.2,13.0,17.0,21.0,22.6,21.0,16.3,4.1,0.0,0.0,0.0,26.2,29.4,31.9,32.4,30.6,28.3,25.0,20.6,14.9,15.7,16.2,15.3,14.1,15.0,17.1,17.9,17.0,16.1,6.3,2.2,9.2,23.7,24.1,25.0,23.9,22.7,21.5,20.9,20.0,18.0,58.6,52.0,50.2,50.1,50.3,50.2,49.2,46.2,45.2
122.1,7.3,9.8,14.3,18.4,21.8,23.3,21.4,17.8,4.1,0.0,0.0,0.0,24.6,28.8,30.4,31.6,29.2,26.9,24.2,20.5,14.4,15.2,15.7,15.2,15.3,15.6,15.0,16.2,18.2,17.3,6.3,1.4,9.8,22.8,22.6,23.7,25.3,24.5,21.5,18.9,19.2,20.5,58.2,52.3,50.2,49.3,48.2,49.8,49.7,46.1,44.4
107.4,6.3,8.1,12.7,16.3,19.1,20.8,18.4,16.1,4.1,0.0,0.0,0.0,23.1,26.5,28.9,28.6,27.2,25.0,22.2,18.7,14.8,15.3,12.8,13.5,12.8,13.4,13.9,16.5,16.0,14.8,6.3,2.2,8.0,20.5,21.5,22.4,21.4,20.1,18.4,18.4,20.0,16.6,51.9,46.1,44.3,44.1,43.6,45.2,41.9,42.2,38.6
137.2,4.5,8.2,13.0,17.1,19.2,20.9,19.2,14.9,2.8,0.0,0.0,0.0,21.9,25.3,27.2,27.9,25.3,23.3,21.3,17.0,12.2,13.6,15.5,13.9,13.2,15.0,14.3,14.3,15.8,15.8,5.0,1.0,8.9,21.8,20.2,20.6,21.4,21.6,20.2,17.5,17.0,19.0,52.9,47.2,44.6,44.8,41.7,43.8,46.1,40.3,39.4
134.4,6.7,8.9,13.6,17.8,20.8,22.4,20.4,17.0,4.5,0.0,0.0,0.0,25.3,28.6,30.9,31.8,29.2,26.7,25.1,20.0,14.3,14.9,15.8,15.8,15.3,16.1,16.0,16.8,18.0,17.2,5.4,2.0,9.4,22.2,22.4,24.2,25.5,23.3,20.9,19.4,19.0,19.2,57.9,52.2,49.0,48.3,48.3,48.8,48.8,45.0,43.3
137.2,5.4,8.1,13.0,17.0,21.0,21.4,20.2,16.4,3.2,0.0,0.0,0.0,25.2,29.5,32.2,32.6,30.5,27.0,24.1,20.8,14.3,17.1,17.5,14.4,13.6,16.4,17.8,17.5,16.1,17.1,5.8,2.0,9.5,23.9,25.0,25.0,24.0,22.8,21.9,21.6,19.8,17.8,58.6,51.9,51.0,51.0,49.0,49.2,48.4,47.4,45.7
134.4,5.8,7.0,11.4,15.5,18.2,20.0,18.4,14.8,3.6,0.0,0.0,0.0,24.2,26.9,29.0,29.7,27.7,25.2,23.3,19.0,14.1,15.0,14.8,13.9,12.6,14.6,16.0,16.8,15.8,15.0,6.1,2.2,8.1,20.8,22.6,23.2,21.5,19.8,19.2,18.8,17.5,16.0,52.5,47.3,46.3,44.9,45.2,45.0,43.7,42.0,41.1
122.1,8.0,11.7,17.1,22.8,27.3,28.6,25.5,20.6,4.1,0.0,0.0,0.0,31.8,36.2,39.1,39.1,37.5,34.2,30.9,24.7,17.7,11.2,9.5,8.5,9.5,10.8,10.6,9.8,10.2,11.0,5.0,0.0,6.4,15.3,14.4,14.9,15.2,15.1,14.3,13.0,11.7,10.8,34.7,33.0,33.4,30.5,30.4,31.1,31.4,30.4,28.2
107.4,5.4,8.1,13.0,17.0,21.1,22.6,19.7,16.3,3.2,0.0,0.0,0.0,25.8,29.5,31.8,30.9,31.1,27.8,24.1,19.4,14.3,17.0,15.8,14.4,14.4,16.2,17.3,17.1,17.1,17.2,7.0,1.4,10.0,24.1,24.0,24.0,24.0,23.9,22.6,19.7,18.8,19.0,57.3,52.2,51.1,50.8,48.8,49.0,49.4,47.3,46.4
137.2,6.1,8.1,12.6,16.8,19.7,21.1,19.1,15.8,4.1,0.0,0.0,0.0,23.4,25.7,28.4,28.6,27.2,24.2,22.5,18.4,13.5,15.0,14.0,14.1,14.6,14.3,14.4,15.6,17.0,16.1,6.4,1.4,8.6,20.6,21.1,21.9,22.8,21.1,19.2,17.5,18.0,17.5,54.1,48.4,46.7,44.4,44.8,46.4,44.9,42.2,39.7
134.4,7.1,8.9,13.3,17.5,20.9,21.9,20.0,16.4,4.1,0.0,0.0,0.0,25.5,28.8,30.7,31.0,30.5,27.8,24.8,20.5,15.3,16.5,14.9,15.3,13.9,13.9,17.0,18.0,14.9,17.1,6.4,2.2,8.1,21.9,22.6,23.3,22.2,22.0,19.9,21.0,18.6,17.7,55.7,51.9,50.8,45.7,50.0,49.5,46.1,46.0,43.4
107.4,6.0,8.6,14.3,18.4,22.0,22.8,20.6,16.6,3.2,0.0,0.0,0.0,24.7,28.2,31.1,31.1,30.6,26.9,24.2,20.2,14.1,16.1,16.0,14.0,15.0,16.3,16.2,15.8,17.0,17.5,7.2,1.4,9.9,23.1,22.8,23.4,24.4,24.0,22.1,19.1,19.2,19.9,58.5,53.5,52.5,50.2,49.1,50.0,51.0,48.1,45.8
137.2,5.8,8.5,13.6,18.4,21.6,22.8,21.2,17.0,3.6,0.0,0.0,0.0,26.2,30.9,32.8,34.0,31.0,28.9,26.3,21.0,15.3,15.3,18.0,15.8,12.6,17.5,17.0,16.1,16.8,16.3,5.0,2.0,9.4,24.0,24.1,25.1,25.0,24.0,24.3,20.6,19.4,20.0,61.4,52.8,51.7,52.8,49.5,49.1,52.5,45.8,48.4
134.4,6.3,8.1,13.0,17.1,21.0,22.2,20.2,16.4,3.6,0.0,0.0,0.0,26.2,29.4,31.1,32.4,30.6,28.3,25.0,20.6,14.9,16.6,17.2,15.0,14.1,16.3,17.0,17.3,17.0,15.8,5.4,2.0,9.5,23.3,25.0,25.0,24.0,21.8,21.5,20.6,19.8,18.6,57.8,51.3,49.8,50.6,48.4,48.5,48.9,45.8,45.1
107.4,6.3,8.2,13.0,17.0,21.1,21.6,20.1,17.0,4.1,0.0,0.0,0.0,26.4,29.7,32.2,32.2,30.2,28.3,24.8,21.6,14.8,14.3,16.8,15.8,14.8,15.3,16.3,17.0,17.5,16.0,5.0,2.2,8.9,22.5,24.1,25.6,25.5,22.1,20.6,19.7,19.4,18.4,59.2,52.4,49.4,50.1,48.8,50.2,49.2,45.3,44.4
137.2,5.4,7.8,12.2,16.1,18.4,19.8,18.4,14.9,3.2,0.0,0.0,0.0,24.0,27.2,29.4,29.1,28.0,26.0,22.4,18.0,13.9,16.8,15.3,13.6,12.2,14.9,15.6,16.2,14.1,16.1,6.4,2.0,8.5,21.6,23.0,22.8,21.0,19.6,19.2,19.8,18.4,17.0,52.3,46.9,46.5,45.6,45.0,45.4,43.4,42.4,40.7
134.4,5.7,7.3,11.2,15.3,18.4,19.4,18.0,14.3,2.8,0.0,0.0,0.0,24.2,26.9,28.8,28.7,28.6,26.0,22.8,18.1,14.0,13.9,13.6,13.3,12.6,16.0,14.0,14.8,18.4,12.2,5.1,2.2,7.6,19.7,22.0,23.4,20.8,19.8,18.8,17.5,18.0,15.0,53.9,46.3,44.0,44.3,45.3,43.6,45.7,39.5,40.5
122.1,5.7,9.1,14.6,19.0,22.6,23.1,21.2,17.5,3.6,0.0,0.0,0.0,25.0,27.6,31.1,30.4,29.8,26.6,24.2,19.6,14.1,17.7,15.1,14.1,16.1,17.1,16.2,16.6,17.7,18.4,8.1,1.0,10.3,23.3,23.5,23.7,23.3,24.2,21.6,19.0,18.0,18.2,57.7,53.0,52.3,49.0,48.4,49.8,50.1,47.1,45.0
107.4,6.1,7.8,12.2,16.1,19.2,19.8,18.9,15.8,4.1,0.0,0.0,0.0,24.2,27.0,29.0,29.0,28.1,25.5,23.4,18.8,14.4,14.6,14.9,13.9,13.6,14.2,14.9,16.6,16.1,15.3,5.8,2.2,7.3,20.6,21.9,22.8,22.0,20.4,18.4,18.9,17.0,16.4,53.3,47.4,46.1,44.3,45.2,45.9,43.4,41.8,39.8
137.2,6.1,8.9,12.6,16.8,19.7,21.1,19.1,15.8,4.1,0.0,0.0,0.0,23.1,25.5,27.3,28.4,26.9,24.7,22.0,17.8,13.5,15.6,13.6,13.9,13.9,13.6,15.3,17.0,15.5,16.4,6.0,2.0,8.2,21.0,20.2,22.4,22.0,19.8,18.0,18.8,18.4,17.3,52.4,48.1,46.2,41.8,46.2,45.3,43.0,41.2,40.0
134.4,7.1,9.2,14.2,18.6,21.9,23.4,20.6,16.5,4.0,0.0,0.0,0.0,25.0,28.1,31.1,31.1,30.0,27.1,24.7,20.6,15.3,14.0,16.0,15.0,15.1,15.5,15.2,16.3,18.0,16.5,5.7,1.4,9.2,22.2,22.4,24.8,25.1,23.3,21.0,19.2,19.0,18.8,59.0,53.2,48.8,48.8,49.2,50.4,49.2,45.7,43.9
122.1,5.4,7.2,12.0,16.3,19.2,19.7,17.7,14.0,2.0,0.0,0.0,0.0,22.4,25.0,27.9,28.2,26.7,24.3,22.0,18.2,13.0,15.7,13.0,11.7,13.0,14.9,14.4,15.2,14.3,16.1,6.7,1.0,8.5,20.8,21.1,20.9,21.0,20.6,19.7,18.4,15.6,15.6,51.9,47.5,47.4,45.1,44.0,44.1,43.9,42.5,40.9
107.4,7.3,9.5,14.1,18.2,21.6,22.5,21.1,17.0,4.5,0.0,0.0,0.0,25.6,28.3,30.5,31.8,29.7,27.0,24.8,20.8,15.7,18.6,14.2,14.1,14.9,15.3,15.8,16.3,17.1,18.9,8.2,1.4,9.1,23.4,22.8,23.8,23.1,23.4,21.3,19.8,17.8,17.0,58.0,53.3,52.6,47.0,49.8,51.0,47.4,47.9,43.0
137.2,5.4,8.2,12.0,16.0,19.2,19.9,18.4,14.1,2.8,0.0,0.0,0.0,21.6,24.6,26.4,26.8,26.4,23.6,21.2,17.8,13.4,15.0,13.0,12.0,13.0,14.3,13.4,14.2,14.9,15.2,6.7,1.0,9.2,21.2,20.6,20.5,21.1,20.6,19.0,17.3,15.5,16.2,51.2,46.8,46.9,43.9,43.6,44.0,44.0,41.4,39.8
134.4,6.4,9.1,14.9,19.3,22.1,23.3,21.1,16.8,3.6,0.0,0.0,0.0,25.0,28.3,30.4,31.8,29.8,26.4,25.1,19.6,15.0,16.1,13.4,12.4,14.8,15.2,17.7,17.0,17.1,18.4,8.1,1.0,10.3,23.2,22.2,23.7,22.7,24.2,21.2,20.6,19.4,18.1,55.6,54.7,53.9,44.4,50.9,49.8,50.8,44.9,45.1
122.1,9.1,11.3,17.0,22.0,27.5,28.3,26.4,21.2,5.0,0.0,0.0,0.0,33.5,37.1,41.0,40.0,39.3,36.1,32.3,26.4,20.0,9.0,10.0,9.2,8.5,9.5,11.2,11.3,11.2,10.2,3.6,1.4,5.4,13.9,15.0,16.1,15.3,14.0,13.2,12.6,12.5,11.4,37.3,33.3,31.8,31.6,32.3,32.2,31.6,29.1,28.3
107.4,6.0,7.2,11.7,15.5,19.3,20.6,18.4,15.3,4.0,0.0,0.0,0.0,24.2,27.2,28.9,29.1,27.9,25.9,23.6,19.8,15.0,14.3,15.8,14.6,12.2,13.3,15.0,15.8,14.4,15.6,6.0,2.2,7.8,20.0,21.2,22.8,22.5,19.0,18.4,18.0,16.1,15.5,52.9,47.4,46.5,45.2,45.3,45.5,44.6,42.0,41.8
137.2,7.0,8.6,13.6,17.7,21.2,22.8,20.5,17.2,4.1,0.0,0.0,0.0,26.6,29.8,31.6,32.0,30.7,28.6,26.1,20.6,15.6,15.8,17.0,14.9,14.2,16.4,17.5,18.0,17.1,16.2,5.4,2.2,9.0,22.8,24.0,24.0,23.4,21.6,21.3,21.4,19.2,18.4,58.7,51.6,50.0,51.0,49.5,49.2,50.2,47.0,46.7
134.4,6.3,8.2,13.0,17.0,20.1,20.4,19.3,15.6,3.6,0.0,0.0,0.0,22.2,25.6,28.3,28.7,26.9,24.8,22.0,18.0,14.3,14.1,17.1,15.3,14.3,12.5,14.9,15.0,13.4,18.2,5.8,1.4,8.2,21.6,20.6,22.5,21.1,20.4,18.4,17.0,13.6,19.2,53.4,48.6,45.3,44.8,42.4,45.0,45.1,40.8,39.1
122.1,5.1,7.6,12.4,16.5,19.0,20.1,17.8,14.4,3.2,0.0,0.0,0.0,21.6,25.3,27.2,27.2,26.5,24.4,22.4,17.2,13.5,15.6,13.6,13.6,14.8,13.9,14.1,16.0,15.0,17.5,7.1,1.0,8.5,20.9,20.0,19.6,20.2,20.5,18.4,17.5,16.6,17.5,50.0,47.5,47.0,41.8,44.6,45.0,43.6,42.4,39.0
107.4,5.0,7.3,12.1,16.2,19.0,19.4,18.0,13.9,2.8,0.0,0.0,0.0,23.0,26.2,27.7,29.0,27.0,24.7,22.5,17.7,13.2,13.5,15.3,12.8,12.2,15.7,15.3,15.1,14.6,15.3,5.0,1.4,9.1,21.6,21.4,21.2,20.6,20.6,20.6,17.9,15.5,17.1,53.3,46.3,45.1,45.9,42.9,43.4,45.5,41.0,41.1
137.2,6.1,9.2,14.2,19.2,21.9,23.4,20.6,17.5,4.0,0.0,0.0,0.0,25.0,28.4,30.4,31.6,29.3,27.0,24.5,19.9,14.3,15.0,15.8,15.3,15.2,15.8,16.3,17.0,19.3,16.4,6.1,2.0,8.9,22.5,23.1,24.5,24.7,22.7,21.1,18.8,20.6,19.1,59.6,52.5,50.1,50.4,49.2,50.2,49.6,45.9,45.3
134.4,4.2,7.3,11.7,15.7,18.0,19.4,17.0,13.6,2.2,0.0,0.0,0.0,22.4,24.7,26.6,27.5,26.4,24.2,21.8,17.3,13.0,15.6,13.4,12.1,12.1,14.6,15.0,14.6,13.4,15.6,6.0,1.4,8.0,21.1,20.2,20.4,19.7,20.6,19.4,18.4,15.5,15.3,49.9,44.6,45.1,43.7,42.4,42.5,42.5,41.1,39.8
122.1,7.1,8.5,13.4,17.0,20.2,21.3,19.2,16.2,4.0,0.0,0.0,0.0,25.5,28.2,31.1,31.1,29.4,27.9,25.1,20.6,15.0,13.3,16.5,16.5,13.4,14.3,15.6,16.6,15.5,16.0,4.5,2.2,8.1,21.2,22.0,23.3,24.5,21.1,20.2,19.3,18.0,19.1,57.7,49.6,47.0,48.3,47.1,48.0,47.9,43.2,43.3
107.4,6.3,8.5,13.2,18.4,20.6,22.5,20.2,17.0,4.1,0.0,0.0,0.0,24.6,26.9,30.1,30.7,29.2,26.1,24.1,19.8,14.4,13.9,15.3,15.0,14.1,14.1,15.6,17.1,17.0,16.3,5.4,2.0,9.0,21.2,22.8,24.3,23.3,21.5,19.4,18.4,19.2,18.4,57.5,49.7,48.1,47.9,47.2,47.4,47.8,44.4,42.7
137.2,6.4,10.0,14.6,19.0,22.6,23.1,21.1,17.1,3.6,0.0,0.0,0.0,24.4,28.3,30.4,31.8,29.2,27.5,25.1,20.9,15.1,17.7,14.9,14.2,15.0,14.9,15.5,17.0,17.1,19.2,8.1,1.0,10.2,24.2,23.2,24.3,23.3,22.7,20.2,20.1,17.9,19.0,57.3,52.8,53.3,48.3,50.3,51.0,48.3,47.5,45.0
134.4,6.7,8.1,12.7,17.0,20.5,21.6,19.7,16.0,3.2,0.0,0.0,0.0,26.1,28.4,31.6,31.6,30.3,28.0,25.2,20.6,15.2,16.2,15.3,13.5,13.6,17.0,17.2,17.5,18.0,15.3,7.2,2.0,8.2,23.6,23.3,24.5,22.1,20.9,21.1,20.5,17.8,15.8,57.8,51.0,49.7,49.6,49.3,48.7,48.6,45.8,44.6
107.4,7.2,8.1,13.5,17.7,22.0,23.9,21.5,17.0,3.2,0.0,0.0,0.0,27.5,31.3,33.8,33.8,33.0,30.1,27.0,22.4,16.8,16.6,16.6,15.0,13.6,16.4,17.8,18.4,17.3,17.0,7.8,2.0,9.1,25.5,26.0,26.2,25.5,23.3,22.2,21.2,19.4,18.0,61.4,55.2,54.1,53.4,53.0,52.9,50.8,49.6,48.8
137.2,6.1,8.6,13.4,17.5,21.1,22.0,19.8,16.2,3.0,0.0,0.0,0.0,25.0,28.1,30.1,31.3,29.1,27.2,24.0,20.6,14.8,15.3,15.1,14.3,15.1,16.0,16.1,15.2,17.2,17.0,7.3,1.0,10.6,23.3,22.5,22.6,23.3,22.8,21.0,18.2,17.3,18.4,57.1,51.4,51.0,48.6,46.8,49.2,49.8,46.4,44.8
134.4,8.2,9.9,16.1,21.5,26.1,28.4,25.6,20.2,5.0,0.0,0.0,0.0,31.8,36.2,39.1,39.2,37.5,35.2,31.8,26.4,20.6,9.0,10.0,9.2,8.5,9.5,10.3,11.3,11.2,10.0,3.6,1.4,4.5,13.6,15.0,15.8,15.3,13.0,12.2,11.7,11.7,10.6,35.5,31.6,30.4,30.2,30.7,31.0,30.1,28.3,27.7
137.2,6.4,8.1,12.7,17.7,20.0,22.0,19.9,16.0,3.6,0.0,0.0,0.0,25.7,28.8,32.0,32.3,30.4,28.4,25.0,21.1,15.3,16.6,15.8,14.2,14.2,15.6,17.5,17.5,17.0,16.8,6.7,2.0,9.2,23.4,24.6,24.2,23.3,21.5,20.8,19.8,18.6,17.5,56.9,51.1,50.0,49.3,49.5,48.8,48.3,46.3,45.1
134.4,6.3,7.8,12.1,16.6,21.1,22.0,19.8,15.2,3.0,0.0,0.0,0.0,26.1,29.0,31.0,31.0,30.0,27.3,25.0,21.0,15.3,16.0,15.1,14.3,14.1,16.5,17.5,17.7,17.0,17.7,7.2,2.0,8.6,23.1,24.1,23.9,22.8,22.0,21.4,20.2,18.4,16.6,56.6,50.2,50.2,49.1,49.0,48.3,47.9,46.5,44.6
122.1,6.1,8.5,13.6,17.2,19.8,20.5,18.9,14.9,4.0,0.0,0.0,0.0,22.0,25.1,27.1,27.1,26.0,24.2,21.8,18.8,14.4,13.9,12.6,13.0,13.0,13.6,13.5,14.2,16.2,16.0,6.4,1.4,8.1,20.5,19.7,20.9,22.0,21.2,18.0,16.4,16.3,15.6,52.2,47.4,46.3,43.1,44.7,45.1,44.0,42.6,39.7
107.4,9.5,10.6,17.2,22.0,27.0,28.3,26.1,21.4,5.1,0.0,0.0,0.0,33.1,36.0,39.0,40.0,38.0,35.4,31.6,27.3,19.7,9.2,8.2,9.2,9.0,8.0,10.0,11.4,10.8,11.7,4.5,1.0,5.7,14.0,14.6,15.3,15.6,14.6,12.2,12.0,12.0,12.4,36.7,33.5,31.4,30.2,31.1,31.8,30.6,29.3,27.7
137.2,6.1,8.5,13.0,17.5,20.0,21.2,19.4,16.2,4.0,0.0,0.0,0.0,22.2,25.0,27.0,28.0,27.1,24.5,22.5,19.2,13.6,13.0,12.2,13.2,13.6,13.4,13.0,15.6,16.4,15.8,6.4,1.4,8.5,20.6,19.8,22.0,20.6,20.1,16.8,16.6,17.9,17.5,52.3,48.3,46.0,43.0,45.2,45.4,45.7,41.6,39.7
134.4,5.4,8.2,14.0,18.0,21.1,21.8,20.1,16.3,2.8,0.0,0.0,0.0,23.3,26.4,29.2,30.1,28.2,25.8,22.7,19.8,13.9,15.5,15.2,13.6,13.9,16.1,16.3,15.3,16.2,17.0,6.4,1.0,9.8,22.5,22.8,22.5,22.1,21.4,20.6,18.0,16.4,17.7,54.7,50.2,49.6,48.5,46.5,47.2,48.8,45.3,43.9
122.1,5.8,8.1,12.2,16.3,19.1,20.0,18.4,14.8,3.6,0.0,0.0,0.0,22.0,24.8,26.9,27.6,25.5,23.6,21.5,18.4,14.3,15.3,11.4,12.6,13.4,13.5,14.2,14.9,15.2,16.0,7.2,1.4,8.2,20.2,19.8,20.1,20.2,19.2,17.0,15.7,17.0,14.9,48.5,44.8,44.4,41.2,41.8,44.1,40.2,42.0,36.7
107.4,6.7,8.1,13.5,17.0,20.5,22.2,19.7,16.1,4.1,0.0,0.0,0.0,25.2,27.7,30.1,31.0,29.4,27.1,24.1,20.4,15.2,14.3,14.8,15.3,14.2,14.2,16.3,17.9,17.3,16.1,5.8,2.2,8.0,21.2,22.4,23.2,23.3,21.0,19.4,18.4,18.4,16.6,55.5,50.8,47.9,46.6,48.0,48.3,47.5,43.9,43.4
137.2,5.4,7.0,12.0,15.0,18.0,19.1,16.8,14.2,2.2,0.0,0.0,0.0,22.7,25.8,28.0,28.8,27.2,24.8,22.0,18.9,13.0,14.1,14.6,12.6,11.7,13.9,15.6,15.0,14.3,15.1,5.7,2.0,8.1,21.0,21.2,21.9,20.2,19.1,18.7,17.9,15.8,15.6,51.7,46.2,45.5,46.1,43.9,44.0,43.0,42.2,41.6
134.4,5.1,8.2,13.0,17.0,20.1,20.6,19.7,14.9,2.8,0.0,0.0,0.0,22.5,24.6,26.8,26.8,26.4,24.4,21.2,17.8,13.9,13.2,13.0,12.4,13.2,15.0,14.6,14.4,16.3,15.7,5.8,1.4,9.2,21.0,21.0,20.6,20.8,20.9,19.0,16.1,15.3,16.5,51.6,47.1,46.1,44.6,43.8,44.0,46.0,41.1,40.2
122.1,6.4,7.3,13.0,17.2,20.6,22.5,20.1,16.0,3.6,0.0,0.0,0.0,26.4,29.2,31.6,31.4,30.9,27.9,25.7,21.1,16.0,13.6,16.1,14.3,13.3,17.0,16.1,16.6,18.4,16.3,6.3,2.0,9.9,23.2,23.7,23.3,22.8,21.6,21.1,19.2,16.8,17.7,56.9,51.0,49.7,50.8,48.4,47.0,50.4,44.7,46.1
107.4,6.7,8.1,13.5,17.7,21.9,23.0,20.6,17.1,4.1,0.0,0.0,0.0,25.1,28.4,30.8,30.6,30.3,28.0,25.2,21.6,16.2,15.8,14.3,14.4,15.0,14.1,16.3,18.8,18.1,17.5,7.2,2.2,8.0,21.9,22.8,23.5,23.3,21.0,18.6,19.1,19.1,17.0,55.9,51.6,49.8,48.1,49.0,50.3,47.4,46.2,43.3
137.2,5.1,7.8,13.9,17.9,21.1,22.0,20.6,16.6,3.2,0.0,0.0,0.0,25.0,27.2,30.4,30.1,29.0,26.0,24.5,19.3,13.9,12.5,15.7,15.0,13.9,15.7,15.1,17.0,18.2,17.5,5.4,1.0,10.3,21.4,22.2,21.5,24.2,21.5,21.0,18.0,19.4,21.1,56.1,50.0,48.3,49.0,44.8,46.7,48.8,45.7,43.2
134.4,7.1,9.2,14.4,18.8,22.2,23.3,21.6,17.0,4.1,0.0,0.0,0.0,25.0,27.2,30.4,29.0,31.1,27.2,24.5,19.7,16.4,16.4,13.6,14.4,15.6,14.9,15.8,17.5,17.7,19.4,7.6,1.0,10.2,23.3,22.4,22.0,24.4,22.8,20.5,19.2,18.4,18.8,56.4,52.8,52.2,49.3,48.3,50.0,47.4,48.4,44.0
107.4,7.6,8.6,13.6,17.2,22.0,22.7,21.1,16.5,4.1,0.0,0.0,0.0,26.2,29.0,32.0,32.0,31.0,28.3,26.0,21.9,16.1,15.3,15.5,15.2,13.9,15.3,17.0,18.9,17.5,17.0,6.4,2.2,8.5,22.0,23.4,24.7,24.0,21.6,20.6,19.2,19.2,17.7,58.5,52.3,50.8,49.4,50.4,50.6,49.2,46.7,45.2
137.2,6.4,9.1,14.6,18.7,22.2,23.0,21.2,16.6,3.6,0.0,0.0,0.0,24.4,27.7,30.5,30.5,29.2,26.6,24.2,20.9,15.1,16.0,14.1,12.2,14.0,16.8,16.1,16.3,17.8,17.5,8.1,1.0,9.2,23.5,22.2,22.8,21.5,22.6,21.4,18.4,17.5,15.2,58.0,51.0,51.4,48.0,49.2,48.5,46.3,47.9,44.7
134.4,7.1,6.7,12.2,15.3,18.4,20.2,18.0,14.2,3.2,0.0,0.0,0.0,23.0,25.9,27.7,28.6,27.8,25.8,22.6,19.2,14.4,13.0,13.3,13.2,12.0,14.0,15.1,16.6,14.9,14.4,6.1,2.2,7.8,20.0,21.2,22.8,20.2,19.3,17.3,17.0,16.3,14.6,52.2,46.1,44.8,44.4,45.3,44.8,43.4,41.6,40.7
122.1,5.1,7.1,11.0,15.1,19.0,19.1,17.7,14.4,2.2,0.0,0.0,0.0,22.7,25.8,27.5,28.0,27.0,24.8,22.2,18.9,13.9,14.4,13.0,11.7,13.0,13.9,15.3,15.0,15.0,17.0,6.0,1.4,9.5,20.9,21.1,19.3,20.0,18.6,19.2,17.7,16.8,16.1,50.8,45.4,46.2,44.9,44.3,43.8,41.7,43.0,41.1
107.4,7.6,10.0,16.4,22.0,26.2,27.7,24.7,20.4,4.0,0.0,0.0,0.0,31.1,34.4,37.5,38.6,36.2,33.0,30.4,25.0,18.8,10.3,8.6,8.1,8.9,10.6,10.0,9.8,10.4,11.0,5.0,1.0,6.1,14.9,14.6,14.0,13.3,13.4,13.5,12.0,10.6,10.8,35.0,32.2,32.7,31.4,30.0,30.1,30.0,30.5,27.9
137.2,5.8,8.5,13.0,16.6,19.2,20.6,18.4,15.0,3.2,0.0,0.0,0.0,21.5,24.6,25.9,27.3,25.1,23.1,21.2,18.0,13.2,12.2,13.0,13.0,12.8,13.5,13.9,14.9,16.1,16.8,6.3,1.0,9.0,20.6,19.3,20.1,21.4,20.6,18.4,15.6,15.8,16.1,51.0,45.7,44.0,42.2,42.3,44.4,42.6,42.2,38.8
134.4,7.3,7.8,12.5,16.6,20.6,21.4,19.8,16.6,4.0,0.0,0.0,0.0,25.7,28.3,30.1,31.3,29.6,27.9,25.1,21.1,16.4,14.0,15.3,14.6,14.3,14.3,16.4,18.6,17.1,17.0,5.7,2.2,7.6,21.0,22.7,23.7,23.2,20.2,18.7,18.4,17.5,17.0,56.0,50.3,48.4,47.4,48.1,49.2,47.5,45.5,43.6
137.2,5.4,7.1,11.2,15.7,18.9,20.6,17.8,14.3,3.0,0.0,0.0,0.0,23.2,26.0,28.0,29.0,28.2,25.5,23.4,18.8,14.4,15.0,13.0,12.2,12.0,14.3,15.7,15.6,15.3,15.8,7.6,2.0,7.8,21.8,22.0,21.6,19.9,19.2,19.2,18.0,16.1,13.0,51.2,46.1,46.9,45.0,45.2,44.6,42.3,43.0,41.0
134.4,7.0,8.1,13.3,17.5,20.9,21.9,20.8,16.4,4.1,0.0,0.0,0.0,25.9,29.2,30.7,31.6,30.5,27.8,25.6,21.2,16.4,15.8,14.1,13.0,13.2,15.0,17.1,19.2,17.0,16.6,8.1,2.2,7.8,21.0,23.1,24.1,22.5,21.2,19.2,21.0,19.2,14.8,52.6,51.7,51.6,46.2,49.7,50.0,47.0,45.9,44.1
122.1,7.2,7.6,12.0,15.6,19.2,20.2,18.0,15.0,3.2,0.0,0.0,0.0,23.0,26.1,28.3,28.2,28.0,25.0,23.3,19.9,15.7,10.4,13.6,13.6,12.1,13.9,14.4,15.3,16.5,13.0,3.6,2.2,8.1,18.9,20.6,21.5,22.0,18.7,17.5,16.1,16.3,15.6,53.8,46.7,43.0,45.7,43.3,44.2,46.1,41.0,40.8
